Mono path[0] = 'C:/Users/choco/Documents/Codex/2026-09-13/new-chat-2/work/mapgenai-headless-runtime/RimWorldWin64_Data/Managed'
Mono config path = 'C:/Users/choco/Documents/Codex/2026-09-13/new-chat-2/work/mapgenai-headless-runtime/MonoBleedingEdge/etc'
[PhysX] Initialized MultithreadedTaskDispatcher with 16 workers.
Initialize engine version: 2022.3.35f1 (011206c7a712)
[Subsystems] Discovering subsystems at path C:/Users/choco/Documents/Codex/2026-09-13/new-chat-2/work/mapgenai-headless-runtime/RimWorldWin64_Data/UnitySubsystems
Forcing GfxDevice: Null
GfxDevice: creating device client; threaded=0; jobified=0
NullGfxDevice:
    Version:  NULL 1.0 [1.0]
    Renderer: Null Device
    Vendor:   Unity Technologies
Begin MonoManager ReloadAssembly
- Loaded All Assemblies, in  0.106 seconds
- Finished resetting the current domain, in  0.001 seconds
ERROR: Shader Sprites/Default shader is not supported on this GPU (none of subshaders/fallbacks are suitable)
Microsoft Media Foundation video decoding to texture disabled: graphics device is Null, only Direct3D 11 and Direct3D 12 (only on desktop) are supported for hardware-accelerated video decoding.
ERROR: Shader Sprites/Mask shader is not supported on this GPU (none of subshaders/fallbacks are suitable)
[PhysX] Initialized MultithreadedTaskDispatcher with 16 workers.
UnloadTime: 0.505700 ms
Command line arguments: -mapgenAIProbeSet=open_basin -mapgenAIProbeLayout=classic -batchmode -nographics -savedatafolder=C:\Users\choco\Documents\Codex\2026-09-13\new-chat-2\work\mapgenai-headless-runtime\natural-profile-n2704 -mapgenAIProbe=F:\Projects\Rimworld\active\mapgen_ai\docs\analysis\2026-09-26-landscape-relations\native-n2704 -logFile F:\Projects\Rimworld\active\mapgen_ai\docs\analysis\2026-09-26-landscape-relations\native-n2704\Player.log -mapgenAIProbeStates=F:\Projects\Rimworld\active\mapgen_ai\docs\analysis\2026-09-26-landscape-relations\native-replay-states -mapgenAIProbeFullState=F:\Projects\Rimworld\active\mapgen_ai\docs\analysis\2026-09-26-landscape-relations\provider-diversity\diversity-03-guided-option-3-state.json
RimWorld 1.6.4871 rev591
Save data folder overridden to C:\Users\choco\Documents\Codex\2026-09-13\new-chat-2\work\mapgenai-headless-runtime\natural-profile-n2704
ERROR: Shader Custom/Cutout shader is not supported on this GPU (none of subshaders/fallbacks are suitable)
ERROR: Shader Custom/CutoutHair shader is not supported on this GPU (none of subshaders/fallbacks are suitable)
ERROR: Shader Custom/Plant cutout shader is not supported on this GPU (none of subshaders/fallbacks are suitable)
ERROR: Shader Custom/CutoutComplex shader is not supported on this GPU (none of subshaders/fallbacks are suitable)
ERROR: Shader Custom/CutoutComplexUI shader is not supported on this GPU (none of subshaders/fallbacks are suitable)
ERROR: Shader Custom/ExpandingIconUI shader is not supported on this GPU (none of subshaders/fallbacks are suitable)
ERROR: Shader Custom/CutoutComplexBlend shader is not supported on this GPU (none of subshaders/fallbacks are suitable)
ERROR: Shader Custom/CutoutSkinOverlay shader is not supported on this GPU (none of subshaders/fallbacks are suitable)
ERROR: Shader Custom/CutoutRecolor shader is not supported on this GPU (none of subshaders/fallbacks are suitable)
ERROR: Shader Custom/Wound shader is not supported on this GPU (none of subshaders/fallbacks are suitable)
ERROR: Shader Custom/WoundSkin shader is not supported on this GPU (none of subshaders/fallbacks are suitable)
ERROR: Shader Custom/CutoutSkinOverride shader is not supported on this GPU (none of subshaders/fallbacks are suitable)
ERROR: Shader Custom/CutoutFlying shader is not supported on this GPU (none of subshaders/fallbacks are suitable)
ERROR: Shader Custom/CutoutFlying01 shader is not supported on this GPU (none of subshaders/fallbacks are suitable)
ERROR: Shader Custom/FirefoamOverlay shader is not supported on this GPU (none of subshaders/fallbacks are suitable)
ERROR: Shader Custom/CutoutOverlay shader is not supported on this GPU (none of subshaders/fallbacks are suitable)
ERROR: Shader Custom/CutoutOverlay shader is not supported on this GPU (none of subshaders/fallbacks are suitable)
ERROR: Shader Custom/TerrainEdge shader is not supported on this GPU (none of subshaders/fallbacks are suitable)
ERROR: Shader Custom/Transparent shader is not supported on this GPU (none of subshaders/fallbacks are suitable)
ERROR: Shader Custom/Transparent post light shader is not supported on this GPU (none of subshaders/fallbacks are suitable)
ERROR: Shader Custom/Plant transparent shader is not supported on this GPU (none of subshaders/fallbacks are suitable)
ERROR: Shader Custom/Mote shader is not supported on this GPU (none of subshaders/fallbacks are suitable)
ERROR: Shader Custom/Mote Pulse shader is not supported on this GPU (none of subshaders/fallbacks are suitable)
ERROR: Shader Custom/Mote glow shader is not supported on this GPU (none of subshaders/fallbacks are suitable)
ERROR: Shader Custom/Mote glow pulse shader is not supported on this GPU (none of subshaders/fallbacks are suitable)
ERROR: Shader Custom/WaterDepth shader is not supported on this GPU (none of subshaders/fallbacks are suitable)
ERROR: Shader Custom/Mote glow distorted shader is not supported on this GPU (none of subshaders/fallbacks are suitable)
ERROR: Shader Custom/Mote glow distort background shader is not supported on this GPU (none of subshaders/fallbacks are suitable)
ERROR: Shader Custom/Mote proximity scanner radius shader is not supported on this GPU (none of subshaders/fallbacks are suitable)
ERROR: Shader Custom/Gas rotating shader is not supported on this GPU (none of subshaders/fallbacks are suitable)
ERROR: Shader Custom/Terrain hard shader is not supported on this GPU (none of subshaders/fallbacks are suitable)
ERROR: Shader Custom/Terrain fade shader is not supported on this GPU (none of subshaders/fallbacks are suitable)
ERROR: Shader Custom/Terrain fade rough shader is not supported on this GPU (none of subshaders/fallbacks are suitable)
ERROR: Shader Custom/Terrain water shader is not supported on this GPU (none of subshaders/fallbacks are suitable)
ERROR: Shader Custom/Terrain hard Linear burn shader is not supported on this GPU (none of subshaders/fallbacks are suitable)
ERROR: Shader Custom/Terrain fade Linear burn shader is not supported on this GPU (none of subshaders/fallbacks are suitable)
ERROR: Shader Custom/Terrain fade rough Linear burn shader is not supported on this GPU (none of subshaders/fallbacks are suitable)
ERROR: Shader Custom/Pollution Cloud shader is not supported on this GPU (none of subshaders/fallbacks are suitable)
ERROR: Shader Custom/MapEdgeTerrain shader is not supported on this GPU (none of subshaders/fallbacks are suitable)
ERROR: Shader Unlit/Texture shader is not supported on this GPU (none of subshaders/fallbacks are suitable)
WARNING: Shader Unsupported: 'Custom/WorldTerrain' - All subshaders removed
WARNING: Shader Did you use #pragma only_renderers and omit this platform?
WARNING: Shader If subshaders removal was intentional, you may have forgotten turning Fallback off?
ERROR: Shader Custom/WorldTerrain shader is not supported on this GPU (none of subshaders/fallbacks are suitable)
WARNING: Shader Unsupported: 'Custom/WorldTerrain' - All subshaders removed
WARNING: Shader Did you use #pragma only_renderers and omit this platform?
WARNING: Shader If subshaders removal was intentional, you may have forgotten turning Fallback off?
WARNING: Shader Unsupported: 'Custom/WorldOcean' - All subshaders removed
WARNING: Shader Did you use #pragma only_renderers and omit this platform?
WARNING: Shader If subshaders removal was intentional, you may have forgotten turning Fallback off?
ERROR: Shader Custom/WorldOcean shader is not supported on this GPU (none of subshaders/fallbacks are suitable)
WARNING: Shader Unsupported: 'Custom/WorldOcean' - All subshaders removed
WARNING: Shader Did you use #pragma only_renderers and omit this platform?
WARNING: Shader If subshaders removal was intentional, you may have forgotten turning Fallback off?
ERROR: Shader Custom/WorldOverlayCutout shader is not supported on this GPU (none of subshaders/fallbacks are suitable)
ERROR: Shader Custom/WorldOverlayTransparent shader is not supported on this GPU (none of subshaders/fallbacks are suitable)
WARNING: Shader Unsupported: 'Custom/WorldOverlayTransparentLit' - All subshaders removed
WARNING: Shader Did you use #pragma only_renderers and omit this platform?
WARNING: Shader If subshaders removal was intentional, you may have forgotten turning Fallback off?
ERROR: Shader Custom/WorldOverlayTransparentLit shader is not supported on this GPU (none of subshaders/fallbacks are suitable)
WARNING: Shader Unsupported: 'Custom/WorldOverlayTransparentLit' - All subshaders removed
WARNING: Shader Did you use #pragma only_renderers and omit this platform?
WARNING: Shader If subshaders removal was intentional, you may have forgotten turning Fallback off?
WARNING: Shader Unsupported: 'Custom/WorldOverlayTransparentLitPollution' - All subshaders removed
WARNING: Shader Did you use #pragma only_renderers and omit this platform?
WARNING: Shader If subshaders removal was intentional, you may have forgotten turning Fallback off?
ERROR: Shader Custom/WorldOverlayTransparentLitPollution shader is not supported on this GPU (none of subshaders/fallbacks are suitable)
WARNING: Shader Unsupported: 'Custom/WorldOverlayTransparentLitPollution' - All subshaders removed
WARNING: Shader Did you use #pragma only_renderers and omit this platform?
WARNING: Shader If subshaders removal was intentional, you may have forgotten turning Fallback off?
ERROR: Shader Custom/WorldOverlayAdditive shader is not supported on this GPU (none of subshaders/fallbacks are suitable)
ERROR: Shader Custom/WorldOverlayAdditiveTwoSided shader is not supported on this GPU (none of subshaders/fallbacks are suitable)
ERROR: Shader Custom/PlanetGlow shader is not supported on this GPU (none of subshaders/fallbacks are suitable)
WARNING: Shader Unsupported: 'Custom/Clouds' - All subshaders removed
WARNING: Shader Did you use #pragma only_renderers and omit this platform?
WARNING: Shader If subshaders removal was intentional, you may have forgotten turning Fallback off?
ERROR: Shader Custom/Clouds shader is not supported on this GPU (none of subshaders/fallbacks are suitable)
WARNING: Shader Unsupported: 'Custom/Clouds' - All subshaders removed
WARNING: Shader Did you use #pragma only_renderers and omit this platform?
WARNING: Shader If subshaders removal was intentional, you may have forgotten turning Fallback off?
ERROR: Shader Custom/MetaOverlay shader is not supported on this GPU (none of subshaders/fallbacks are suitable)
ERROR: Shader Unlit/MetaOverlayDesaturated shader is not supported on this GPU (none of subshaders/fallbacks are suitable)
ERROR: Shader Custom/Solid Color shader is not supported on this GPU (none of subshaders/fallbacks are suitable)
ERROR: Shader Custom/Solid Color Behind shader is not supported on this GPU (none of subshaders/fallbacks are suitable)
ERROR: Shader Custom/Vertex Color shader is not supported on this GPU (none of subshaders/fallbacks are suitable)
ERROR: Shader Custom/RitualStencil shader is not supported on this GPU (none of subshaders/fallbacks are suitable)
ERROR: Shader Custom/Invisible shader is not supported on this GPU (none of subshaders/fallbacks are suitable)
ERROR: Shader Custom/Silhouette shader is not supported on this GPU (none of subshaders/fallbacks are suitable)
ERROR: Shader Custom/Metalblood shader is not supported on this GPU (none of subshaders/fallbacks are suitable)
ERROR: Shader Custom/CaveExitRope shader is not supported on this GPU (none of subshaders/fallbacks are suitable)
ERROR: Shader Custom/BioferriteHarvester shader is not supported on this GPU (none of subshaders/fallbacks are suitable)
ERROR: Shader Custom/Gravship mask (texture masked) shader is not supported on this GPU (none of subshaders/fallbacks are suitable)
ERROR: Shader Custom/Indoor mask (texture masked) shader is not supported on this GPU (none of subshaders/fallbacks are suitable)
ERROR: Shader Custom/Indoor mask shader is not supported on this GPU (none of subshaders/fallbacks are suitable)
ERROR: Shader Custom/Gravship mask shader is not supported on this GPU (none of subshaders/fallbacks are suitable)
ERROR: Shader Custom/Vacuum overlay indoors shader is not supported on this GPU (none of subshaders/fallbacks are suitable)
ERROR: Shader Custom/Vacuum overlay particles shader is not supported on this GPU (none of subshaders/fallbacks are suitable)
ERROR: Shader Custom/Light overlay shader is not supported on this GPU (none of subshaders/fallbacks are suitable)
ERROR: Shader Custom/Sun shadow shader is not supported on this GPU (none of subshaders/fallbacks are suitable)
ERROR: Shader Custom/Sun shadow fade shader is not supported on this GPU (none of subshaders/fallbacks are suitable)
ERROR: Shader Custom/Edge shadow shader is not supported on this GPU (none of subshaders/fallbacks are suitable)
ERROR: Shader Custom/Shadow mask shader is not supported on this GPU (none of subshaders/fallbacks are suitable)
ERROR: Shader Custom/Roofed outdoor mask shader is not supported on this GPU (none of subshaders/fallbacks are suitable)
ERROR: Shader Custom/Fog of war shader is not supported on this GPU (none of subshaders/fallbacks are suitable)
ERROR: Shader Custom/Darkness shader is not supported on this GPU (none of subshaders/fallbacks are suitable)
ERROR: Shader Custom/Snow shader is not supported on this GPU (none of subshaders/fallbacks are suitable)
ERROR: Shader Custom/Bioluminescent spore overlay shader is not supported on this GPU (none of subshaders/fallbacks are suitable)
ERROR: Shader Custom/Rain overlay shader is not supported on this GPU (none of subshaders/fallbacks are suitable)
ERROR: Shader Custom/Unlit additive shader is not supported on this GPU (none of subshaders/fallbacks are suitable)
ERROR: Shader Custom/Fog overlay shader is not supported on this GPU (none of subshaders/fallbacks are suitable)
ERROR: Shader Custom/Moving shades overlay shader is not supported on this GPU (none of subshaders/fallbacks are suitable)
ERROR: Shader Custom/Gravship blit shader is not supported on this GPU (none of subshaders/fallbacks are suitable)
ERROR: Shader Legacy Shaders/VertexLit shader is not supported on this GPU (none of subshaders/fallbacks are suitable)
WARNING: Shader Unsupported: 'Standard' - All subshaders removed
WARNING: Shader Did you use #pragma only_renderers and omit this platform?
WARNING: Shader If subshaders removal was intentional, you may have forgotten turning Fallback off?
ERROR: Shader Standard shader is not supported on this GPU (none of subshaders/fallbacks are suitable)
WARNING: Shader Unsupported: 'Standard' - All subshaders removed
WARNING: Shader Did you use #pragma only_renderers and omit this platform?
WARNING: Shader If subshaders removal was intentional, you may have forgotten turning Fallback off?
ERROR: Shader Custom/Gravship chroma key shader is not supported on this GPU (none of subshaders/fallbacks are suitable)
ERROR: Shader Custom/Gravship shader is not supported on this GPU (none of subshaders/fallbacks are suitable)
ERROR: Shader Custom/Gravship shadow shader is not supported on this GPU (none of subshaders/fallbacks are suitable)
ERROR: Shader Custom/Gravship downwash shader is not supported on this GPU (none of subshaders/fallbacks are suitable)
ERROR: Shader Custom/Gravship distortion shader is not supported on this GPU (none of subshaders/fallbacks are suitable)
ERROR: Shader Custom/Gravship lens flare shader is not supported on this GPU (none of subshaders/fallbacks are suitable)
ERROR: Shader Custom/Mote glow flicker shader is not supported on this GPU (none of subshaders/fallbacks are suitable)
ERROR: Shader Custom/TerrainCurtain shader is not supported on this GPU (none of subshaders/fallbacks are suitable)
ERROR: Shader TextMeshPro/Mobile/Distance Field shader is not supported on this GPU (none of subshaders/fallbacks are suitable)
WARNING: Shader Unsupported: 'Custom/WorldIce' - All subshaders removed
WARNING: Shader Did you use #pragma only_renderers and omit this platform?
WARNING: Shader If subshaders removal was intentional, you may have forgotten turning Fallback off?
ERROR: Shader Custom/WorldIce shader is not supported on this GPU (none of subshaders/fallbacks are suitable)
WARNING: Shader Unsupported: 'Custom/WorldIce' - All subshaders removed
WARNING: Shader Did you use #pragma only_renderers and omit this platform?
WARNING: Shader If subshaders removal was intentional, you may have forgotten turning Fallback off?
WARNING: Shader Unsupported: 'Custom/UngeneratedPlanetParts' - All subshaders removed
WARNING: Shader Did you use #pragma only_renderers and omit this platform?
WARNING: Shader If subshaders removal was intentional, you may have forgotten turning Fallback off?
ERROR: Shader Custom/UngeneratedPlanetParts shader is not supported on this GPU (none of subshaders/fallbacks are suitable)
WARNING: Shader Unsupported: 'Custom/UngeneratedPlanetParts' - All subshaders removed
WARNING: Shader Did you use #pragma only_renderers and omit this platform?
WARNING: Shader If subshaders removal was intentional, you may have forgotten turning Fallback off?
WARNING: Shader Unsupported: 'Custom/Rivers' - All subshaders removed
WARNING: Shader Did you use #pragma only_renderers and omit this platform?
WARNING: Shader If subshaders removal was intentional, you may have forgotten turning Fallback off?
ERROR: Shader Custom/Rivers shader is not supported on this GPU (none of subshaders/fallbacks are suitable)
WARNING: Shader Unsupported: 'Custom/Rivers' - All subshaders removed
WARNING: Shader Did you use #pragma only_renderers and omit this platform?
WARNING: Shader If subshaders removal was intentional, you may have forgotten turning Fallback off?
WARNING: Shader Unsupported: 'Custom/Roads' - All subshaders removed
WARNING: Shader Did you use #pragma only_renderers and omit this platform?
WARNING: Shader If subshaders removal was intentional, you may have forgotten turning Fallback off?
ERROR: Shader Custom/Roads shader is not supported on this GPU (none of subshaders/fallbacks are suitable)
WARNING: Shader Unsupported: 'Custom/Roads' - All subshaders removed
WARNING: Shader Did you use #pragma only_renderers and omit this platform?
WARNING: Shader If subshaders removal was intentional, you may have forgotten turning Fallback off?
ERROR: Shader Custom/Stars shader is not supported on this GPU (none of subshaders/fallbacks are suitable)
ERROR: Shader Custom/Sun shader is not supported on this GPU (none of subshaders/fallbacks are suitable)
WARNING: Shader Unsupported: 'Custom/WorldVertexColor' - All subshaders removed
WARNING: Shader Did you use #pragma only_renderers and omit this platform?
WARNING: Shader If subshaders removal was intentional, you may have forgotten turning Fallback off?
ERROR: Shader Custom/WorldVertexColor shader is not supported on this GPU (none of subshaders/fallbacks are suitable)
WARNING: Shader Unsupported: 'Custom/WorldVertexColor' - All subshaders removed
WARNING: Shader Did you use #pragma only_renderers and omit this platform?
WARNING: Shader If subshaders removal was intentional, you may have forgotten turning Fallback off?
WARNING: Shader Unsupported: 'Custom/WorldVertexColorTransparent' - All subshaders removed
WARNING: Shader Did you use #pragma only_renderers and omit this platform?
WARNING: Shader If subshaders removal was intentional, you may have forgotten turning Fallback off?
ERROR: Shader Custom/WorldVertexColorTransparent shader is not supported on this GPU (none of subshaders/fallbacks are suitable)
WARNING: Shader Unsupported: 'Custom/WorldVertexColorTransparent' - All subshaders removed
WARNING: Shader Did you use #pragma only_renderers and omit this platform?
WARNING: Shader If subshaders removal was intentional, you may have forgotten turning Fallback off?
Mod MapGenAI disposable landscape blend audit <packageId> (choco.mapgenai.landscapeblendprobe.blend-a-natural-quiet-s4-r7) is not in valid format.
Mod MapGenAI disposable landscape blend audit <packageId> (choco.mapgenai.landscapeblendprobe.blend-a-natural-s4-r3) is not in valid format.
Mod MapGenAI disposable landscape blend audit <packageId> (choco.mapgenai.landscapeblendprobe.blend-a-natural-s4-r5) is not in valid format.
Mod MapGenAI disposable landscape blend audit <packageId> (choco.mapgenai.landscapeblendprobe.blend-a-none-repeat-s4-r4) is not in valid format.
Mod MapGenAI disposable landscape blend audit <packageId> (choco.mapgenai.landscapeblendprobe.blend-a-none-s3-r1) is not in valid format.
Mod MapGenAI disposable landscape blend audit <packageId> (choco.mapgenai.landscapeblendprobe.blend-a-none-s3-r2) is not in valid format.
Mod MapGenAI disposable landscape blend audit <packageId> (choco.mapgenai.landscapeblendprobe.blend-a-none-s4-r3) is not in valid format.
Mod MapGenAI disposable landscape blend audit <packageId> (choco.mapgenai.landscapeblendprobe.blend-a-null-new-quiet-s4-r7) is not in valid format.
Mod MapGenAI disposable landscape blend audit <packageId> (choco.mapgenai.landscapeblendprobe.blend-a-null-new-s4-r5) is not in valid format.
Mod MapGenAI disposable landscape blend audit <packageId> (choco.mapgenai.landscapeblendprobe.blend-a-null-old-quiet-repeat-s4-r7) is not in valid format.
Mod MapGenAI disposable landscape blend audit <packageId> (choco.mapgenai.landscapeblendprobe.blend-a-null-old-quiet-s4-r6) is not in valid format.
Mod MapGenAI disposable landscape blend audit <packageId> (choco.mapgenai.landscapeblendprobe.blend-a-null-old-quiet-s4-r7) is not in valid format.
Mod MapGenAI disposable landscape blend audit <packageId> (choco.mapgenai.landscapeblendprobe.blend-a-null-old-s4-r5) is not in valid format.
Mod MapGenAI disposable landscape blend audit <packageId> (choco.mapgenai.landscapeblendprobe.blend-b-natural-s4-r4) is not in valid format.
Mod MapGenAI disposable landscape blend audit <packageId> (choco.mapgenai.landscapeblendprobe.blend-b-natural-s4-r5) is not in valid format.
Mod MapGenAI disposable landscape blend audit <packageId> (choco.mapgenai.landscapeblendprobe.blend-b-none-s4-r3) is not in valid format.
Mod MapGenAI disposable landscape blend audit <packageId> (choco.mapgenai.landscapeblendprobe.blend-b-none-s4-r4) is not in valid format.
Mod MapGenAI disposable landscape blend audit <packageId> (choco.mapgenai.landscapeblendprobe.blend-c-natural-s4-r4) is not in valid format.
Mod MapGenAI disposable landscape blend audit <packageId> (choco.mapgenai.landscapeblendprobe.blend-c-natural-s4-r5) is not in valid format.
Mod MapGenAI disposable landscape blend audit <packageId> (choco.mapgenai.landscapeblendprobe.blend-c-none-s4-r4) is not in valid format.
Mod MapGenAI disposable landscape blend audit <packageId> (choco.mapgenai.landscapeblendprobe.blend-d-natural-s4-r4) is not in valid format.
Mod MapGenAI disposable landscape blend audit <packageId> (choco.mapgenai.landscapeblendprobe.blend-d-natural-s4-r5) is not in valid format.
Mod MapGenAI disposable landscape blend audit <packageId> (choco.mapgenai.landscapeblendprobe.blend-d-none-s4-r4) is not in valid format.
Mod MapGenAI disposable landscape blend audit <packageId> (choco.mapgenai.landscapeblendprobe.blend-protected-natural-s4-r4) is not in valid format.
Mod MapGenAI disposable landscape blend audit <packageId> (choco.mapgenai.landscapeblendprobe.blend-protected-natural-s4-r5) is not in valid format.
Mod MapGenAI disposable landscape blend audit <packageId> (choco.mapgenai.landscapeblendprobe.blend-protected-none-s4-r4) is not in valid format.
Mod MapGenAI disposable landscape blend audit <packageId> (choco.mapgenai.landscapeblendprobe.blend-road-natural-s4-r5) is not in valid format.
Mod Draconis Koelime Fix dependency (Draconis.Koelime) needs to have <downloadUrl> and/or <steamWorkshopUrl> specified.
Mod Draconis Koelime Fix dependency (brrainz.harmony) needs to have <downloadUrl> and/or <steamWorkshopUrl> specified.
Mod World Domination dependency (vanillaexpanded.outposts) needs to have <downloadUrl> and/or <steamWorkshopUrl> specified.
Mod World Domination dependency (oskarpotocki.vanillafactionsexpanded.core) needs to have <downloadUrl> and/or <steamWorkshopUrl> specified.
Mod World Domination dependency (brrainz.harmony) needs to have <downloadUrl> and/or <steamWorkshopUrl> specified.
Mod Paniel: The Hidden Protocol dependency (kalospacer.AhnDemi.PanieltheAutomata) needs to have <downloadUrl> and/or <steamWorkshopUrl> specified.
Mod Yuran Furshaved Continue has a dependency (RooAndGloomy.YuranRaceMod) with empty display name.
Mod Yuran Furshaved Continue dependency (RooAndGloomy.YuranRaceMod) needs to have <downloadUrl> and/or <steamWorkshopUrl> specified.
Mod Roren Facial Animation dependency (Po210.RorenRaceModOfficial) needs to have <downloadUrl> and/or <steamWorkshopUrl> specified.
Mod Ratkin Gene Expanded dependency (EoralMilk.PawnTextureOffsetAdjuster) needs to have <downloadUrl> and/or <steamWorkshopUrl> specified.
Mod Taste of Vanilla - The Alpha Mythology dependency (sarg.magicalmenagerie) needs to have <downloadUrl> and/or <steamWorkshopUrl> specified.
Tried loading mod with the same packageId multiple times: Owlchemist.MidSaverSaver. Ignoring the duplicates.
G:\SteamLibrary\steamapps\workshop\content\294100\2921585989
G:\SteamLibrary\steamapps\workshop\content\294100\3261311100
Fallback handler could not load library C:/Users/choco/Documents/Codex/2026-09-13/new-chat-2/work/mapgenai-headless-runtime/RimWorldWin64_Data/MonoBleedingEdge/data-0000023A64873830.dll
Fallback handler could not load library C:/Users/choco/Documents/Codex/2026-09-13/new-chat-2/work/mapgenai-headless-runtime/RimWorldWin64_Data/MonoBleedingEdge/data-0000023A674AA0A0.dll
Fallback handler could not load library C:/Users/choco/Documents/Codex/2026-09-13/new-chat-2/work/mapgenai-headless-runtime/RimWorldWin64_Data/MonoBleedingEdge/data-0000023A68540090.dll
Could not execute post-long-event action. Exception: System.NullReferenceException: Object reference not set to an instance of an object
[Ref 6DF9E34F]
  at Verse.GlobalTextureAtlasManager.TryInsertStatic (Verse.TextureAtlasGroup group, UnityEngine.Texture2D texture, UnityEngine.Texture2D mask) [0x00000] in <61e4173561894da49d210260257b5097>:0 
  at Verse.Graphic_Single.TryInsertIntoAtlas (Verse.TextureAtlasGroup groupKey) [0x00036] in <61e4173561894da49d210260257b5097>:0 
  at Verse.Graphic_Collection.TryInsertIntoAtlas (Verse.TextureAtlasGroup groupKey) [0x0000b] in <61e4173561894da49d210260257b5097>:0 
  at Verse.ThingDef.<PostLoad>b__398_0 () [0x00046] in <61e4173561894da49d210260257b5097>:0 
  at Verse.LongEventHandler.ExecuteToExecuteWhenFinished () [0x0007c] in <61e4173561894da49d210260257b5097>:0 
Could not execute post-long-event action. Exception: System.NullReferenceException: Object reference not set to an instance of an object
[Ref 4C8582E7]
  at Verse.GlobalTextureAtlasManager.TryInsertStatic (Verse.TextureAtlasGroup group, UnityEngine.Texture2D texture, UnityEngine.Texture2D mask) [0x00000] in <61e4173561894da49d210260257b5097>:0 
  at Verse.Graphic_Single.TryInsertIntoAtlas (Verse.TextureAtlasGroup groupKey) [0x00036] in <61e4173561894da49d210260257b5097>:0 
  at Verse.ThingDef.<PostLoad>b__398_0 () [0x00046] in <61e4173561894da49d210260257b5097>:0 
  at Verse.LongEventHandler.ExecuteToExecuteWhenFinished () [0x0007c] in <61e4173561894da49d210260257b5097>:0 
Could not execute post-long-event action. Exception: System.NullReferenceException: Object reference not set to an instance of an object
[Ref 6DF9E34F] Duplicate stacktrace, see ref for original
Could not execute post-long-event action. Exception: System.NullReferenceException: Object reference not set to an instance of an object
[Ref 6DF9E34F] Duplicate stacktrace, see ref for original
Could not execute post-long-event action. Exception: System.NullReferenceException: Object reference not set to an instance of an object
[Ref 6DF9E34F] Duplicate stacktrace, see ref for original
Could not execute post-long-event action. Exception: System.NullReferenceException: Object reference not set to an instance of an object
[Ref 6DF9E34F] Duplicate stacktrace, see ref for original
Could not execute post-long-event action. Exception: System.NullReferenceException: Object reference not set to an instance of an object
[Ref 6DF9E34F] Duplicate stacktrace, see ref for original
Could not execute post-long-event action. Exception: System.NullReferenceException: Object reference not set to an instance of an object
[Ref 6DF9E34F] Duplicate stacktrace, see ref for original
Could not execute post-long-event action. Exception: System.NullReferenceException: Object reference not set to an instance of an object
[Ref 6DF9E34F] Duplicate stacktrace, see ref for original
Could not execute post-long-event action. Exception: System.NullReferenceException: Object reference not set to an instance of an object
[Ref 6DF9E34F] Duplicate stacktrace, see ref for original
Could not execute post-long-event action. Exception: System.NullReferenceException: Object reference not set to an instance of an object
[Ref 6DF9E34F] Duplicate stacktrace, see ref for original
ERROR: Shader Custom/Mote psychic condition causer shader is not supported on this GPU (none of subshaders/fallbacks are suitable)
ERROR: Shader Custom/Multiply Add Scroll Pawn shader is not supported on this GPU (none of subshaders/fallbacks are suitable)
ERROR: Shader Custom/Multiply Add Scroll Circular Grayscale shader is not supported on this GPU (none of subshaders/fallbacks are suitable)
ERROR: Shader Custom/GlowAnimated shader is not supported on this GPU (none of subshaders/fallbacks are suitable)
ERROR: Shader Custom/Mote glow distort background shader is not supported on this GPU (none of subshaders/fallbacks are suitable)
ERROR: Shader Custom/Mote Psychic Warmup Neuroquake shader is not supported on this GPU (none of subshaders/fallbacks are suitable)
ERROR: Shader Custom/Multiply Scroll Circular Grayscale shader is not supported on this GPU (none of subshaders/fallbacks are suitable)
Could not execute post-long-event action. Exception: System.NullReferenceException: Object reference not set to an instance of an object
[Ref 4C8582E7] Duplicate stacktrace, see ref for original
ERROR: Shader Custom/Terrain fade rough Soft light shader is not supported on this GPU (none of subshaders/fallbacks are suitable)
ERROR: Shader Custom/Terrain fade rough Linear add shader is not supported on this GPU (none of subshaders/fallbacks are suitable)
ERROR: Shader Custom/Water depth shader is not supported on this GPU (none of subshaders/fallbacks are suitable)
ERROR: Shader Custom/Terrain water polluted shader is not supported on this GPU (none of subshaders/fallbacks are suitable)
Could not execute post-long-event action. Exception: System.NullReferenceException: Object reference not set to an instance of an object
[Ref 6DF9E34F] Duplicate stacktrace, see ref for original
Could not execute post-long-event action. Exception: System.NullReferenceException: Object reference not set to an instance of an object
[Ref 6DF9E34F] Duplicate stacktrace, see ref for original
Could not execute post-long-event action. Exception: System.NullReferenceException: Object reference not set to an instance of an object
[Ref 4C8582E7] Duplicate stacktrace, see ref for original
Could not execute post-long-event action. Exception: System.NullReferenceException: Object reference not set to an instance of an object
[Ref CF2FF030]
  at Verse.GlobalTextureAtlasManager.TryInsertStatic (Verse.TextureAtlasGroup group, UnityEngine.Texture2D texture, UnityEngine.Texture2D mask) [0x00000] in <61e4173561894da49d210260257b5097>:0 
  at Verse.Graphic_Multi.TryInsertIntoAtlas (Verse.TextureAtlasGroup groupKey) [0x00036] in <61e4173561894da49d210260257b5097>:0 
  at Verse.ThingDef.<PostLoad>b__398_0 () [0x00046] in <61e4173561894da49d210260257b5097>:0 
  at Verse.LongEventHandler.ExecuteToExecuteWhenFinished () [0x0007c] in <61e4173561894da49d210260257b5097>:0 
Could not execute post-long-event action. Exception: System.NullReferenceException: Object reference not set to an instance of an object
[Ref 6DF9E34F] Duplicate stacktrace, see ref for original
Could not execute post-long-event action. Exception: System.NullReferenceException: Object reference not set to an instance of an object
[Ref 4C8582E7] Duplicate stacktrace, see ref for original
Could not execute post-long-event action. Exception: System.NullReferenceException: Object reference not set to an instance of an object
[Ref CF2FF030] Duplicate stacktrace, see ref for original
Could not execute post-long-event action. Exception: System.NullReferenceException: Object reference not set to an instance of an object
[Ref 6DF9E34F] Duplicate stacktrace, see ref for original
Could not execute post-long-event action. Exception: System.NullReferenceException: Object reference not set to an instance of an object
[Ref CF2FF030] Duplicate stacktrace, see ref for original
Could not execute post-long-event action. Exception: System.NullReferenceException: Object reference not set to an instance of an object
[Ref 4C8582E7] Duplicate stacktrace, see ref for original
Could not execute post-long-event action. Exception: System.NullReferenceException: Object reference not set to an instance of an object
[Ref 4C8582E7] Duplicate stacktrace, see ref for original
Could not execute post-long-event action. Exception: System.NullReferenceException: Object reference not set to an instance of an object
[Ref 4C8582E7] Duplicate stacktrace, see ref for original
Could not execute post-long-event action. Exception: System.NullReferenceException: Object reference not set to an instance of an object
[Ref CF2FF030] Duplicate stacktrace, see ref for original
Could not execute post-long-event action. Exception: System.NullReferenceException: Object reference not set to an instance of an object
[Ref CF2FF030] Duplicate stacktrace, see ref for original
Could not execute post-long-event action. Exception: System.NullReferenceException: Object reference not set to an instance of an object
[Ref CF2FF030] Duplicate stacktrace, see ref for original
Could not execute post-long-event action. Exception: System.NullReferenceException: Object reference not set to an instance of an object
[Ref CF2FF030] Duplicate stacktrace, see ref for original
Could not execute post-long-event action. Exception: System.NullReferenceException: Object reference not set to an instance of an object
[Ref 6DF9E34F] Duplicate stacktrace, see ref for original
Could not execute post-long-event action. Exception: System.NullReferenceException: Object reference not set to an instance of an object
[Ref CF2FF030] Duplicate stacktrace, see ref for original
Could not execute post-long-event action. Exception: System.NullReferenceException: Object reference not set to an instance of an object
[Ref CF2FF030] Duplicate stacktrace, see ref for original
Could not execute post-long-event action. Exception: System.NullReferenceException: Object reference not set to an instance of an object
[Ref 6DF9E34F] Duplicate stacktrace, see ref for original
Could not execute post-long-event action. Exception: System.NullReferenceException: Object reference not set to an instance of an object
[Ref 6DF9E34F] Duplicate stacktrace, see ref for original
Could not execute post-long-event action. Exception: System.NullReferenceException: Object reference not set to an instance of an object
[Ref CF2FF030] Duplicate stacktrace, see ref for original
Could not execute post-long-event action. Exception: System.NullReferenceException: Object reference not set to an instance of an object
[Ref CF2FF030] Duplicate stacktrace, see ref for original
Could not execute post-long-event action. Exception: System.NullReferenceException: Object reference not set to an instance of an object
[Ref 4C8582E7] Duplicate stacktrace, see ref for original
Could not execute post-long-event action. Exception: System.NullReferenceException: Object reference not set to an instance of an object
[Ref CF2FF030] Duplicate stacktrace, see ref for original
Could not execute post-long-event action. Exception: System.NullReferenceException: Object reference not set to an instance of an object
[Ref CF2FF030] Duplicate stacktrace, see ref for original
Could not execute post-long-event action. Exception: System.NullReferenceException: Object reference not set to an instance of an object
[Ref 6DF9E34F] Duplicate stacktrace, see ref for original
Could not execute post-long-event action. Exception: System.NullReferenceException: Object reference not set to an instance of an object
[Ref CF2FF030] Duplicate stacktrace, see ref for original
Could not execute post-long-event action. Exception: System.NullReferenceException: Object reference not set to an instance of an object
[Ref CF2FF030] Duplicate stacktrace, see ref for original
Could not execute post-long-event action. Exception: System.NullReferenceException: Object reference not set to an instance of an object
[Ref 6DF9E34F] Duplicate stacktrace, see ref for original
Could not execute post-long-event action. Exception: System.NullReferenceException: Object reference not set to an instance of an object
[Ref 6DF9E34F] Duplicate stacktrace, see ref for original
Could not execute post-long-event action. Exception: System.NullReferenceException: Object reference not set to an instance of an object
[Ref 6DF9E34F] Duplicate stacktrace, see ref for original
Could not execute post-long-event action. Exception: System.NullReferenceException: Object reference not set to an instance of an object
[Ref CF2FF030] Duplicate stacktrace, see ref for original
Could not execute post-long-event action. Exception: System.NullReferenceException: Object reference not set to an instance of an object
[Ref 4C8582E7] Duplicate stacktrace, see ref for original
Could not execute post-long-event action. Exception: System.NullReferenceException: Object reference not set to an instance of an object
[Ref 4C8582E7] Duplicate stacktrace, see ref for original
Could not execute post-long-event action. Exception: System.NullReferenceException: Object reference not set to an instance of an object
[Ref 4C8582E7] Duplicate stacktrace, see ref for original
Could not execute post-long-event action. Exception: System.NullReferenceException: Object reference not set to an instance of an object
[Ref CF2FF030] Duplicate stacktrace, see ref for original
Could not execute post-long-event action. Exception: System.NullReferenceException: Object reference not set to an instance of an object
[Ref 4C8582E7] Duplicate stacktrace, see ref for original
Could not execute post-long-event action. Exception: System.NullReferenceException: Object reference not set to an instance of an object
[Ref 4C8582E7] Duplicate stacktrace, see ref for original
Could not execute post-long-event action. Exception: System.NullReferenceException: Object reference not set to an instance of an object
[Ref 6DF9E34F] Duplicate stacktrace, see ref for original
Could not execute post-long-event action. Exception: System.NullReferenceException: Object reference not set to an instance of an object
[Ref CF2FF030] Duplicate stacktrace, see ref for original
Could not execute post-long-event action. Exception: System.NullReferenceException: Object reference not set to an instance of an object
[Ref 4C8582E7] Duplicate stacktrace, see ref for original
Could not execute post-long-event action. Exception: System.NullReferenceException: Object reference not set to an instance of an object
[Ref 4C8582E7] Duplicate stacktrace, see ref for original
Could not execute post-long-event action. Exception: System.NullReferenceException: Object reference not set to an instance of an object
[Ref 6DF9E34F] Duplicate stacktrace, see ref for original
Could not execute post-long-event action. Exception: System.NullReferenceException: Object reference not set to an instance of an object
[Ref 6DF9E34F] Duplicate stacktrace, see ref for original
Could not execute post-long-event action. Exception: System.NullReferenceException: Object reference not set to an instance of an object
[Ref 6DF9E34F] Duplicate stacktrace, see ref for original
Could not execute post-long-event action. Exception: System.NullReferenceException: Object reference not set to an instance of an object
[Ref 4C8582E7] Duplicate stacktrace, see ref for original
Could not execute post-long-event action. Exception: System.NullReferenceException: Object reference not set to an instance of an object
[Ref 4C8582E7] Duplicate stacktrace, see ref for original
Could not execute post-long-event action. Exception: System.NullReferenceException: Object reference not set to an instance of an object
[Ref 4C8582E7] Duplicate stacktrace, see ref for original
Could not execute post-long-event action. Exception: System.NullReferenceException: Object reference not set to an instance of an object
[Ref 6DF9E34F] Duplicate stacktrace, see ref for original
Could not execute post-long-event action. Exception: System.NullReferenceException: Object reference not set to an instance of an object
[Ref 4C8582E7] Duplicate stacktrace, see ref for original
Could not execute post-long-event action. Exception: System.NullReferenceException: Object reference not set to an instance of an object
[Ref 6DF9E34F] Duplicate stacktrace, see ref for original
Could not execute post-long-event action. Exception: System.NullReferenceException: Object reference not set to an instance of an object
[Ref 6DF9E34F] Duplicate stacktrace, see ref for original
Could not execute post-long-event action. Exception: System.NullReferenceException: Object reference not set to an instance of an object
[Ref 5D38101A]
  at Verse.GlobalTextureAtlasManager.TryInsertStatic (Verse.TextureAtlasGroup group, UnityEngine.Texture2D texture, UnityEngine.Texture2D mask) [0x00000] in <61e4173561894da49d210260257b5097>:0 
  at Verse.Graphic_Multi.TryInsertIntoAtlas (Verse.TextureAtlasGroup groupKey) [0x00036] in <61e4173561894da49d210260257b5097>:0 
  at Verse.Graphic_Collection.TryInsertIntoAtlas (Verse.TextureAtlasGroup groupKey) [0x0000b] in <61e4173561894da49d210260257b5097>:0 
  at Verse.ThingDef.<PostLoad>b__398_0 () [0x00046] in <61e4173561894da49d210260257b5097>:0 
  at Verse.LongEventHandler.ExecuteToExecuteWhenFinished () [0x0007c] in <61e4173561894da49d210260257b5097>:0 
Could not execute post-long-event action. Exception: System.NullReferenceException: Object reference not set to an instance of an object
[Ref CF2FF030] Duplicate stacktrace, see ref for original
Could not execute post-long-event action. Exception: System.NullReferenceException: Object reference not set to an instance of an object
[Ref CF2FF030] Duplicate stacktrace, see ref for original
Could not execute post-long-event action. Exception: System.NullReferenceException: Object reference not set to an instance of an object
[Ref CF2FF030] Duplicate stacktrace, see ref for original
Could not execute post-long-event action. Exception: System.NullReferenceException: Object reference not set to an instance of an object
[Ref CF2FF030] Duplicate stacktrace, see ref for original
Could not execute post-long-event action. Exception: System.NullReferenceException: Object reference not set to an instance of an object
[Ref 4C8582E7] Duplicate stacktrace, see ref for original
Could not execute post-long-event action. Exception: System.NullReferenceException: Object reference not set to an instance of an object
[Ref CF2FF030] Duplicate stacktrace, see ref for original
Could not execute post-long-event action. Exception: System.NullReferenceException: Object reference not set to an instance of an object
[Ref CF2FF030] Duplicate stacktrace, see ref for original
Could not execute post-long-event action. Exception: System.NullReferenceException: Object reference not set to an instance of an object
[Ref 4C8582E7] Duplicate stacktrace, see ref for original
Could not execute post-long-event action. Exception: System.NullReferenceException: Object reference not set to an instance of an object
[Ref 4C8582E7] Duplicate stacktrace, see ref for original
Could not execute post-long-event action. Exception: System.NullReferenceException: Object reference not set to an instance of an object
[Ref 4C8582E7] Duplicate stacktrace, see ref for original
Could not execute post-long-event action. Exception: System.NullReferenceException: Object reference not set to an instance of an object
[Ref 4C8582E7] Duplicate stacktrace, see ref for original
Could not execute post-long-event action. Exception: System.NullReferenceException: Object reference not set to an instance of an object
[Ref 4C8582E7] Duplicate stacktrace, see ref for original
Could not execute post-long-event action. Exception: System.NullReferenceException: Object reference not set to an instance of an object
[Ref 4C8582E7] Duplicate stacktrace, see ref for original
Could not execute post-long-event action. Exception: System.NullReferenceException: Object reference not set to an instance of an object
[Ref 4C8582E7] Duplicate stacktrace, see ref for original
Could not execute post-long-event action. Exception: System.NullReferenceException: Object reference not set to an instance of an object
[Ref 4C8582E7] Duplicate stacktrace, see ref for original
Could not execute post-long-event action. Exception: System.NullReferenceException: Object reference not set to an instance of an object
[Ref 4C8582E7] Duplicate stacktrace, see ref for original
Could not execute post-long-event action. Exception: System.NullReferenceException: Object reference not set to an instance of an object
[Ref 6DF9E34F] Duplicate stacktrace, see ref for original
Could not execute post-long-event action. Exception: System.NullReferenceException: Object reference not set to an instance of an object
[Ref 6DF9E34F] Duplicate stacktrace, see ref for original
Could not execute post-long-event action. Exception: System.NullReferenceException: Object reference not set to an instance of an object
[Ref 6DF9E34F] Duplicate stacktrace, see ref for original
Could not execute post-long-event action. Exception: System.NullReferenceException: Object reference not set to an instance of an object
[Ref 6DF9E34F] Duplicate stacktrace, see ref for original
Could not execute post-long-event action. Exception: System.NullReferenceException: Object reference not set to an instance of an object
[Ref 6DF9E34F] Duplicate stacktrace, see ref for original
Could not execute post-long-event action. Exception: System.NullReferenceException: Object reference not set to an instance of an object
[Ref 4C8582E7] Duplicate stacktrace, see ref for original
Could not execute post-long-event action. Exception: System.NullReferenceException: Object reference not set to an instance of an object
[Ref 4C8582E7] Duplicate stacktrace, see ref for original
Could not execute post-long-event action. Exception: System.NullReferenceException: Object reference not set to an instance of an object
[Ref 6DF9E34F] Duplicate stacktrace, see ref for original
Could not execute post-long-event action. Exception: System.NullReferenceException: Object reference not set to an instance of an object
[Ref CF2FF030] Duplicate stacktrace, see ref for original
Could not execute post-long-event action. Exception: System.NullReferenceException: Object reference not set to an instance of an object
[Ref CF2FF030] Duplicate stacktrace, see ref for original
Could not execute post-long-event action. Exception: System.NullReferenceException: Object reference not set to an instance of an object
[Ref CF2FF030] Duplicate stacktrace, see ref for original
Could not execute post-long-event action. Exception: System.NullReferenceException: Object reference not set to an instance of an object
[Ref CF2FF030] Duplicate stacktrace, see ref for original
Could not execute post-long-event action. Exception: System.NullReferenceException: Object reference not set to an instance of an object
[Ref CF2FF030] Duplicate stacktrace, see ref for original
Could not execute post-long-event action. Exception: System.NullReferenceException: Object reference not set to an instance of an object
[Ref CF2FF030] Duplicate stacktrace, see ref for original
Could not execute post-long-event action. Exception: System.NullReferenceException: Object reference not set to an instance of an object
[Ref CF2FF030] Duplicate stacktrace, see ref for original
Could not execute post-long-event action. Exception: System.NullReferenceException: Object reference not set to an instance of an object
[Ref CF2FF030] Duplicate stacktrace, see ref for original
Could not execute post-long-event action. Exception: System.NullReferenceException: Object reference not set to an instance of an object
[Ref 4C8582E7] Duplicate stacktrace, see ref for original
Could not execute post-long-event action. Exception: System.NullReferenceException: Object reference not set to an instance of an object
[Ref 4C8582E7] Duplicate stacktrace, see ref for original
Could not execute post-long-event action. Exception: System.NullReferenceException: Object reference not set to an instance of an object
[Ref 4C8582E7] Duplicate stacktrace, see ref for original
Could not execute post-long-event action. Exception: System.NullReferenceException: Object reference not set to an instance of an object
[Ref CF2FF030] Duplicate stacktrace, see ref for original
Could not execute post-long-event action. Exception: System.NullReferenceException: Object reference not set to an instance of an object
[Ref CF2FF030] Duplicate stacktrace, see ref for original
Could not execute post-long-event action. Exception: System.NullReferenceException: Object reference not set to an instance of an object
[Ref CF2FF030] Duplicate stacktrace, see ref for original
Could not execute post-long-event action. Exception: System.NullReferenceException: Object reference not set to an instance of an object
[Ref CF2FF030] Duplicate stacktrace, see ref for original
Could not execute post-long-event action. Exception: System.NullReferenceException: Object reference not set to an instance of an object
[Ref CF2FF030] Duplicate stacktrace, see ref for original
Could not execute post-long-event action. Exception: System.NullReferenceException: Object reference not set to an instance of an object
[Ref CF2FF030] Duplicate stacktrace, see ref for original
Could not execute post-long-event action. Exception: System.NullReferenceException: Object reference not set to an instance of an object
[Ref CF2FF030] Duplicate stacktrace, see ref for original
Could not execute post-long-event action. Exception: System.NullReferenceException: Object reference not set to an instance of an object
[Ref CF2FF030] Duplicate stacktrace, see ref for original
Could not execute post-long-event action. Exception: System.NullReferenceException: Object reference not set to an instance of an object
[Ref CF2FF030] Duplicate stacktrace, see ref for original
Could not execute post-long-event action. Exception: System.NullReferenceException: Object reference not set to an instance of an object
[Ref 4C8582E7] Duplicate stacktrace, see ref for original
Could not execute post-long-event action. Exception: System.NullReferenceException: Object reference not set to an instance of an object
[Ref 4C8582E7] Duplicate stacktrace, see ref for original
Could not execute post-long-event action. Exception: System.NullReferenceException: Object reference not set to an instance of an object
[Ref 4C8582E7] Duplicate stacktrace, see ref for original
Could not execute post-long-event action. Exception: System.NullReferenceException: Object reference not set to an instance of an object
[Ref CF2FF030] Duplicate stacktrace, see ref for original
Could not execute post-long-event action. Exception: System.NullReferenceException: Object reference not set to an instance of an object
[Ref 4C8582E7] Duplicate stacktrace, see ref for original
Could not execute post-long-event action. Exception: System.NullReferenceException: Object reference not set to an instance of an object
[Ref CF2FF030] Duplicate stacktrace, see ref for original
Could not execute post-long-event action. Exception: System.NullReferenceException: Object reference not set to an instance of an object
[Ref CF2FF030] Duplicate stacktrace, see ref for original
Could not execute post-long-event action. Exception: System.NullReferenceException: Object reference not set to an instance of an object
[Ref CF2FF030] Duplicate stacktrace, see ref for original
Could not execute post-long-event action. Exception: System.NullReferenceException: Object reference not set to an instance of an object
[Ref 4C8582E7] Duplicate stacktrace, see ref for original
Could not execute post-long-event action. Exception: System.NullReferenceException: Object reference not set to an instance of an object
[Ref 4C8582E7] Duplicate stacktrace, see ref for original
Could not execute post-long-event action. Exception: System.NullReferenceException: Object reference not set to an instance of an object
[Ref CF2FF030] Duplicate stacktrace, see ref for original
Could not execute post-long-event action. Exception: System.NullReferenceException: Object reference not set to an instance of an object
[Ref 4C8582E7] Duplicate stacktrace, see ref for original
Could not execute post-long-event action. Exception: System.NullReferenceException: Object reference not set to an instance of an object
[Ref 4C8582E7] Duplicate stacktrace, see ref for original
Could not execute post-long-event action. Exception: System.NullReferenceException: Object reference not set to an instance of an object
[Ref CF2FF030] Duplicate stacktrace, see ref for original
Could not execute post-long-event action. Exception: System.NullReferenceException: Object reference not set to an instance of an object
[Ref CF2FF030] Duplicate stacktrace, see ref for original
Could not execute post-long-event action. Exception: System.NullReferenceException: Object reference not set to an instance of an object
[Ref CF2FF030] Duplicate stacktrace, see ref for original
Could not execute post-long-event action. Exception: System.NullReferenceException: Object reference not set to an instance of an object
[Ref CF2FF030] Duplicate stacktrace, see ref for original
Could not execute post-long-event action. Exception: System.NullReferenceException: Object reference not set to an instance of an object
[Ref 4C8582E7] Duplicate stacktrace, see ref for original
Could not execute post-long-event action. Exception: System.NullReferenceException: Object reference not set to an instance of an object
[Ref 4C8582E7] Duplicate stacktrace, see ref for original
Could not execute post-long-event action. Exception: System.NullReferenceException: Object reference not set to an instance of an object
[Ref 4C8582E7] Duplicate stacktrace, see ref for original
Could not execute post-long-event action. Exception: System.NullReferenceException: Object reference not set to an instance of an object
[Ref 4C8582E7] Duplicate stacktrace, see ref for original
Could not execute post-long-event action. Exception: System.NullReferenceException: Object reference not set to an instance of an object
[Ref 4C8582E7] Duplicate stacktrace, see ref for original
Could not execute post-long-event action. Exception: System.NullReferenceException: Object reference not set to an instance of an object
[Ref 1AA79EB2]
  at Verse.GlobalTextureAtlasManager.TryInsertStatic (Verse.TextureAtlasGroup group, UnityEngine.Texture2D texture, UnityEngine.Texture2D mask) [0x00000] in <61e4173561894da49d210260257b5097>:0 
  at Verse.Graphic_Single.TryInsertIntoAtlas (Verse.TextureAtlasGroup groupKey) [0x00036] in <61e4173561894da49d210260257b5097>:0 
  at Verse.Graphic_RandomRotated.TryInsertIntoAtlas (Verse.TextureAtlasGroup group) [0x00000] in <61e4173561894da49d210260257b5097>:0 
  at Verse.ThingDef.<PostLoad>b__398_0 () [0x00046] in <61e4173561894da49d210260257b5097>:0 
  at Verse.LongEventHandler.ExecuteToExecuteWhenFinished () [0x0007c] in <61e4173561894da49d210260257b5097>:0 
Could not execute post-long-event action. Exception: System.NullReferenceException: Object reference not set to an instance of an object
[Ref CF2FF030] Duplicate stacktrace, see ref for original
Could not execute post-long-event action. Exception: System.NullReferenceException: Object reference not set to an instance of an object
[Ref 1AA79EB2] Duplicate stacktrace, see ref for original
Could not execute post-long-event action. Exception: System.NullReferenceException: Object reference not set to an instance of an object
[Ref 4C8582E7] Duplicate stacktrace, see ref for original
Could not execute post-long-event action. Exception: System.NullReferenceException: Object reference not set to an instance of an object
[Ref 4C8582E7] Duplicate stacktrace, see ref for original
Could not execute post-long-event action. Exception: System.NullReferenceException: Object reference not set to an instance of an object
[Ref 4C8582E7] Duplicate stacktrace, see ref for original
Could not execute post-long-event action. Exception: System.NullReferenceException: Object reference not set to an instance of an object
[Ref CF2FF030] Duplicate stacktrace, see ref for original
Could not execute post-long-event action. Exception: System.NullReferenceException: Object reference not set to an instance of an object
[Ref 4C8582E7] Duplicate stacktrace, see ref for original
Could not execute post-long-event action. Exception: System.NullReferenceException: Object reference not set to an instance of an object
[Ref 4C8582E7] Duplicate stacktrace, see ref for original
Could not execute post-long-event action. Exception: System.NullReferenceException: Object reference not set to an instance of an object
[Ref 4C8582E7] Duplicate stacktrace, see ref for original
Could not execute post-long-event action. Exception: System.NullReferenceException: Object reference not set to an instance of an object
[Ref CF2FF030] Duplicate stacktrace, see ref for original
Could not execute post-long-event action. Exception: System.NullReferenceException: Object reference not set to an instance of an object
[Ref CF2FF030] Duplicate stacktrace, see ref for original
Could not execute post-long-event action. Exception: System.NullReferenceException: Object reference not set to an instance of an object
[Ref 4C8582E7] Duplicate stacktrace, see ref for original
Could not execute post-long-event action. Exception: System.NullReferenceException: Object reference not set to an instance of an object
[Ref 4C8582E7] Duplicate stacktrace, see ref for original
Could not execute post-long-event action. Exception: System.NullReferenceException: Object reference not set to an instance of an object
[Ref CF2FF030] Duplicate stacktrace, see ref for original
Could not execute post-long-event action. Exception: System.NullReferenceException: Object reference not set to an instance of an object
[Ref CF2FF030] Duplicate stacktrace, see ref for original
Could not execute post-long-event action. Exception: System.NullReferenceException: Object reference not set to an instance of an object
[Ref CF2FF030] Duplicate stacktrace, see ref for original
Could not execute post-long-event action. Exception: System.NullReferenceException: Object reference not set to an instance of an object
[Ref CF2FF030] Duplicate stacktrace, see ref for original
Could not execute post-long-event action. Exception: System.NullReferenceException: Object reference not set to an instance of an object
[Ref 4C8582E7] Duplicate stacktrace, see ref for original
Could not execute post-long-event action. Exception: System.NullReferenceException: Object reference not set to an instance of an object
[Ref 4C8582E7] Duplicate stacktrace, see ref for original
Could not execute post-long-event action. Exception: System.NullReferenceException: Object reference not set to an instance of an object
[Ref 4C8582E7] Duplicate stacktrace, see ref for original
Could not execute post-long-event action. Exception: System.NullReferenceException: Object reference not set to an instance of an object
[Ref 6DF9E34F] Duplicate stacktrace, see ref for original
Could not execute post-long-event action. Exception: System.NullReferenceException: Object reference not set to an instance of an object
[Ref 4C8582E7] Duplicate stacktrace, see ref for original
Could not execute post-long-event action. Exception: System.NullReferenceException: Object reference not set to an instance of an object
[Ref 4C8582E7] Duplicate stacktrace, see ref for original
Could not execute post-long-event action. Exception: System.NullReferenceException: Object reference not set to an instance of an object
[Ref 6DF9E34F] Duplicate stacktrace, see ref for original
Could not execute post-long-event action. Exception: System.NullReferenceException: Object reference not set to an instance of an object
[Ref 6DF9E34F] Duplicate stacktrace, see ref for original
Could not execute post-long-event action. Exception: System.NullReferenceException: Object reference not set to an instance of an object
[Ref 6DF9E34F] Duplicate stacktrace, see ref for original
Could not execute post-long-event action. Exception: System.NullReferenceException: Object reference not set to an instance of an object
[Ref 4C8582E7] Duplicate stacktrace, see ref for original
Could not execute post-long-event action. Exception: System.NullReferenceException: Object reference not set to an instance of an object
[Ref 4C8582E7] Duplicate stacktrace, see ref for original
Could not execute post-long-event action. Exception: System.NullReferenceException: Object reference not set to an instance of an object
[Ref 4C8582E7] Duplicate stacktrace, see ref for original
Could not execute post-long-event action. Exception: System.NullReferenceException: Object reference not set to an instance of an object
[Ref 4C8582E7] Duplicate stacktrace, see ref for original
Could not execute post-long-event action. Exception: System.NullReferenceException: Object reference not set to an instance of an object
[Ref 6DF9E34F] Duplicate stacktrace, see ref for original
Could not execute post-long-event action. Exception: System.NullReferenceException: Object reference not set to an instance of an object
[Ref 4C8582E7] Duplicate stacktrace, see ref for original
Could not execute post-long-event action. Exception: System.NullReferenceException: Object reference not set to an instance of an object
[Ref 6DF9E34F] Duplicate stacktrace, see ref for original
Could not execute post-long-event action. Exception: System.NullReferenceException: Object reference not set to an instance of an object
[Ref 6DF9E34F] Duplicate stacktrace, see ref for original
Could not execute post-long-event action. Exception: System.NullReferenceException: Object reference not set to an instance of an object
[Ref 6DF9E34F] Duplicate stacktrace, see ref for original
Could not execute post-long-event action. Exception: System.NullReferenceException: Object reference not set to an instance of an object
[Ref 4C8582E7] Duplicate stacktrace, see ref for original
Could not execute post-long-event action. Exception: System.NullReferenceException: Object reference not set to an instance of an object
[Ref 4C8582E7] Duplicate stacktrace, see ref for original
Could not execute post-long-event action. Exception: System.NullReferenceException: Object reference not set to an instance of an object
[Ref 4C8582E7] Duplicate stacktrace, see ref for original
Could not execute post-long-event action. Exception: System.NullReferenceException: Object reference not set to an instance of an object
[Ref CF2FF030] Duplicate stacktrace, see ref for original
Could not execute post-long-event action. Exception: System.NullReferenceException: Object reference not set to an instance of an object
[Ref CF2FF030] Duplicate stacktrace, see ref for original
Could not execute post-long-event action. Exception: System.NullReferenceException: Object reference not set to an instance of an object
[Ref 4C8582E7] Duplicate stacktrace, see ref for original
Could not execute post-long-event action. Exception: System.NullReferenceException: Object reference not set to an instance of an object
[Ref 4C8582E7] Duplicate stacktrace, see ref for original
Could not execute post-long-event action. Exception: System.NullReferenceException: Object reference not set to an instance of an object
[Ref CF2FF030] Duplicate stacktrace, see ref for original
Could not execute post-long-event action. Exception: System.NullReferenceException: Object reference not set to an instance of an object
[Ref 4C8582E7] Duplicate stacktrace, see ref for original
Could not execute post-long-event action. Exception: System.NullReferenceException: Object reference not set to an instance of an object
[Ref 4C8582E7] Duplicate stacktrace, see ref for original
Could not execute post-long-event action. Exception: System.NullReferenceException: Object reference not set to an instance of an object
[Ref CF2FF030] Duplicate stacktrace, see ref for original
Could not execute post-long-event action. Exception: System.NullReferenceException: Object reference not set to an instance of an object
[Ref CF2FF030] Duplicate stacktrace, see ref for original
Could not execute post-long-event action. Exception: System.NullReferenceException: Object reference not set to an instance of an object
[Ref CF2FF030] Duplicate stacktrace, see ref for original
Could not execute post-long-event action. Exception: System.NullReferenceException: Object reference not set to an instance of an object
[Ref CF2FF030] Duplicate stacktrace, see ref for original
Could not execute post-long-event action. Exception: System.NullReferenceException: Object reference not set to an instance of an object
[Ref CF2FF030] Duplicate stacktrace, see ref for original
Could not execute post-long-event action. Exception: System.NullReferenceException: Object reference not set to an instance of an object
[Ref CF2FF030] Duplicate stacktrace, see ref for original
Could not execute post-long-event action. Exception: System.NullReferenceException: Object reference not set to an instance of an object
[Ref CF2FF030] Duplicate stacktrace, see ref for original
Could not execute post-long-event action. Exception: System.NullReferenceException: Object reference not set to an instance of an object
[Ref CF2FF030] Duplicate stacktrace, see ref for original
Could not execute post-long-event action. Exception: System.NullReferenceException: Object reference not set to an instance of an object
[Ref CF2FF030] Duplicate stacktrace, see ref for original
Could not execute post-long-event action. Exception: System.NullReferenceException: Object reference not set to an instance of an object
[Ref CF2FF030] Duplicate stacktrace, see ref for original
Could not execute post-long-event action. Exception: System.NullReferenceException: Object reference not set to an instance of an object
[Ref CF2FF030] Duplicate stacktrace, see ref for original
Could not execute post-long-event action. Exception: System.NullReferenceException: Object reference not set to an instance of an object
[Ref CF2FF030] Duplicate stacktrace, see ref for original
Could not execute post-long-event action. Exception: System.NullReferenceException: Object reference not set to an instance of an object
[Ref CF2FF030] Duplicate stacktrace, see ref for original
Could not execute post-long-event action. Exception: System.NullReferenceException: Object reference not set to an instance of an object
[Ref CF2FF030] Duplicate stacktrace, see ref for original
Could not execute post-long-event action. Exception: System.NullReferenceException: Object reference not set to an instance of an object
[Ref CF2FF030] Duplicate stacktrace, see ref for original
Could not execute post-long-event action. Exception: System.NullReferenceException: Object reference not set to an instance of an object
[Ref CF2FF030] Duplicate stacktrace, see ref for original
Could not execute post-long-event action. Exception: System.NullReferenceException: Object reference not set to an instance of an object
[Ref CF2FF030] Duplicate stacktrace, see ref for original
Could not execute post-long-event action. Exception: System.NullReferenceException: Object reference not set to an instance of an object
[Ref CF2FF030] Duplicate stacktrace, see ref for original
Could not execute post-long-event action. Exception: System.NullReferenceException: Object reference not set to an instance of an object
[Ref CF2FF030] Duplicate stacktrace, see ref for original
Could not execute post-long-event action. Exception: System.NullReferenceException: Object reference not set to an instance of an object
[Ref CF2FF030] Duplicate stacktrace, see ref for original
Could not execute post-long-event action. Exception: System.NullReferenceException: Object reference not set to an instance of an object
[Ref 4C8582E7] Duplicate stacktrace, see ref for original
Could not execute post-long-event action. Exception: System.NullReferenceException: Object reference not set to an instance of an object
[Ref CF2FF030] Duplicate stacktrace, see ref for original
Could not execute post-long-event action. Exception: System.NullReferenceException: Object reference not set to an instance of an object
[Ref CF2FF030] Duplicate stacktrace, see ref for original
Could not execute post-long-event action. Exception: System.NullReferenceException: Object reference not set to an instance of an object
[Ref 4C8582E7] Duplicate stacktrace, see ref for original
Could not execute post-long-event action. Exception: System.NullReferenceException: Object reference not set to an instance of an object
[Ref 4C8582E7] Duplicate stacktrace, see ref for original
Could not execute post-long-event action. Exception: System.NullReferenceException: Object reference not set to an instance of an object
[Ref 4C8582E7] Duplicate stacktrace, see ref for original
Could not execute post-long-event action. Exception: System.NullReferenceException: Object reference not set to an instance of an object
[Ref 4C8582E7] Duplicate stacktrace, see ref for original
Could not execute post-long-event action. Exception: System.NullReferenceException: Object reference not set to an instance of an object
[Ref 4C8582E7] Duplicate stacktrace, see ref for original
Could not execute post-long-event action. Exception: System.NullReferenceException: Object reference not set to an instance of an object
[Ref 4C8582E7] Duplicate stacktrace, see ref for original
Could not execute post-long-event action. Exception: System.NullReferenceException: Object reference not set to an instance of an object
[Ref 4C8582E7] Duplicate stacktrace, see ref for original
Could not execute post-long-event action. Exception: System.NullReferenceException: Object reference not set to an instance of an object
[Ref 4C8582E7] Duplicate stacktrace, see ref for original
Could not execute post-long-event action. Exception: System.NullReferenceException: Object reference not set to an instance of an object
[Ref 4C8582E7] Duplicate stacktrace, see ref for original
Could not execute post-long-event action. Exception: System.NullReferenceException: Object reference not set to an instance of an object
[Ref 4C8582E7] Duplicate stacktrace, see ref for original
Could not execute post-long-event action. Exception: System.NullReferenceException: Object reference not set to an instance of an object
[Ref 4C8582E7] Duplicate stacktrace, see ref for original
Could not execute post-long-event action. Exception: System.NullReferenceException: Object reference not set to an instance of an object
[Ref 4C8582E7] Duplicate stacktrace, see ref for original
Could not execute post-long-event action. Exception: System.NullReferenceException: Object reference not set to an instance of an object
[Ref 4C8582E7] Duplicate stacktrace, see ref for original
Could not execute post-long-event action. Exception: System.NullReferenceException: Object reference not set to an instance of an object
[Ref CF2FF030] Duplicate stacktrace, see ref for original
Could not execute post-long-event action. Exception: System.NullReferenceException: Object reference not set to an instance of an object
[Ref CF2FF030] Duplicate stacktrace, see ref for original
Could not execute post-long-event action. Exception: System.NullReferenceException: Object reference not set to an instance of an object
[Ref CF2FF030] Duplicate stacktrace, see ref for original
Could not execute post-long-event action. Exception: System.NullReferenceException: Object reference not set to an instance of an object
[Ref CF2FF030] Duplicate stacktrace, see ref for original
Could not execute post-long-event action. Exception: System.NullReferenceException: Object reference not set to an instance of an object
[Ref CF2FF030] Duplicate stacktrace, see ref for original
Could not execute post-long-event action. Exception: System.NullReferenceException: Object reference not set to an instance of an object
[Ref 4C8582E7] Duplicate stacktrace, see ref for original
Could not execute post-long-event action. Exception: System.NullReferenceException: Object reference not set to an instance of an object
[Ref CF2FF030] Duplicate stacktrace, see ref for original
Could not execute post-long-event action. Exception: System.NullReferenceException: Object reference not set to an instance of an object
[Ref 4C8582E7] Duplicate stacktrace, see ref for original
Could not execute post-long-event action. Exception: System.NullReferenceException: Object reference not set to an instance of an object
[Ref 4C8582E7] Duplicate stacktrace, see ref for original
Could not execute post-long-event action. Exception: System.NullReferenceException: Object reference not set to an instance of an object
[Ref 4C8582E7] Duplicate stacktrace, see ref for original
Could not execute post-long-event action. Exception: System.NullReferenceException: Object reference not set to an instance of an object
[Ref CF2FF030] Duplicate stacktrace, see ref for original
Could not execute post-long-event action. Exception: System.NullReferenceException: Object reference not set to an instance of an object
[Ref CF2FF030] Duplicate stacktrace, see ref for original
Could not execute post-long-event action. Exception: System.NullReferenceException: Object reference not set to an instance of an object
[Ref 4C8582E7] Duplicate stacktrace, see ref for original
Could not execute post-long-event action. Exception: System.NullReferenceException: Object reference not set to an instance of an object
[Ref 4C8582E7] Duplicate stacktrace, see ref for original
Could not execute post-long-event action. Exception: System.NullReferenceException: Object reference not set to an instance of an object
[Ref 4C8582E7] Duplicate stacktrace, see ref for original
Could not execute post-long-event action. Exception: System.NullReferenceException: Object reference not set to an instance of an object
[Ref 4C8582E7] Duplicate stacktrace, see ref for original
Could not execute post-long-event action. Exception: System.NullReferenceException: Object reference not set to an instance of an object
[Ref 4C8582E7] Duplicate stacktrace, see ref for original
Could not execute post-long-event action. Exception: System.NullReferenceException: Object reference not set to an instance of an object
[Ref 4C8582E7] Duplicate stacktrace, see ref for original
Could not execute post-long-event action. Exception: System.NullReferenceException: Object reference not set to an instance of an object
[Ref 4C8582E7] Duplicate stacktrace, see ref for original
Could not execute post-long-event action. Exception: System.NullReferenceException: Object reference not set to an instance of an object
[Ref 4C8582E7] Duplicate stacktrace, see ref for original
Could not execute post-long-event action. Exception: System.NullReferenceException: Object reference not set to an instance of an object
[Ref 6DF9E34F] Duplicate stacktrace, see ref for original
Could not execute post-long-event action. Exception: System.NullReferenceException: Object reference not set to an instance of an object
[Ref 6DF9E34F] Duplicate stacktrace, see ref for original
Could not execute post-long-event action. Exception: System.NullReferenceException: Object reference not set to an instance of an object
[Ref 6DF9E34F] Duplicate stacktrace, see ref for original
Could not execute post-long-event action. Exception: System.NullReferenceException: Object reference not set to an instance of an object
[Ref 6DF9E34F] Duplicate stacktrace, see ref for original
Could not execute post-long-event action. Exception: System.NullReferenceException: Object reference not set to an instance of an object
[Ref 6DF9E34F] Duplicate stacktrace, see ref for original
Could not execute post-long-event action. Exception: System.NullReferenceException: Object reference not set to an instance of an object
[Ref 6DF9E34F] Duplicate stacktrace, see ref for original
Could not execute post-long-event action. Exception: System.NullReferenceException: Object reference not set to an instance of an object
[Ref 6DF9E34F] Duplicate stacktrace, see ref for original
Could not execute post-long-event action. Exception: System.NullReferenceException: Object reference not set to an instance of an object
[Ref 6DF9E34F] Duplicate stacktrace, see ref for original
Could not execute post-long-event action. Exception: System.NullReferenceException: Object reference not set to an instance of an object
[Ref 6DF9E34F] Duplicate stacktrace, see ref for original
Could not execute post-long-event action. Exception: System.NullReferenceException: Object reference not set to an instance of an object
[Ref 4C8582E7] Duplicate stacktrace, see ref for original
Could not execute post-long-event action. Exception: System.NullReferenceException: Object reference not set to an instance of an object
[Ref 6DF9E34F] Duplicate stacktrace, see ref for original
Could not execute post-long-event action. Exception: System.NullReferenceException: Object reference not set to an instance of an object
[Ref 6DF9E34F] Duplicate stacktrace, see ref for original
Could not execute post-long-event action. Exception: System.NullReferenceException: Object reference not set to an instance of an object
[Ref 4C8582E7] Duplicate stacktrace, see ref for original
Could not execute post-long-event action. Exception: System.NullReferenceException: Object reference not set to an instance of an object
[Ref 6DF9E34F] Duplicate stacktrace, see ref for original
Could not execute post-long-event action. Exception: System.NullReferenceException: Object reference not set to an instance of an object
[Ref 6DF9E34F] Duplicate stacktrace, see ref for original
Could not execute post-long-event action. Exception: System.NullReferenceException: Object reference not set to an instance of an object
[Ref 6DF9E34F] Duplicate stacktrace, see ref for original
Could not execute post-long-event action. Exception: System.NullReferenceException: Object reference not set to an instance of an object
[Ref 6DF9E34F] Duplicate stacktrace, see ref for original
Could not execute post-long-event action. Exception: System.NullReferenceException: Object reference not set to an instance of an object
[Ref 6DF9E34F] Duplicate stacktrace, see ref for original
Could not execute post-long-event action. Exception: System.NullReferenceException: Object reference not set to an instance of an object
[Ref 6DF9E34F] Duplicate stacktrace, see ref for original
Could not execute post-long-event action. Exception: System.NullReferenceException: Object reference not set to an instance of an object
[Ref 6DF9E34F] Duplicate stacktrace, see ref for original
Could not execute post-long-event action. Exception: System.NullReferenceException: Object reference not set to an instance of an object
[Ref 6DF9E34F] Duplicate stacktrace, see ref for original
Could not execute post-long-event action. Exception: System.NullReferenceException: Object reference not set to an instance of an object
[Ref 6DF9E34F] Duplicate stacktrace, see ref for original
Could not execute post-long-event action. Exception: System.NullReferenceException: Object reference not set to an instance of an object
[Ref 6DF9E34F] Duplicate stacktrace, see ref for original
Could not execute post-long-event action. Exception: System.NullReferenceException: Object reference not set to an instance of an object
[Ref 6DF9E34F] Duplicate stacktrace, see ref for original
Could not execute post-long-event action. Exception: System.NullReferenceException: Object reference not set to an instance of an object
[Ref 6DF9E34F] Duplicate stacktrace, see ref for original
Could not execute post-long-event action. Exception: System.NullReferenceException: Object reference not set to an instance of an object
[Ref 6DF9E34F] Duplicate stacktrace, see ref for original
Could not execute post-long-event action. Exception: System.NullReferenceException: Object reference not set to an instance of an object
[Ref 6DF9E34F] Duplicate stacktrace, see ref for original
Could not execute post-long-event action. Exception: System.NullReferenceException: Object reference not set to an instance of an object
[Ref 6DF9E34F] Duplicate stacktrace, see ref for original
Could not execute post-long-event action. Exception: System.NullReferenceException: Object reference not set to an instance of an object
[Ref 6DF9E34F] Duplicate stacktrace, see ref for original
Could not execute post-long-event action. Exception: System.NullReferenceException: Object reference not set to an instance of an object
[Ref 6DF9E34F] Duplicate stacktrace, see ref for original
Could not execute post-long-event action. Exception: System.NullReferenceException: Object reference not set to an instance of an object
[Ref 6DF9E34F] Duplicate stacktrace, see ref for original
Could not execute post-long-event action. Exception: System.NullReferenceException: Object reference not set to an instance of an object
[Ref 6DF9E34F] Duplicate stacktrace, see ref for original
Could not execute post-long-event action. Exception: System.NullReferenceException: Object reference not set to an instance of an object
[Ref 6DF9E34F] Duplicate stacktrace, see ref for original
Could not execute post-long-event action. Exception: System.NullReferenceException: Object reference not set to an instance of an object
[Ref 6DF9E34F] Duplicate stacktrace, see ref for original
Could not execute post-long-event action. Exception: System.NullReferenceException: Object reference not set to an instance of an object
[Ref 6DF9E34F] Duplicate stacktrace, see ref for original
Could not execute post-long-event action. Exception: System.NullReferenceException: Object reference not set to an instance of an object
[Ref 6DF9E34F] Duplicate stacktrace, see ref for original
Could not execute post-long-event action. Exception: System.NullReferenceException: Object reference not set to an instance of an object
[Ref 6DF9E34F] Duplicate stacktrace, see ref for original
Could not execute post-long-event action. Exception: System.NullReferenceException: Object reference not set to an instance of an object
[Ref 6DF9E34F] Duplicate stacktrace, see ref for original
Could not execute post-long-event action. Exception: System.NullReferenceException: Object reference not set to an instance of an object
[Ref 6DF9E34F] Duplicate stacktrace, see ref for original
Could not execute post-long-event action. Exception: System.NullReferenceException: Object reference not set to an instance of an object
[Ref 6DF9E34F] Duplicate stacktrace, see ref for original
Could not execute post-long-event action. Exception: System.NullReferenceException: Object reference not set to an instance of an object
[Ref 6DF9E34F] Duplicate stacktrace, see ref for original
Could not execute post-long-event action. Exception: System.NullReferenceException: Object reference not set to an instance of an object
[Ref 4C8582E7] Duplicate stacktrace, see ref for original
Could not execute post-long-event action. Exception: System.NullReferenceException: Object reference not set to an instance of an object
[Ref 4C8582E7] Duplicate stacktrace, see ref for original
Could not execute post-long-event action. Exception: System.NullReferenceException: Object reference not set to an instance of an object
[Ref 4C8582E7] Duplicate stacktrace, see ref for original
Could not execute post-long-event action. Exception: System.NullReferenceException: Object reference not set to an instance of an object
[Ref 4C8582E7] Duplicate stacktrace, see ref for original
Could not execute post-long-event action. Exception: System.NullReferenceException: Object reference not set to an instance of an object
[Ref 4C8582E7] Duplicate stacktrace, see ref for original
Could not execute post-long-event action. Exception: System.NullReferenceException: Object reference not set to an instance of an object
[Ref 4C8582E7] Duplicate stacktrace, see ref for original
Could not execute post-long-event action. Exception: System.NullReferenceException: Object reference not set to an instance of an object
[Ref 4C8582E7] Duplicate stacktrace, see ref for original
Could not execute post-long-event action. Exception: System.NullReferenceException: Object reference not set to an instance of an object
[Ref 4C8582E7] Duplicate stacktrace, see ref for original
Could not execute post-long-event action. Exception: System.NullReferenceException: Object reference not set to an instance of an object
[Ref 6DF9E34F] Duplicate stacktrace, see ref for original
Could not execute post-long-event action. Exception: System.NullReferenceException: Object reference not set to an instance of an object
[Ref 4C8582E7] Duplicate stacktrace, see ref for original
Could not execute post-long-event action. Exception: System.NullReferenceException: Object reference not set to an instance of an object
[Ref 4C8582E7] Duplicate stacktrace, see ref for original
Could not execute post-long-event action. Exception: System.NullReferenceException: Object reference not set to an instance of an object
[Ref 4C8582E7] Duplicate stacktrace, see ref for original
Could not execute post-long-event action. Exception: System.NullReferenceException: Object reference not set to an instance of an object
[Ref 6DF9E34F] Duplicate stacktrace, see ref for original
Could not execute post-long-event action. Exception: System.NullReferenceException: Object reference not set to an instance of an object
[Ref 6DF9E34F] Duplicate stacktrace, see ref for original
Could not execute post-long-event action. Exception: System.NullReferenceException: Object reference not set to an instance of an object
[Ref 6DF9E34F] Duplicate stacktrace, see ref for original
Could not execute post-long-event action. Exception: System.NullReferenceException: Object reference not set to an instance of an object
[Ref 6DF9E34F] Duplicate stacktrace, see ref for original
Could not execute post-long-event action. Exception: System.NullReferenceException: Object reference not set to an instance of an object
[Ref 6DF9E34F] Duplicate stacktrace, see ref for original
Could not execute post-long-event action. Exception: System.NullReferenceException: Object reference not set to an instance of an object
[Ref 6DF9E34F] Duplicate stacktrace, see ref for original
Could not execute post-long-event action. Exception: System.NullReferenceException: Object reference not set to an instance of an object
[Ref 6DF9E34F] Duplicate stacktrace, see ref for original
Could not execute post-long-event action. Exception: System.NullReferenceException: Object reference not set to an instance of an object
[Ref 6DF9E34F] Duplicate stacktrace, see ref for original
Could not execute post-long-event action. Exception: System.NullReferenceException: Object reference not set to an instance of an object
[Ref 6DF9E34F] Duplicate stacktrace, see ref for original
Could not execute post-long-event action. Exception: System.NullReferenceException: Object reference not set to an instance of an object
[Ref 6DF9E34F] Duplicate stacktrace, see ref for original
Could not execute post-long-event action. Exception: System.NullReferenceException: Object reference not set to an instance of an object
[Ref 6DF9E34F] Duplicate stacktrace, see ref for original
Could not execute post-long-event action. Exception: System.NullReferenceException: Object reference not set to an instance of an object
[Ref 6DF9E34F] Duplicate stacktrace, see ref for original
Could not execute post-long-event action. Exception: System.NullReferenceException: Object reference not set to an instance of an object
[Ref 6DF9E34F] Duplicate stacktrace, see ref for original
Could not execute post-long-event action. Exception: System.NullReferenceException: Object reference not set to an instance of an object
[Ref 6DF9E34F] Duplicate stacktrace, see ref for original
Could not execute post-long-event action. Exception: System.NullReferenceException: Object reference not set to an instance of an object
[Ref 6DF9E34F] Duplicate stacktrace, see ref for original
Could not execute post-long-event action. Exception: System.NullReferenceException: Object reference not set to an instance of an object
[Ref 6DF9E34F] Duplicate stacktrace, see ref for original
Could not execute post-long-event action. Exception: System.NullReferenceException: Object reference not set to an instance of an object
[Ref 6DF9E34F] Duplicate stacktrace, see ref for original
Could not execute post-long-event action. Exception: System.NullReferenceException: Object reference not set to an instance of an object
[Ref 4C8582E7] Duplicate stacktrace, see ref for original
Could not execute post-long-event action. Exception: System.NullReferenceException: Object reference not set to an instance of an object
[Ref 4C8582E7] Duplicate stacktrace, see ref for original
Could not execute post-long-event action. Exception: System.NullReferenceException: Object reference not set to an instance of an object
[Ref 4C8582E7] Duplicate stacktrace, see ref for original
Could not execute post-long-event action. Exception: System.NullReferenceException: Object reference not set to an instance of an object
[Ref 4C8582E7] Duplicate stacktrace, see ref for original
Could not execute post-long-event action. Exception: System.NullReferenceException: Object reference not set to an instance of an object
[Ref 4C8582E7] Duplicate stacktrace, see ref for original
Could not execute post-long-event action. Exception: System.NullReferenceException: Object reference not set to an instance of an object
[Ref 6DF9E34F] Duplicate stacktrace, see ref for original
Could not execute post-long-event action. Exception: System.NullReferenceException: Object reference not set to an instance of an object
[Ref 6DF9E34F] Duplicate stacktrace, see ref for original
Could not execute post-long-event action. Exception: System.NullReferenceException: Object reference not set to an instance of an object
[Ref 6DF9E34F] Duplicate stacktrace, see ref for original
Could not execute post-long-event action. Exception: System.NullReferenceException: Object reference not set to an instance of an object
[Ref 6DF9E34F] Duplicate stacktrace, see ref for original
Could not execute post-long-event action. Exception: System.NullReferenceException: Object reference not set to an instance of an object
[Ref 6DF9E34F] Duplicate stacktrace, see ref for original
Could not execute post-long-event action. Exception: System.NullReferenceException: Object reference not set to an instance of an object
[Ref 6DF9E34F] Duplicate stacktrace, see ref for original
Could not execute post-long-event action. Exception: System.NullReferenceException: Object reference not set to an instance of an object
[Ref 6DF9E34F] Duplicate stacktrace, see ref for original
Could not execute post-long-event action. Exception: System.NullReferenceException: Object reference not set to an instance of an object
[Ref 6DF9E34F] Duplicate stacktrace, see ref for original
Could not execute post-long-event action. Exception: System.NullReferenceException: Object reference not set to an instance of an object
[Ref 6DF9E34F] Duplicate stacktrace, see ref for original
Could not execute post-long-event action. Exception: System.NullReferenceException: Object reference not set to an instance of an object
[Ref 6DF9E34F] Duplicate stacktrace, see ref for original
Could not execute post-long-event action. Exception: System.NullReferenceException: Object reference not set to an instance of an object
[Ref 6DF9E34F] Duplicate stacktrace, see ref for original
Could not execute post-long-event action. Exception: System.NullReferenceException: Object reference not set to an instance of an object
[Ref 6DF9E34F] Duplicate stacktrace, see ref for original
Could not execute post-long-event action. Exception: System.NullReferenceException: Object reference not set to an instance of an object
[Ref 6DF9E34F] Duplicate stacktrace, see ref for original
Could not execute post-long-event action. Exception: System.NullReferenceException: Object reference not set to an instance of an object
[Ref 6DF9E34F] Duplicate stacktrace, see ref for original
Could not execute post-long-event action. Exception: System.NullReferenceException: Object reference not set to an instance of an object
[Ref 6DF9E34F] Duplicate stacktrace, see ref for original
Could not execute post-long-event action. Exception: System.NullReferenceException: Object reference not set to an instance of an object
[Ref 6DF9E34F] Duplicate stacktrace, see ref for original
Could not execute post-long-event action. Exception: System.NullReferenceException: Object reference not set to an instance of an object
[Ref 6DF9E34F] Duplicate stacktrace, see ref for original
Could not execute post-long-event action. Exception: System.NullReferenceException: Object reference not set to an instance of an object
[Ref 6DF9E34F] Duplicate stacktrace, see ref for original
Could not execute post-long-event action. Exception: System.NullReferenceException: Object reference not set to an instance of an object
[Ref 6DF9E34F] Duplicate stacktrace, see ref for original
Could not execute post-long-event action. Exception: System.NullReferenceException: Object reference not set to an instance of an object
[Ref 6DF9E34F] Duplicate stacktrace, see ref for original
Could not execute post-long-event action. Exception: System.NullReferenceException: Object reference not set to an instance of an object
[Ref 4C8582E7] Duplicate stacktrace, see ref for original
Could not execute post-long-event action. Exception: System.NullReferenceException: Object reference not set to an instance of an object
[Ref 4C8582E7] Duplicate stacktrace, see ref for original
Could not execute post-long-event action. Exception: System.NullReferenceException: Object reference not set to an instance of an object
[Ref 4C8582E7] Duplicate stacktrace, see ref for original
Could not execute post-long-event action. Exception: System.NullReferenceException: Object reference not set to an instance of an object
[Ref 4C8582E7] Duplicate stacktrace, see ref for original
Could not execute post-long-event action. Exception: System.NullReferenceException: Object reference not set to an instance of an object
[Ref 4C8582E7] Duplicate stacktrace, see ref for original
Could not execute post-long-event action. Exception: System.NullReferenceException: Object reference not set to an instance of an object
[Ref 4C8582E7] Duplicate stacktrace, see ref for original
Could not execute post-long-event action. Exception: System.NullReferenceException: Object reference not set to an instance of an object
[Ref 4C8582E7] Duplicate stacktrace, see ref for original
Could not execute post-long-event action. Exception: System.NullReferenceException: Object reference not set to an instance of an object
[Ref 4C8582E7] Duplicate stacktrace, see ref for original
Could not execute post-long-event action. Exception: System.NullReferenceException: Object reference not set to an instance of an object
[Ref 4C8582E7] Duplicate stacktrace, see ref for original
Could not execute post-long-event action. Exception: System.NullReferenceException: Object reference not set to an instance of an object
[Ref 4C8582E7] Duplicate stacktrace, see ref for original
Could not execute post-long-event action. Exception: System.NullReferenceException: Object reference not set to an instance of an object
[Ref 4C8582E7] Duplicate stacktrace, see ref for original
Could not execute post-long-event action. Exception: System.NullReferenceException: Object reference not set to an instance of an object
[Ref 4C8582E7] Duplicate stacktrace, see ref for original
Could not execute post-long-event action. Exception: System.NullReferenceException: Object reference not set to an instance of an object
[Ref 4C8582E7] Duplicate stacktrace, see ref for original
Could not execute post-long-event action. Exception: System.NullReferenceException: Object reference not set to an instance of an object
[Ref 1AA79EB2] Duplicate stacktrace, see ref for original
Could not execute post-long-event action. Exception: System.NullReferenceException: Object reference not set to an instance of an object
[Ref 1AA79EB2] Duplicate stacktrace, see ref for original
Could not execute post-long-event action. Exception: System.NullReferenceException: Object reference not set to an instance of an object
[Ref 1AA79EB2] Duplicate stacktrace, see ref for original
Could not execute post-long-event action. Exception: System.NullReferenceException: Object reference not set to an instance of an object
[Ref 1AA79EB2] Duplicate stacktrace, see ref for original
Could not execute post-long-event action. Exception: System.NullReferenceException: Object reference not set to an instance of an object
[Ref 1AA79EB2] Duplicate stacktrace, see ref for original
Could not execute post-long-event action. Exception: System.NullReferenceException: Object reference not set to an instance of an object
[Ref 1AA79EB2] Duplicate stacktrace, see ref for original
Could not execute post-long-event action. Exception: System.NullReferenceException: Object reference not set to an instance of an object
[Ref 1AA79EB2] Duplicate stacktrace, see ref for original
Could not execute post-long-event action. Exception: System.NullReferenceException: Object reference not set to an instance of an object
[Ref 1AA79EB2] Duplicate stacktrace, see ref for original
Could not execute post-long-event action. Exception: System.NullReferenceException: Object reference not set to an instance of an object
[Ref 1AA79EB2] Duplicate stacktrace, see ref for original
Could not execute post-long-event action. Exception: System.NullReferenceException: Object reference not set to an instance of an object
[Ref 1AA79EB2] Duplicate stacktrace, see ref for original
Could not execute post-long-event action. Exception: System.NullReferenceException: Object reference not set to an instance of an object
[Ref 1AA79EB2] Duplicate stacktrace, see ref for original
Could not execute post-long-event action. Exception: System.NullReferenceException: Object reference not set to an instance of an object
[Ref 1AA79EB2] Duplicate stacktrace, see ref for original
Could not execute post-long-event action. Exception: System.NullReferenceException: Object reference not set to an instance of an object
[Ref 1AA79EB2] Duplicate stacktrace, see ref for original
Could not execute post-long-event action. Exception: System.NullReferenceException: Object reference not set to an instance of an object
[Ref 1AA79EB2] Duplicate stacktrace, see ref for original
Could not execute post-long-event action. Exception: System.NullReferenceException: Object reference not set to an instance of an object
[Ref 1AA79EB2] Duplicate stacktrace, see ref for original
Could not execute post-long-event action. Exception: System.NullReferenceException: Object reference not set to an instance of an object
[Ref 1AA79EB2] Duplicate stacktrace, see ref for original
Could not execute post-long-event action. Exception: System.NullReferenceException: Object reference not set to an instance of an object
[Ref 1AA79EB2] Duplicate stacktrace, see ref for original
Could not execute post-long-event action. Exception: System.NullReferenceException: Object reference not set to an instance of an object
[Ref 1AA79EB2] Duplicate stacktrace, see ref for original
Could not execute post-long-event action. Exception: System.NullReferenceException: Object reference not set to an instance of an object
[Ref 1AA79EB2] Duplicate stacktrace, see ref for original
Could not execute post-long-event action. Exception: System.NullReferenceException: Object reference not set to an instance of an object
[Ref 1AA79EB2] Duplicate stacktrace, see ref for original
Could not execute post-long-event action. Exception: System.NullReferenceException: Object reference not set to an instance of an object
[Ref 1AA79EB2] Duplicate stacktrace, see ref for original
Could not execute post-long-event action. Exception: System.NullReferenceException: Object reference not set to an instance of an object
[Ref 1AA79EB2] Duplicate stacktrace, see ref for original
Could not execute post-long-event action. Exception: System.NullReferenceException: Object reference not set to an instance of an object
[Ref 1AA79EB2] Duplicate stacktrace, see ref for original
Could not execute post-long-event action. Exception: System.NullReferenceException: Object reference not set to an instance of an object
[Ref 1AA79EB2] Duplicate stacktrace, see ref for original
Could not execute post-long-event action. Exception: System.NullReferenceException: Object reference not set to an instance of an object
[Ref 1AA79EB2] Duplicate stacktrace, see ref for original
Could not execute post-long-event action. Exception: System.NullReferenceException: Object reference not set to an instance of an object
[Ref 1AA79EB2] Duplicate stacktrace, see ref for original
Could not execute post-long-event action. Exception: System.NullReferenceException: Object reference not set to an instance of an object
[Ref 1AA79EB2] Duplicate stacktrace, see ref for original
Could not execute post-long-event action. Exception: System.NullReferenceException: Object reference not set to an instance of an object
[Ref 1AA79EB2] Duplicate stacktrace, see ref for original
Could not execute post-long-event action. Exception: System.NullReferenceException: Object reference not set to an instance of an object
[Ref 1AA79EB2] Duplicate stacktrace, see ref for original
Could not execute post-long-event action. Exception: System.NullReferenceException: Object reference not set to an instance of an object
[Ref 1AA79EB2] Duplicate stacktrace, see ref for original
Could not execute post-long-event action. Exception: System.NullReferenceException: Object reference not set to an instance of an object
[Ref 1AA79EB2] Duplicate stacktrace, see ref for original
Could not execute post-long-event action. Exception: System.NullReferenceException: Object reference not set to an instance of an object
[Ref 1AA79EB2] Duplicate stacktrace, see ref for original
Could not execute post-long-event action. Exception: System.NullReferenceException: Object reference not set to an instance of an object
[Ref 1AA79EB2] Duplicate stacktrace, see ref for original
Could not execute post-long-event action. Exception: System.NullReferenceException: Object reference not set to an instance of an object
[Ref 4C8582E7] Duplicate stacktrace, see ref for original
Could not execute post-long-event action. Exception: System.NullReferenceException: Object reference not set to an instance of an object
[Ref 6DF9E34F] Duplicate stacktrace, see ref for original
Could not execute post-long-event action. Exception: System.NullReferenceException: Object reference not set to an instance of an object
[Ref 6DF9E34F] Duplicate stacktrace, see ref for original
Could not execute post-long-event action. Exception: System.NullReferenceException: Object reference not set to an instance of an object
[Ref 6DF9E34F] Duplicate stacktrace, see ref for original
Could not execute post-long-event action. Exception: System.NullReferenceException: Object reference not set to an instance of an object
[Ref 6DF9E34F] Duplicate stacktrace, see ref for original
Could not execute post-long-event action. Exception: System.NullReferenceException: Object reference not set to an instance of an object
[Ref 6DF9E34F] Duplicate stacktrace, see ref for original
Could not execute post-long-event action. Exception: System.NullReferenceException: Object reference not set to an instance of an object
[Ref 6DF9E34F] Duplicate stacktrace, see ref for original
Could not execute post-long-event action. Exception: System.NullReferenceException: Object reference not set to an instance of an object
[Ref 6DF9E34F] Duplicate stacktrace, see ref for original
Could not execute post-long-event action. Exception: System.NullReferenceException: Object reference not set to an instance of an object
[Ref 6DF9E34F] Duplicate stacktrace, see ref for original
Could not execute post-long-event action. Exception: System.NullReferenceException: Object reference not set to an instance of an object
[Ref 6DF9E34F] Duplicate stacktrace, see ref for original
Could not execute post-long-event action. Exception: System.NullReferenceException: Object reference not set to an instance of an object
[Ref 6DF9E34F] Duplicate stacktrace, see ref for original
Could not execute post-long-event action. Exception: System.NullReferenceException: Object reference not set to an instance of an object
[Ref 6DF9E34F] Duplicate stacktrace, see ref for original
Could not execute post-long-event action. Exception: System.NullReferenceException: Object reference not set to an instance of an object
[Ref 6DF9E34F] Duplicate stacktrace, see ref for original
Could not execute post-long-event action. Exception: System.NullReferenceException: Object reference not set to an instance of an object
[Ref 6DF9E34F] Duplicate stacktrace, see ref for original
Could not execute post-long-event action. Exception: System.NullReferenceException: Object reference not set to an instance of an object
[Ref 6DF9E34F] Duplicate stacktrace, see ref for original
Could not execute post-long-event action. Exception: System.NullReferenceException: Object reference not set to an instance of an object
[Ref 6DF9E34F] Duplicate stacktrace, see ref for original
Could not execute post-long-event action. Exception: System.NullReferenceException: Object reference not set to an instance of an object
[Ref 6DF9E34F] Duplicate stacktrace, see ref for original
Could not execute post-long-event action. Exception: System.NullReferenceException: Object reference not set to an instance of an object
[Ref 6DF9E34F] Duplicate stacktrace, see ref for original
Could not execute post-long-event action. Exception: System.NullReferenceException: Object reference not set to an instance of an object
[Ref 6DF9E34F] Duplicate stacktrace, see ref for original
Could not execute post-long-event action. Exception: System.NullReferenceException: Object reference not set to an instance of an object
[Ref 6DF9E34F] Duplicate stacktrace, see ref for original
Could not execute post-long-event action. Exception: System.NullReferenceException: Object reference not set to an instance of an object
[Ref 6DF9E34F] Duplicate stacktrace, see ref for original
Could not execute post-long-event action. Exception: System.NullReferenceException: Object reference not set to an instance of an object
[Ref 6DF9E34F] Duplicate stacktrace, see ref for original
Could not execute post-long-event action. Exception: System.NullReferenceException: Object reference not set to an instance of an object
[Ref 6DF9E34F] Duplicate stacktrace, see ref for original
Could not execute post-long-event action. Exception: System.NullReferenceException: Object reference not set to an instance of an object
[Ref 6DF9E34F] Duplicate stacktrace, see ref for original
Could not execute post-long-event action. Exception: System.NullReferenceException: Object reference not set to an instance of an object
[Ref 6DF9E34F] Duplicate stacktrace, see ref for original
Could not execute post-long-event action. Exception: System.NullReferenceException: Object reference not set to an instance of an object
[Ref 4B26416A]
  at Verse.GlobalTextureAtlasManager.TryInsertStatic (Verse.TextureAtlasGroup group, UnityEngine.Texture2D texture, UnityEngine.Texture2D mask) [0x00000] in <61e4173561894da49d210260257b5097>:0 
  at Verse.Graphic_Single.TryInsertIntoAtlas (Verse.TextureAtlasGroup groupKey) [0x00036] in <61e4173561894da49d210260257b5097>:0 
  at Verse.Graphic_Collection.TryInsertIntoAtlas (Verse.TextureAtlasGroup groupKey) [0x0000b] in <61e4173561894da49d210260257b5097>:0 
  at Verse.Graphic_RandomRotated.TryInsertIntoAtlas (Verse.TextureAtlasGroup group) [0x00000] in <61e4173561894da49d210260257b5097>:0 
  at Verse.ThingDef.<PostLoad>b__398_0 () [0x00046] in <61e4173561894da49d210260257b5097>:0 
  at Verse.LongEventHandler.ExecuteToExecuteWhenFinished () [0x0007c] in <61e4173561894da49d210260257b5097>:0 
Could not execute post-long-event action. Exception: System.NullReferenceException: Object reference not set to an instance of an object
[Ref 4B26416A] Duplicate stacktrace, see ref for original
Could not execute post-long-event action. Exception: System.NullReferenceException: Object reference not set to an instance of an object
[Ref 6DF9E34F] Duplicate stacktrace, see ref for original
Could not execute post-long-event action. Exception: System.NullReferenceException: Object reference not set to an instance of an object
[Ref 6DF9E34F] Duplicate stacktrace, see ref for original
Could not execute post-long-event action. Exception: System.NullReferenceException: Object reference not set to an instance of an object
[Ref 4C8582E7] Duplicate stacktrace, see ref for original
Could not execute post-long-event action. Exception: System.NullReferenceException: Object reference not set to an instance of an object
[Ref 4C8582E7] Duplicate stacktrace, see ref for original
Could not execute post-long-event action. Exception: System.NullReferenceException: Object reference not set to an instance of an object
[Ref 6DF9E34F] Duplicate stacktrace, see ref for original
Could not execute post-long-event action. Exception: System.NullReferenceException: Object reference not set to an instance of an object
[Ref 6DF9E34F] Duplicate stacktrace, see ref for original
Could not execute post-long-event action. Exception: System.NullReferenceException: Object reference not set to an instance of an object
[Ref 6DF9E34F] Duplicate stacktrace, see ref for original
Could not execute post-long-event action. Exception: System.NullReferenceException: Object reference not set to an instance of an object
[Ref 6DF9E34F] Duplicate stacktrace, see ref for original
Could not execute post-long-event action. Exception: System.NullReferenceException: Object reference not set to an instance of an object
[Ref 6DF9E34F] Duplicate stacktrace, see ref for original
Could not execute post-long-event action. Exception: System.NullReferenceException: Object reference not set to an instance of an object
[Ref 6DF9E34F] Duplicate stacktrace, see ref for original
Could not execute post-long-event action. Exception: System.NullReferenceException: Object reference not set to an instance of an object
[Ref 6DF9E34F] Duplicate stacktrace, see ref for original
Could not execute post-long-event action. Exception: System.NullReferenceException: Object reference not set to an instance of an object
[Ref 6DF9E34F] Duplicate stacktrace, see ref for original
Could not execute post-long-event action. Exception: System.NullReferenceException: Object reference not set to an instance of an object
[Ref 6DF9E34F] Duplicate stacktrace, see ref for original
Could not execute post-long-event action. Exception: System.NullReferenceException: Object reference not set to an instance of an object
[Ref 6DF9E34F] Duplicate stacktrace, see ref for original
Could not execute post-long-event action. Exception: System.NullReferenceException: Object reference not set to an instance of an object
[Ref 6DF9E34F] Duplicate stacktrace, see ref for original
Could not execute post-long-event action. Exception: System.NullReferenceException: Object reference not set to an instance of an object
[Ref 6DF9E34F] Duplicate stacktrace, see ref for original
Could not execute post-long-event action. Exception: System.NullReferenceException: Object reference not set to an instance of an object
[Ref 6DF9E34F] Duplicate stacktrace, see ref for original
Could not execute post-long-event action. Exception: System.NullReferenceException: Object reference not set to an instance of an object
[Ref 6DF9E34F] Duplicate stacktrace, see ref for original
Could not execute post-long-event action. Exception: System.NullReferenceException: Object reference not set to an instance of an object
[Ref 6DF9E34F] Duplicate stacktrace, see ref for original
Could not execute post-long-event action. Exception: System.NullReferenceException: Object reference not set to an instance of an object
[Ref 6DF9E34F] Duplicate stacktrace, see ref for original
Could not execute post-long-event action. Exception: System.NullReferenceException: Object reference not set to an instance of an object
[Ref 6DF9E34F] Duplicate stacktrace, see ref for original
Could not execute post-long-event action. Exception: System.NullReferenceException: Object reference not set to an instance of an object
[Ref 6DF9E34F] Duplicate stacktrace, see ref for original
Could not execute post-long-event action. Exception: System.NullReferenceException: Object reference not set to an instance of an object
[Ref 6DF9E34F] Duplicate stacktrace, see ref for original
Could not execute post-long-event action. Exception: System.NullReferenceException: Object reference not set to an instance of an object
[Ref 6DF9E34F] Duplicate stacktrace, see ref for original
Could not execute post-long-event action. Exception: System.NullReferenceException: Object reference not set to an instance of an object
[Ref 6DF9E34F] Duplicate stacktrace, see ref for original
Could not execute post-long-event action. Exception: System.NullReferenceException: Object reference not set to an instance of an object
[Ref 6DF9E34F] Duplicate stacktrace, see ref for original
Could not execute post-long-event action. Exception: System.NullReferenceException: Object reference not set to an instance of an object
[Ref 6DF9E34F] Duplicate stacktrace, see ref for original
Could not execute post-long-event action. Exception: System.NullReferenceException: Object reference not set to an instance of an object
[Ref 6DF9E34F] Duplicate stacktrace, see ref for original
Could not execute post-long-event action. Exception: System.NullReferenceException: Object reference not set to an instance of an object
[Ref 6DF9E34F] Duplicate stacktrace, see ref for original
Could not execute post-long-event action. Exception: System.NullReferenceException: Object reference not set to an instance of an object
[Ref 6DF9E34F] Duplicate stacktrace, see ref for original
Could not execute post-long-event action. Exception: System.NullReferenceException: Object reference not set to an instance of an object
[Ref 6DF9E34F] Duplicate stacktrace, see ref for original
Could not execute post-long-event action. Exception: System.NullReferenceException: Object reference not set to an instance of an object
[Ref 6DF9E34F] Duplicate stacktrace, see ref for original
Could not execute post-long-event action. Exception: System.NullReferenceException: Object reference not set to an instance of an object
[Ref 6DF9E34F] Duplicate stacktrace, see ref for original
Could not execute post-long-event action. Exception: System.NullReferenceException: Object reference not set to an instance of an object
[Ref 6DF9E34F] Duplicate stacktrace, see ref for original
Could not execute post-long-event action. Exception: System.NullReferenceException: Object reference not set to an instance of an object
[Ref 6DF9E34F] Duplicate stacktrace, see ref for original
Could not execute post-long-event action. Exception: System.NullReferenceException: Object reference not set to an instance of an object
[Ref 6DF9E34F] Duplicate stacktrace, see ref for original
Could not execute post-long-event action. Exception: System.NullReferenceException: Object reference not set to an instance of an object
[Ref 6DF9E34F] Duplicate stacktrace, see ref for original
Could not execute post-long-event action. Exception: System.NullReferenceException: Object reference not set to an instance of an object
[Ref 6DF9E34F] Duplicate stacktrace, see ref for original
Could not execute post-long-event action. Exception: System.NullReferenceException: Object reference not set to an instance of an object
[Ref 6DF9E34F] Duplicate stacktrace, see ref for original
Could not execute post-long-event action. Exception: System.NullReferenceException: Object reference not set to an instance of an object
[Ref 6DF9E34F] Duplicate stacktrace, see ref for original
Could not execute post-long-event action. Exception: System.NullReferenceException: Object reference not set to an instance of an object
[Ref 6DF9E34F] Duplicate stacktrace, see ref for original
Could not execute post-long-event action. Exception: System.NullReferenceException: Object reference not set to an instance of an object
[Ref 6DF9E34F] Duplicate stacktrace, see ref for original
Could not execute post-long-event action. Exception: System.NullReferenceException: Object reference not set to an instance of an object
[Ref 6DF9E34F] Duplicate stacktrace, see ref for original
Could not execute post-long-event action. Exception: System.NullReferenceException: Object reference not set to an instance of an object
[Ref 6DF9E34F] Duplicate stacktrace, see ref for original
Could not execute post-long-event action. Exception: System.NullReferenceException: Object reference not set to an instance of an object
[Ref 6DF9E34F] Duplicate stacktrace, see ref for original
Could not execute post-long-event action. Exception: System.NullReferenceException: Object reference not set to an instance of an object
[Ref 6DF9E34F] Duplicate stacktrace, see ref for original
Could not execute post-long-event action. Exception: System.NullReferenceException: Object reference not set to an instance of an object
[Ref 6DF9E34F] Duplicate stacktrace, see ref for original
Could not execute post-long-event action. Exception: System.NullReferenceException: Object reference not set to an instance of an object
[Ref 6DF9E34F] Duplicate stacktrace, see ref for original
Could not execute post-long-event action. Exception: System.NullReferenceException: Object reference not set to an instance of an object
[Ref 6DF9E34F] Duplicate stacktrace, see ref for original
Could not execute post-long-event action. Exception: System.NullReferenceException: Object reference not set to an instance of an object
[Ref 6DF9E34F] Duplicate stacktrace, see ref for original
Could not execute post-long-event action. Exception: System.NullReferenceException: Object reference not set to an instance of an object
[Ref 6DF9E34F] Duplicate stacktrace, see ref for original
Could not execute post-long-event action. Exception: System.NullReferenceException: Object reference not set to an instance of an object
[Ref 6DF9E34F] Duplicate stacktrace, see ref for original
Could not execute post-long-event action. Exception: System.NullReferenceException: Object reference not set to an instance of an object
[Ref 6DF9E34F] Duplicate stacktrace, see ref for original
Could not execute post-long-event action. Exception: System.NullReferenceException: Object reference not set to an instance of an object
[Ref 6DF9E34F] Duplicate stacktrace, see ref for original
Could not execute post-long-event action. Exception: System.NullReferenceException: Object reference not set to an instance of an object
[Ref 6DF9E34F] Duplicate stacktrace, see ref for original
Could not execute post-long-event action. Exception: System.NullReferenceException: Object reference not set to an instance of an object
[Ref 6DF9E34F] Duplicate stacktrace, see ref for original
Could not execute post-long-event action. Exception: System.NullReferenceException: Object reference not set to an instance of an object
[Ref 6DF9E34F] Duplicate stacktrace, see ref for original
Could not execute post-long-event action. Exception: System.NullReferenceException: Object reference not set to an instance of an object
[Ref 6DF9E34F] Duplicate stacktrace, see ref for original
Could not execute post-long-event action. Exception: System.NullReferenceException: Object reference not set to an instance of an object
[Ref 6DF9E34F] Duplicate stacktrace, see ref for original
Could not execute post-long-event action. Exception: System.NullReferenceException: Object reference not set to an instance of an object
[Ref 6DF9E34F] Duplicate stacktrace, see ref for original
Could not execute post-long-event action. Exception: System.NullReferenceException: Object reference not set to an instance of an object
[Ref 6DF9E34F] Duplicate stacktrace, see ref for original
Could not execute post-long-event action. Exception: System.NullReferenceException: Object reference not set to an instance of an object
[Ref 6DF9E34F] Duplicate stacktrace, see ref for original
Could not execute post-long-event action. Exception: System.NullReferenceException: Object reference not set to an instance of an object
[Ref 6DF9E34F] Duplicate stacktrace, see ref for original
Could not execute post-long-event action. Exception: System.NullReferenceException: Object reference not set to an instance of an object
[Ref 6DF9E34F] Duplicate stacktrace, see ref for original
Could not execute post-long-event action. Exception: System.NullReferenceException: Object reference not set to an instance of an object
[Ref 6DF9E34F] Duplicate stacktrace, see ref for original
Could not execute post-long-event action. Exception: System.NullReferenceException: Object reference not set to an instance of an object
[Ref 6DF9E34F] Duplicate stacktrace, see ref for original
Could not execute post-long-event action. Exception: System.NullReferenceException: Object reference not set to an instance of an object
[Ref 6DF9E34F] Duplicate stacktrace, see ref for original
Could not execute post-long-event action. Exception: System.NullReferenceException: Object reference not set to an instance of an object
[Ref 6DF9E34F] Duplicate stacktrace, see ref for original
Could not execute post-long-event action. Exception: System.NullReferenceException: Object reference not set to an instance of an object
[Ref 4C8582E7] Duplicate stacktrace, see ref for original
Could not execute post-long-event action. Exception: System.NullReferenceException: Object reference not set to an instance of an object
[Ref 4C8582E7] Duplicate stacktrace, see ref for original
Could not execute post-long-event action. Exception: System.NullReferenceException: Object reference not set to an instance of an object
[Ref 4C8582E7] Duplicate stacktrace, see ref for original
Could not execute post-long-event action. Exception: System.NullReferenceException: Object reference not set to an instance of an object
[Ref 4C8582E7] Duplicate stacktrace, see ref for original
Could not execute post-long-event action. Exception: System.NullReferenceException: Object reference not set to an instance of an object
[Ref 4C8582E7] Duplicate stacktrace, see ref for original
Could not execute post-long-event action. Exception: System.NullReferenceException: Object reference not set to an instance of an object
[Ref 4C8582E7] Duplicate stacktrace, see ref for original
Could not execute post-long-event action. Exception: System.NullReferenceException: Object reference not set to an instance of an object
[Ref 4C8582E7] Duplicate stacktrace, see ref for original
Could not execute post-long-event action. Exception: System.NullReferenceException: Object reference not set to an instance of an object
[Ref 4C8582E7] Duplicate stacktrace, see ref for original
Could not execute post-long-event action. Exception: System.NullReferenceException: Object reference not set to an instance of an object
[Ref 4C8582E7] Duplicate stacktrace, see ref for original
Could not execute post-long-event action. Exception: System.NullReferenceException: Object reference not set to an instance of an object
[Ref 4C8582E7] Duplicate stacktrace, see ref for original
Could not execute post-long-event action. Exception: System.NullReferenceException: Object reference not set to an instance of an object
[Ref 4C8582E7] Duplicate stacktrace, see ref for original
Could not execute post-long-event action. Exception: System.NullReferenceException: Object reference not set to an instance of an object
[Ref 4C8582E7] Duplicate stacktrace, see ref for original
Could not execute post-long-event action. Exception: System.NullReferenceException: Object reference not set to an instance of an object
[Ref 4C8582E7] Duplicate stacktrace, see ref for original
Could not execute post-long-event action. Exception: System.NullReferenceException: Object reference not set to an instance of an object
[Ref 4C8582E7] Duplicate stacktrace, see ref for original
Could not execute post-long-event action. Exception: System.NullReferenceException: Object reference not set to an instance of an object
[Ref 4C8582E7] Duplicate stacktrace, see ref for original
Could not execute post-long-event action. Exception: System.NullReferenceException: Object reference not set to an instance of an object
[Ref 4C8582E7] Duplicate stacktrace, see ref for original
Could not execute post-long-event action. Exception: System.NullReferenceException: Object reference not set to an instance of an object
[Ref 4C8582E7] Duplicate stacktrace, see ref for original
Could not execute post-long-event action. Exception: System.NullReferenceException: Object reference not set to an instance of an object
[Ref 4C8582E7] Duplicate stacktrace, see ref for original
Could not execute post-long-event action. Exception: System.NullReferenceException: Object reference not set to an instance of an object
[Ref 4C8582E7] Duplicate stacktrace, see ref for original
Could not execute post-long-event action. Exception: System.NullReferenceException: Object reference not set to an instance of an object
[Ref 4C8582E7] Duplicate stacktrace, see ref for original
Could not execute post-long-event action. Exception: System.NullReferenceException: Object reference not set to an instance of an object
[Ref 4C8582E7] Duplicate stacktrace, see ref for original
Could not execute post-long-event action. Exception: System.NullReferenceException: Object reference not set to an instance of an object
[Ref 4C8582E7] Duplicate stacktrace, see ref for original
Could not execute post-long-event action. Exception: System.NullReferenceException: Object reference not set to an instance of an object
[Ref 4C8582E7] Duplicate stacktrace, see ref for original
Could not execute post-long-event action. Exception: System.NullReferenceException: Object reference not set to an instance of an object
[Ref 4C8582E7] Duplicate stacktrace, see ref for original
Could not execute post-long-event action. Exception: System.NullReferenceException: Object reference not set to an instance of an object
[Ref 1AA79EB2] Duplicate stacktrace, see ref for original
Could not execute post-long-event action. Exception: System.NullReferenceException: Object reference not set to an instance of an object
[Ref 1AA79EB2] Duplicate stacktrace, see ref for original
Could not execute post-long-event action. Exception: System.NullReferenceException: Object reference not set to an instance of an object
[Ref 1AA79EB2] Duplicate stacktrace, see ref for original
Could not execute post-long-event action. Exception: System.NullReferenceException: Object reference not set to an instance of an object
[Ref 1AA79EB2] Duplicate stacktrace, see ref for original
Could not execute post-long-event action. Exception: System.NullReferenceException: Object reference not set to an instance of an object
[Ref 1AA79EB2] Duplicate stacktrace, see ref for original
Could not execute post-long-event action. Exception: System.NullReferenceException: Object reference not set to an instance of an object
[Ref 1AA79EB2] Duplicate stacktrace, see ref for original
Could not execute post-long-event action. Exception: System.NullReferenceException: Object reference not set to an instance of an object
[Ref 1AA79EB2] Duplicate stacktrace, see ref for original
Could not execute post-long-event action. Exception: System.NullReferenceException: Object reference not set to an instance of an object
[Ref 1AA79EB2] Duplicate stacktrace, see ref for original
Could not execute post-long-event action. Exception: System.NullReferenceException: Object reference not set to an instance of an object
[Ref 1AA79EB2] Duplicate stacktrace, see ref for original
Could not execute post-long-event action. Exception: System.NullReferenceException: Object reference not set to an instance of an object
[Ref 1AA79EB2] Duplicate stacktrace, see ref for original
Could not execute post-long-event action. Exception: System.NullReferenceException: Object reference not set to an instance of an object
[Ref 1AA79EB2] Duplicate stacktrace, see ref for original
Could not execute post-long-event action. Exception: System.NullReferenceException: Object reference not set to an instance of an object
[Ref 1AA79EB2] Duplicate stacktrace, see ref for original
Could not execute post-long-event action. Exception: System.NullReferenceException: Object reference not set to an instance of an object
[Ref 1AA79EB2] Duplicate stacktrace, see ref for original
Could not execute post-long-event action. Exception: System.NullReferenceException: Object reference not set to an instance of an object
[Ref 1AA79EB2] Duplicate stacktrace, see ref for original
Could not execute post-long-event action. Exception: System.NullReferenceException: Object reference not set to an instance of an object
[Ref 1AA79EB2] Duplicate stacktrace, see ref for original
Could not execute post-long-event action. Exception: System.NullReferenceException: Object reference not set to an instance of an object
[Ref 1AA79EB2] Duplicate stacktrace, see ref for original
Could not execute post-long-event action. Exception: System.NullReferenceException: Object reference not set to an instance of an object
[Ref 1AA79EB2] Duplicate stacktrace, see ref for original
Could not execute post-long-event action. Exception: System.NullReferenceException: Object reference not set to an instance of an object
[Ref 1AA79EB2] Duplicate stacktrace, see ref for original
Could not execute post-long-event action. Exception: System.NullReferenceException: Object reference not set to an instance of an object
[Ref 1AA79EB2] Duplicate stacktrace, see ref for original
Could not execute post-long-event action. Exception: System.NullReferenceException: Object reference not set to an instance of an object
[Ref 1AA79EB2] Duplicate stacktrace, see ref for original
Could not execute post-long-event action. Exception: System.NullReferenceException: Object reference not set to an instance of an object
[Ref 1AA79EB2] Duplicate stacktrace, see ref for original
Could not execute post-long-event action. Exception: System.NullReferenceException: Object reference not set to an instance of an object
[Ref 1AA79EB2] Duplicate stacktrace, see ref for original
Could not execute post-long-event action. Exception: System.NullReferenceException: Object reference not set to an instance of an object
[Ref 1AA79EB2] Duplicate stacktrace, see ref for original
Could not execute post-long-event action. Exception: System.NullReferenceException: Object reference not set to an instance of an object
[Ref 1AA79EB2] Duplicate stacktrace, see ref for original
Could not execute post-long-event action. Exception: System.NullReferenceException: Object reference not set to an instance of an object
[Ref 1AA79EB2] Duplicate stacktrace, see ref for original
Could not execute post-long-event action. Exception: System.NullReferenceException: Object reference not set to an instance of an object
[Ref 1AA79EB2] Duplicate stacktrace, see ref for original
Could not execute post-long-event action. Exception: System.NullReferenceException: Object reference not set to an instance of an object
[Ref 1AA79EB2] Duplicate stacktrace, see ref for original
Could not execute post-long-event action. Exception: System.NullReferenceException: Object reference not set to an instance of an object
[Ref 1AA79EB2] Duplicate stacktrace, see ref for original
Could not execute post-long-event action. Exception: System.NullReferenceException: Object reference not set to an instance of an object
[Ref 1AA79EB2] Duplicate stacktrace, see ref for original
Could not execute post-long-event action. Exception: System.NullReferenceException: Object reference not set to an instance of an object
[Ref 1AA79EB2] Duplicate stacktrace, see ref for original
Could not execute post-long-event action. Exception: System.NullReferenceException: Object reference not set to an instance of an object
[Ref 1AA79EB2] Duplicate stacktrace, see ref for original
Could not execute post-long-event action. Exception: System.NullReferenceException: Object reference not set to an instance of an object
[Ref 1AA79EB2] Duplicate stacktrace, see ref for original
Could not execute post-long-event action. Exception: System.NullReferenceException: Object reference not set to an instance of an object
[Ref 1AA79EB2] Duplicate stacktrace, see ref for original
Could not execute post-long-event action. Exception: System.NullReferenceException: Object reference not set to an instance of an object
[Ref 1AA79EB2] Duplicate stacktrace, see ref for original
Could not execute post-long-event action. Exception: System.NullReferenceException: Object reference not set to an instance of an object
[Ref 1AA79EB2] Duplicate stacktrace, see ref for original
Could not execute post-long-event action. Exception: System.NullReferenceException: Object reference not set to an instance of an object
[Ref 1AA79EB2] Duplicate stacktrace, see ref for original
Could not execute post-long-event action. Exception: System.NullReferenceException: Object reference not set to an instance of an object
[Ref 1AA79EB2] Duplicate stacktrace, see ref for original
Could not execute post-long-event action. Exception: System.NullReferenceException: Object reference not set to an instance of an object
[Ref 1AA79EB2] Duplicate stacktrace, see ref for original
Could not execute post-long-event action. Exception: System.NullReferenceException: Object reference not set to an instance of an object
[Ref 1AA79EB2] Duplicate stacktrace, see ref for original
Could not execute post-long-event action. Exception: System.NullReferenceException: Object reference not set to an instance of an object
[Ref 1AA79EB2] Duplicate stacktrace, see ref for original
ERROR: Shader Custom/Psyfocus Meditation Pulse shader is not supported on this GPU (none of subshaders/fallbacks are suitable)
ERROR: Shader Custom/Mote glow pulse link shader is not supported on this GPU (none of subshaders/fallbacks are suitable)
ERROR: Shader Custom/Mote Psychic Warmup WordOf shader is not supported on this GPU (none of subshaders/fallbacks are suitable)
ERROR: Shader Custom/Mote Psychic Warmup WordOf shader is not supported on this GPU (none of subshaders/fallbacks are suitable)
Could not execute post-long-event action. Exception: System.NullReferenceException: Object reference not set to an instance of an object
[Ref 4C8582E7] Duplicate stacktrace, see ref for original
Could not execute post-long-event action. Exception: System.NullReferenceException: Object reference not set to an instance of an object
[Ref 4C8582E7] Duplicate stacktrace, see ref for original
Could not execute post-long-event action. Exception: System.NullReferenceException: Object reference not set to an instance of an object
[Ref 4C8582E7] Duplicate stacktrace, see ref for original
Could not execute post-long-event action. Exception: System.NullReferenceException: Object reference not set to an instance of an object
[Ref 4C8582E7] Duplicate stacktrace, see ref for original
Could not execute post-long-event action. Exception: System.NullReferenceException: Object reference not set to an instance of an object
[Ref 4C8582E7] Duplicate stacktrace, see ref for original
Could not execute post-long-event action. Exception: System.NullReferenceException: Object reference not set to an instance of an object
[Ref 4C8582E7] Duplicate stacktrace, see ref for original
Could not execute post-long-event action. Exception: System.NullReferenceException: Object reference not set to an instance of an object
[Ref 4C8582E7] Duplicate stacktrace, see ref for original
Could not execute post-long-event action. Exception: System.NullReferenceException: Object reference not set to an instance of an object
[Ref 4C8582E7] Duplicate stacktrace, see ref for original
Could not execute post-long-event action. Exception: System.NullReferenceException: Object reference not set to an instance of an object
[Ref 4C8582E7] Duplicate stacktrace, see ref for original
Could not execute post-long-event action. Exception: System.NullReferenceException: Object reference not set to an instance of an object
[Ref 4C8582E7] Duplicate stacktrace, see ref for original
Could not execute post-long-event action. Exception: System.NullReferenceException: Object reference not set to an instance of an object
[Ref 4C8582E7] Duplicate stacktrace, see ref for original
Could not execute post-long-event action. Exception: System.NullReferenceException: Object reference not set to an instance of an object
[Ref 4C8582E7] Duplicate stacktrace, see ref for original
Could not execute post-long-event action. Exception: System.NullReferenceException: Object reference not set to an instance of an object
[Ref 4C8582E7] Duplicate stacktrace, see ref for original
Could not execute post-long-event action. Exception: System.NullReferenceException: Object reference not set to an instance of an object
[Ref 4C8582E7] Duplicate stacktrace, see ref for original
Could not execute post-long-event action. Exception: System.NullReferenceException: Object reference not set to an instance of an object
[Ref 4C8582E7] Duplicate stacktrace, see ref for original
Could not execute post-long-event action. Exception: System.NullReferenceException: Object reference not set to an instance of an object
[Ref 4C8582E7] Duplicate stacktrace, see ref for original
Could not execute post-long-event action. Exception: System.NullReferenceException: Object reference not set to an instance of an object
[Ref 4C8582E7] Duplicate stacktrace, see ref for original
Could not execute post-long-event action. Exception: System.NullReferenceException: Object reference not set to an instance of an object
[Ref 4C8582E7] Duplicate stacktrace, see ref for original
Could not execute post-long-event action. Exception: System.NullReferenceException: Object reference not set to an instance of an object
[Ref 4C8582E7] Duplicate stacktrace, see ref for original
Could not execute post-long-event action. Exception: System.NullReferenceException: Object reference not set to an instance of an object
[Ref 4C8582E7] Duplicate stacktrace, see ref for original
Could not execute post-long-event action. Exception: System.NullReferenceException: Object reference not set to an instance of an object
[Ref 4C8582E7] Duplicate stacktrace, see ref for original
Could not execute post-long-event action. Exception: System.NullReferenceException: Object reference not set to an instance of an object
[Ref 4C8582E7] Duplicate stacktrace, see ref for original
Could not execute post-long-event action. Exception: System.NullReferenceException: Object reference not set to an instance of an object
[Ref 4C8582E7] Duplicate stacktrace, see ref for original
Could not execute post-long-event action. Exception: System.NullReferenceException: Object reference not set to an instance of an object
[Ref 4C8582E7] Duplicate stacktrace, see ref for original
Could not execute post-long-event action. Exception: System.NullReferenceException: Object reference not set to an instance of an object
[Ref 4C8582E7] Duplicate stacktrace, see ref for original
Could not execute post-long-event action. Exception: System.NullReferenceException: Object reference not set to an instance of an object
[Ref 4C8582E7] Duplicate stacktrace, see ref for original
Could not execute post-long-event action. Exception: System.NullReferenceException: Object reference not set to an instance of an object
[Ref 4C8582E7] Duplicate stacktrace, see ref for original
Could not execute post-long-event action. Exception: System.NullReferenceException: Object reference not set to an instance of an object
[Ref 4C8582E7] Duplicate stacktrace, see ref for original
Could not execute post-long-event action. Exception: System.NullReferenceException: Object reference not set to an instance of an object
[Ref 4C8582E7] Duplicate stacktrace, see ref for original
Could not execute post-long-event action. Exception: System.NullReferenceException: Object reference not set to an instance of an object
[Ref 4C8582E7] Duplicate stacktrace, see ref for original
Could not execute post-long-event action. Exception: System.NullReferenceException: Object reference not set to an instance of an object
[Ref 4C8582E7] Duplicate stacktrace, see ref for original
Could not execute post-long-event action. Exception: System.NullReferenceException: Object reference not set to an instance of an object
[Ref 4C8582E7] Duplicate stacktrace, see ref for original
Could not execute post-long-event action. Exception: System.NullReferenceException: Object reference not set to an instance of an object
[Ref 4C8582E7] Duplicate stacktrace, see ref for original
Could not execute post-long-event action. Exception: System.NullReferenceException: Object reference not set to an instance of an object
[Ref 4C8582E7] Duplicate stacktrace, see ref for original
Could not execute post-long-event action. Exception: System.NullReferenceException: Object reference not set to an instance of an object
[Ref 4C8582E7] Duplicate stacktrace, see ref for original
Could not execute post-long-event action. Exception: System.NullReferenceException: Object reference not set to an instance of an object
[Ref 4C8582E7] Duplicate stacktrace, see ref for original
Could not execute post-long-event action. Exception: System.NullReferenceException: Object reference not set to an instance of an object
[Ref 4C8582E7] Duplicate stacktrace, see ref for original
Could not execute post-long-event action. Exception: System.NullReferenceException: Object reference not set to an instance of an object
[Ref CF2FF030] Duplicate stacktrace, see ref for original
Could not execute post-long-event action. Exception: System.NullReferenceException: Object reference not set to an instance of an object
[Ref CF2FF030] Duplicate stacktrace, see ref for original
Could not execute post-long-event action. Exception: System.NullReferenceException: Object reference not set to an instance of an object
[Ref CF2FF030] Duplicate stacktrace, see ref for original
Could not execute post-long-event action. Exception: System.NullReferenceException: Object reference not set to an instance of an object
[Ref 4C8582E7] Duplicate stacktrace, see ref for original
Could not execute post-long-event action. Exception: System.NullReferenceException: Object reference not set to an instance of an object
[Ref 4C8582E7] Duplicate stacktrace, see ref for original
Could not execute post-long-event action. Exception: System.NullReferenceException: Object reference not set to an instance of an object
[Ref 4C8582E7] Duplicate stacktrace, see ref for original
Could not execute post-long-event action. Exception: System.NullReferenceException: Object reference not set to an instance of an object
[Ref 4C8582E7] Duplicate stacktrace, see ref for original
Could not execute post-long-event action. Exception: System.NullReferenceException: Object reference not set to an instance of an object
[Ref 4C8582E7] Duplicate stacktrace, see ref for original
Could not execute post-long-event action. Exception: System.NullReferenceException: Object reference not set to an instance of an object
[Ref 4C8582E7] Duplicate stacktrace, see ref for original
Could not execute post-long-event action. Exception: System.NullReferenceException: Object reference not set to an instance of an object
[Ref 4C8582E7] Duplicate stacktrace, see ref for original
Could not execute post-long-event action. Exception: System.NullReferenceException: Object reference not set to an instance of an object
[Ref 4C8582E7] Duplicate stacktrace, see ref for original
Could not execute post-long-event action. Exception: System.NullReferenceException: Object reference not set to an instance of an object
[Ref 4C8582E7] Duplicate stacktrace, see ref for original
Could not execute post-long-event action. Exception: System.NullReferenceException: Object reference not set to an instance of an object
[Ref 4C8582E7] Duplicate stacktrace, see ref for original
Could not execute post-long-event action. Exception: System.NullReferenceException: Object reference not set to an instance of an object
[Ref 4C8582E7] Duplicate stacktrace, see ref for original
Could not execute post-long-event action. Exception: System.NullReferenceException: Object reference not set to an instance of an object
[Ref 4C8582E7] Duplicate stacktrace, see ref for original
Could not execute post-long-event action. Exception: System.NullReferenceException: Object reference not set to an instance of an object
[Ref 4C8582E7] Duplicate stacktrace, see ref for original
Could not execute post-long-event action. Exception: System.NullReferenceException: Object reference not set to an instance of an object
[Ref CF2FF030] Duplicate stacktrace, see ref for original
Could not execute post-long-event action. Exception: System.NullReferenceException: Object reference not set to an instance of an object
[Ref 4C8582E7] Duplicate stacktrace, see ref for original
Could not execute post-long-event action. Exception: System.NullReferenceException: Object reference not set to an instance of an object
[Ref CF2FF030] Duplicate stacktrace, see ref for original
Could not execute post-long-event action. Exception: System.NullReferenceException: Object reference not set to an instance of an object
[Ref 1AA79EB2] Duplicate stacktrace, see ref for original
Could not execute post-long-event action. Exception: System.NullReferenceException: Object reference not set to an instance of an object
[Ref 1AA79EB2] Duplicate stacktrace, see ref for original
Could not execute post-long-event action. Exception: System.NullReferenceException: Object reference not set to an instance of an object
[Ref 1AA79EB2] Duplicate stacktrace, see ref for original
Could not execute post-long-event action. Exception: System.NullReferenceException: Object reference not set to an instance of an object
[Ref 1AA79EB2] Duplicate stacktrace, see ref for original
Could not execute post-long-event action. Exception: System.NullReferenceException: Object reference not set to an instance of an object
[Ref 1AA79EB2] Duplicate stacktrace, see ref for original
Could not execute post-long-event action. Exception: System.NullReferenceException: Object reference not set to an instance of an object
[Ref 1AA79EB2] Duplicate stacktrace, see ref for original
Could not execute post-long-event action. Exception: System.NullReferenceException: Object reference not set to an instance of an object
[Ref 1AA79EB2] Duplicate stacktrace, see ref for original
Could not execute post-long-event action. Exception: System.NullReferenceException: Object reference not set to an instance of an object
[Ref 1AA79EB2] Duplicate stacktrace, see ref for original
Could not execute post-long-event action. Exception: System.NullReferenceException: Object reference not set to an instance of an object
[Ref 1AA79EB2] Duplicate stacktrace, see ref for original
Could not execute post-long-event action. Exception: System.NullReferenceException: Object reference not set to an instance of an object
[Ref 1AA79EB2] Duplicate stacktrace, see ref for original
Could not execute post-long-event action. Exception: System.NullReferenceException: Object reference not set to an instance of an object
[Ref 1AA79EB2] Duplicate stacktrace, see ref for original
Could not execute post-long-event action. Exception: System.NullReferenceException: Object reference not set to an instance of an object
[Ref 1AA79EB2] Duplicate stacktrace, see ref for original
Could not execute post-long-event action. Exception: System.NullReferenceException: Object reference not set to an instance of an object
[Ref 1AA79EB2] Duplicate stacktrace, see ref for original
Could not execute post-long-event action. Exception: System.NullReferenceException: Object reference not set to an instance of an object
[Ref 1AA79EB2] Duplicate stacktrace, see ref for original
Could not execute post-long-event action. Exception: System.NullReferenceException: Object reference not set to an instance of an object
[Ref 1AA79EB2] Duplicate stacktrace, see ref for original
Could not execute post-long-event action. Exception: System.NullReferenceException: Object reference not set to an instance of an object
[Ref 1AA79EB2] Duplicate stacktrace, see ref for original
Could not execute post-long-event action. Exception: System.NullReferenceException: Object reference not set to an instance of an object
[Ref 1AA79EB2] Duplicate stacktrace, see ref for original
Could not execute post-long-event action. Exception: System.NullReferenceException: Object reference not set to an instance of an object
[Ref 1AA79EB2] Duplicate stacktrace, see ref for original
Could not execute post-long-event action. Exception: System.NullReferenceException: Object reference not set to an instance of an object
[Ref 1AA79EB2] Duplicate stacktrace, see ref for original
Could not execute post-long-event action. Exception: System.NullReferenceException: Object reference not set to an instance of an object
[Ref 1AA79EB2] Duplicate stacktrace, see ref for original
Could not execute post-long-event action. Exception: System.NullReferenceException: Object reference not set to an instance of an object
[Ref 1AA79EB2] Duplicate stacktrace, see ref for original
Could not execute post-long-event action. Exception: System.NullReferenceException: Object reference not set to an instance of an object
[Ref 1AA79EB2] Duplicate stacktrace, see ref for original
Could not execute post-long-event action. Exception: System.NullReferenceException: Object reference not set to an instance of an object
[Ref 1AA79EB2] Duplicate stacktrace, see ref for original
Could not execute post-long-event action. Exception: System.NullReferenceException: Object reference not set to an instance of an object
[Ref 1AA79EB2] Duplicate stacktrace, see ref for original
Could not execute post-long-event action. Exception: System.NullReferenceException: Object reference not set to an instance of an object
[Ref 1AA79EB2] Duplicate stacktrace, see ref for original
Could not execute post-long-event action. Exception: System.NullReferenceException: Object reference not set to an instance of an object
[Ref 1AA79EB2] Duplicate stacktrace, see ref for original
Could not execute post-long-event action. Exception: System.NullReferenceException: Object reference not set to an instance of an object
[Ref 1AA79EB2] Duplicate stacktrace, see ref for original
Could not execute post-long-event action. Exception: System.NullReferenceException: Object reference not set to an instance of an object
[Ref 1AA79EB2] Duplicate stacktrace, see ref for original
Could not execute post-long-event action. Exception: System.NullReferenceException: Object reference not set to an instance of an object
[Ref 1AA79EB2] Duplicate stacktrace, see ref for original
ERROR: Shader Custom/Bullet shield psychic shader is not supported on this GPU (none of subshaders/fallbacks are suitable)
ERROR: Shader Custom/Flashstorm Psychic shader is not supported on this GPU (none of subshaders/fallbacks are suitable)
Could not execute post-long-event action. Exception: System.NullReferenceException: Object reference not set to an instance of an object
[Ref 4C8582E7] Duplicate stacktrace, see ref for original
Could not execute post-long-event action. Exception: System.NullReferenceException: Object reference not set to an instance of an object
[Ref 6DF9E34F] Duplicate stacktrace, see ref for original
Could not execute post-long-event action. Exception: System.NullReferenceException: Object reference not set to an instance of an object
[Ref 6DF9E34F] Duplicate stacktrace, see ref for original
Could not execute post-long-event action. Exception: System.NullReferenceException: Object reference not set to an instance of an object
[Ref 6DF9E34F] Duplicate stacktrace, see ref for original
Could not execute post-long-event action. Exception: System.NullReferenceException: Object reference not set to an instance of an object
[Ref 6DF9E34F] Duplicate stacktrace, see ref for original
Could not execute post-long-event action. Exception: System.NullReferenceException: Object reference not set to an instance of an object
[Ref 1AA79EB2] Duplicate stacktrace, see ref for original
Could not execute post-long-event action. Exception: System.NullReferenceException: Object reference not set to an instance of an object
[Ref 1AA79EB2] Duplicate stacktrace, see ref for original
Could not execute post-long-event action. Exception: System.NullReferenceException: Object reference not set to an instance of an object
[Ref 1AA79EB2] Duplicate stacktrace, see ref for original
Could not execute post-long-event action. Exception: System.NullReferenceException: Object reference not set to an instance of an object
[Ref 1AA79EB2] Duplicate stacktrace, see ref for original
Could not execute post-long-event action. Exception: System.NullReferenceException: Object reference not set to an instance of an object
[Ref 1AA79EB2] Duplicate stacktrace, see ref for original
Could not execute post-long-event action. Exception: System.NullReferenceException: Object reference not set to an instance of an object
[Ref 1AA79EB2] Duplicate stacktrace, see ref for original
Could not execute post-long-event action. Exception: System.NullReferenceException: Object reference not set to an instance of an object
[Ref 1AA79EB2] Duplicate stacktrace, see ref for original
Could not execute post-long-event action. Exception: System.NullReferenceException: Object reference not set to an instance of an object
[Ref 1AA79EB2] Duplicate stacktrace, see ref for original
Could not execute post-long-event action. Exception: System.NullReferenceException: Object reference not set to an instance of an object
[Ref 1AA79EB2] Duplicate stacktrace, see ref for original
Could not execute post-long-event action. Exception: System.NullReferenceException: Object reference not set to an instance of an object
[Ref 1AA79EB2] Duplicate stacktrace, see ref for original
ERROR: Shader Custom/Ritual flow rays (ritual glow) shader is not supported on this GPU (none of subshaders/fallbacks are suitable)
ERROR: Shader Custom/Ritual flow rays (ritual smoke) shader is not supported on this GPU (none of subshaders/fallbacks are suitable)
ERROR: Shader Custom/Ritual outline shader is not supported on this GPU (none of subshaders/fallbacks are suitable)
ERROR: Shader Custom/Ritual flow rays (ritual glow single ray) shader is not supported on this GPU (none of subshaders/fallbacks are suitable)
ERROR: Shader Custom/CutoutAnimated shader is not supported on this GPU (none of subshaders/fallbacks are suitable)
ERROR: Shader Custom/Additive Change Hue shader is not supported on this GPU (none of subshaders/fallbacks are suitable)
Could not execute post-long-event action. Exception: System.NullReferenceException: Object reference not set to an instance of an object
[Ref CF2FF030] Duplicate stacktrace, see ref for original
Could not execute post-long-event action. Exception: System.NullReferenceException: Object reference not set to an instance of an object
[Ref CF2FF030] Duplicate stacktrace, see ref for original
Could not execute post-long-event action. Exception: System.NullReferenceException: Object reference not set to an instance of an object
[Ref CF2FF030] Duplicate stacktrace, see ref for original
Could not execute post-long-event action. Exception: System.NullReferenceException: Object reference not set to an instance of an object
[Ref CF2FF030] Duplicate stacktrace, see ref for original
Could not execute post-long-event action. Exception: System.NullReferenceException: Object reference not set to an instance of an object
[Ref CF2FF030] Duplicate stacktrace, see ref for original
Could not execute post-long-event action. Exception: System.NullReferenceException: Object reference not set to an instance of an object
[Ref 6DF9E34F] Duplicate stacktrace, see ref for original
Could not execute post-long-event action. Exception: System.NullReferenceException: Object reference not set to an instance of an object
[Ref 4C8582E7] Duplicate stacktrace, see ref for original
Could not execute post-long-event action. Exception: System.NullReferenceException: Object reference not set to an instance of an object
[Ref CF2FF030] Duplicate stacktrace, see ref for original
Could not execute post-long-event action. Exception: System.NullReferenceException: Object reference not set to an instance of an object
[Ref CF2FF030] Duplicate stacktrace, see ref for original
Could not execute post-long-event action. Exception: System.NullReferenceException: Object reference not set to an instance of an object
[Ref CF2FF030] Duplicate stacktrace, see ref for original
Could not execute post-long-event action. Exception: System.NullReferenceException: Object reference not set to an instance of an object
[Ref CF2FF030] Duplicate stacktrace, see ref for original
Could not execute post-long-event action. Exception: System.NullReferenceException: Object reference not set to an instance of an object
[Ref 4C8582E7] Duplicate stacktrace, see ref for original
Could not execute post-long-event action. Exception: System.NullReferenceException: Object reference not set to an instance of an object
[Ref CF2FF030] Duplicate stacktrace, see ref for original
Could not execute post-long-event action. Exception: System.NullReferenceException: Object reference not set to an instance of an object
[Ref CF2FF030] Duplicate stacktrace, see ref for original
Could not execute post-long-event action. Exception: System.NullReferenceException: Object reference not set to an instance of an object
[Ref 4C8582E7] Duplicate stacktrace, see ref for original
Could not execute post-long-event action. Exception: System.NullReferenceException: Object reference not set to an instance of an object
[Ref CF2FF030] Duplicate stacktrace, see ref for original
Could not execute post-long-event action. Exception: System.NullReferenceException: Object reference not set to an instance of an object
[Ref 4C8582E7] Duplicate stacktrace, see ref for original
Could not execute post-long-event action. Exception: System.NullReferenceException: Object reference not set to an instance of an object
[Ref 4C8582E7] Duplicate stacktrace, see ref for original
Could not execute post-long-event action. Exception: System.NullReferenceException: Object reference not set to an instance of an object
[Ref CF2FF030] Duplicate stacktrace, see ref for original
Could not execute post-long-event action. Exception: System.NullReferenceException: Object reference not set to an instance of an object
[Ref CF2FF030] Duplicate stacktrace, see ref for original
Could not execute post-long-event action. Exception: System.NullReferenceException: Object reference not set to an instance of an object
[Ref CF2FF030] Duplicate stacktrace, see ref for original
Could not execute post-long-event action. Exception: System.NullReferenceException: Object reference not set to an instance of an object
[Ref 4C8582E7] Duplicate stacktrace, see ref for original
Could not execute post-long-event action. Exception: System.NullReferenceException: Object reference not set to an instance of an object
[Ref 4C8582E7] Duplicate stacktrace, see ref for original
Could not execute post-long-event action. Exception: System.NullReferenceException: Object reference not set to an instance of an object
[Ref CF2FF030] Duplicate stacktrace, see ref for original
Could not execute post-long-event action. Exception: System.NullReferenceException: Object reference not set to an instance of an object
[Ref 4C8582E7] Duplicate stacktrace, see ref for original
Could not execute post-long-event action. Exception: System.NullReferenceException: Object reference not set to an instance of an object
[Ref CF2FF030] Duplicate stacktrace, see ref for original
Could not execute post-long-event action. Exception: System.NullReferenceException: Object reference not set to an instance of an object
[Ref CF2FF030] Duplicate stacktrace, see ref for original
Could not execute post-long-event action. Exception: System.NullReferenceException: Object reference not set to an instance of an object
[Ref CF2FF030] Duplicate stacktrace, see ref for original
Could not execute post-long-event action. Exception: System.NullReferenceException: Object reference not set to an instance of an object
[Ref 4C8582E7] Duplicate stacktrace, see ref for original
Could not execute post-long-event action. Exception: System.NullReferenceException: Object reference not set to an instance of an object
[Ref CF2FF030] Duplicate stacktrace, see ref for original
Could not execute post-long-event action. Exception: System.NullReferenceException: Object reference not set to an instance of an object
[Ref CF2FF030] Duplicate stacktrace, see ref for original
Could not execute post-long-event action. Exception: System.NullReferenceException: Object reference not set to an instance of an object
[Ref 4C8582E7] Duplicate stacktrace, see ref for original
Could not execute post-long-event action. Exception: System.NullReferenceException: Object reference not set to an instance of an object
[Ref 4C8582E7] Duplicate stacktrace, see ref for original
Could not execute post-long-event action. Exception: System.NullReferenceException: Object reference not set to an instance of an object
[Ref 4C8582E7] Duplicate stacktrace, see ref for original
Could not execute post-long-event action. Exception: System.NullReferenceException: Object reference not set to an instance of an object
[Ref 6DF9E34F] Duplicate stacktrace, see ref for original
Could not execute post-long-event action. Exception: System.NullReferenceException: Object reference not set to an instance of an object
[Ref 4C8582E7] Duplicate stacktrace, see ref for original
Could not execute post-long-event action. Exception: System.NullReferenceException: Object reference not set to an instance of an object
[Ref 4C8582E7] Duplicate stacktrace, see ref for original
Could not execute post-long-event action. Exception: System.NullReferenceException: Object reference not set to an instance of an object
[Ref 4C8582E7] Duplicate stacktrace, see ref for original
Could not execute post-long-event action. Exception: System.NullReferenceException: Object reference not set to an instance of an object
[Ref 4C8582E7] Duplicate stacktrace, see ref for original
Could not execute post-long-event action. Exception: System.NullReferenceException: Object reference not set to an instance of an object
[Ref 4C8582E7] Duplicate stacktrace, see ref for original
Could not execute post-long-event action. Exception: System.NullReferenceException: Object reference not set to an instance of an object
[Ref 1AA79EB2] Duplicate stacktrace, see ref for original
Could not execute post-long-event action. Exception: System.NullReferenceException: Object reference not set to an instance of an object
[Ref 1AA79EB2] Duplicate stacktrace, see ref for original
Could not execute post-long-event action. Exception: System.NullReferenceException: Object reference not set to an instance of an object
[Ref 1AA79EB2] Duplicate stacktrace, see ref for original
Could not execute post-long-event action. Exception: System.NullReferenceException: Object reference not set to an instance of an object
[Ref 1AA79EB2] Duplicate stacktrace, see ref for original
Could not execute post-long-event action. Exception: System.NullReferenceException: Object reference not set to an instance of an object
[Ref 1AA79EB2] Duplicate stacktrace, see ref for original
Could not execute post-long-event action. Exception: System.NullReferenceException: Object reference not set to an instance of an object
[Ref 1AA79EB2] Duplicate stacktrace, see ref for original
Could not execute post-long-event action. Exception: System.NullReferenceException: Object reference not set to an instance of an object
[Ref 1AA79EB2] Duplicate stacktrace, see ref for original
Could not execute post-long-event action. Exception: System.NullReferenceException: Object reference not set to an instance of an object
[Ref 1AA79EB2] Duplicate stacktrace, see ref for original
Could not execute post-long-event action. Exception: System.NullReferenceException: Object reference not set to an instance of an object
[Ref 1AA79EB2] Duplicate stacktrace, see ref for original
Could not execute post-long-event action. Exception: System.NullReferenceException: Object reference not set to an instance of an object
[Ref 1AA79EB2] Duplicate stacktrace, see ref for original
Could not execute post-long-event action. Exception: System.NullReferenceException: Object reference not set to an instance of an object
[Ref 1AA79EB2] Duplicate stacktrace, see ref for original
Could not execute post-long-event action. Exception: System.NullReferenceException: Object reference not set to an instance of an object
[Ref 1AA79EB2] Duplicate stacktrace, see ref for original
Could not execute post-long-event action. Exception: System.NullReferenceException: Object reference not set to an instance of an object
[Ref 1AA79EB2] Duplicate stacktrace, see ref for original
Could not execute post-long-event action. Exception: System.NullReferenceException: Object reference not set to an instance of an object
[Ref 6DF9E34F] Duplicate stacktrace, see ref for original
Could not execute post-long-event action. Exception: System.NullReferenceException: Object reference not set to an instance of an object
[Ref 6DF9E34F] Duplicate stacktrace, see ref for original
Could not execute post-long-event action. Exception: System.NullReferenceException: Object reference not set to an instance of an object
[Ref 6DF9E34F] Duplicate stacktrace, see ref for original
Could not execute post-long-event action. Exception: System.NullReferenceException: Object reference not set to an instance of an object
[Ref 6DF9E34F] Duplicate stacktrace, see ref for original
Could not execute post-long-event action. Exception: System.NullReferenceException: Object reference not set to an instance of an object
[Ref 6DF9E34F] Duplicate stacktrace, see ref for original
Could not execute post-long-event action. Exception: System.NullReferenceException: Object reference not set to an instance of an object
[Ref 6DF9E34F] Duplicate stacktrace, see ref for original
Could not execute post-long-event action. Exception: System.NullReferenceException: Object reference not set to an instance of an object
[Ref 6DF9E34F] Duplicate stacktrace, see ref for original
Could not execute post-long-event action. Exception: System.NullReferenceException: Object reference not set to an instance of an object
[Ref 6DF9E34F] Duplicate stacktrace, see ref for original
Could not execute post-long-event action. Exception: System.NullReferenceException: Object reference not set to an instance of an object
[Ref 6DF9E34F] Duplicate stacktrace, see ref for original
Could not execute post-long-event action. Exception: System.NullReferenceException: Object reference not set to an instance of an object
[Ref 6DF9E34F] Duplicate stacktrace, see ref for original
Could not execute post-long-event action. Exception: System.NullReferenceException: Object reference not set to an instance of an object
[Ref 6DF9E34F] Duplicate stacktrace, see ref for original
Could not execute post-long-event action. Exception: System.NullReferenceException: Object reference not set to an instance of an object
[Ref 6DF9E34F] Duplicate stacktrace, see ref for original
Could not execute post-long-event action. Exception: System.NullReferenceException: Object reference not set to an instance of an object
[Ref 4C8582E7] Duplicate stacktrace, see ref for original
Could not execute post-long-event action. Exception: System.NullReferenceException: Object reference not set to an instance of an object
[Ref 4C8582E7] Duplicate stacktrace, see ref for original
Could not execute post-long-event action. Exception: System.NullReferenceException: Object reference not set to an instance of an object
[Ref 4C8582E7] Duplicate stacktrace, see ref for original
Could not execute post-long-event action. Exception: System.NullReferenceException: Object reference not set to an instance of an object
[Ref 4C8582E7] Duplicate stacktrace, see ref for original
Could not execute post-long-event action. Exception: System.NullReferenceException: Object reference not set to an instance of an object
[Ref 4C8582E7] Duplicate stacktrace, see ref for original
Could not execute post-long-event action. Exception: System.NullReferenceException: Object reference not set to an instance of an object
[Ref 4C8582E7] Duplicate stacktrace, see ref for original
Could not execute post-long-event action. Exception: System.NullReferenceException: Object reference not set to an instance of an object
[Ref 4C8582E7] Duplicate stacktrace, see ref for original
Could not execute post-long-event action. Exception: System.NullReferenceException: Object reference not set to an instance of an object
[Ref 4C8582E7] Duplicate stacktrace, see ref for original
Could not execute post-long-event action. Exception: System.NullReferenceException: Object reference not set to an instance of an object
[Ref 6DF9E34F] Duplicate stacktrace, see ref for original
Could not execute post-long-event action. Exception: System.NullReferenceException: Object reference not set to an instance of an object
[Ref 6DF9E34F] Duplicate stacktrace, see ref for original
Could not execute post-long-event action. Exception: System.NullReferenceException: Object reference not set to an instance of an object
[Ref 6DF9E34F] Duplicate stacktrace, see ref for original
Could not execute post-long-event action. Exception: System.NullReferenceException: Object reference not set to an instance of an object
[Ref 6DF9E34F] Duplicate stacktrace, see ref for original
Could not execute post-long-event action. Exception: System.NullReferenceException: Object reference not set to an instance of an object
[Ref 4C8582E7] Duplicate stacktrace, see ref for original
Could not execute post-long-event action. Exception: System.NullReferenceException: Object reference not set to an instance of an object
[Ref 4C8582E7] Duplicate stacktrace, see ref for original
Could not execute post-long-event action. Exception: System.NullReferenceException: Object reference not set to an instance of an object
[Ref 6DF9E34F] Duplicate stacktrace, see ref for original
Could not execute post-long-event action. Exception: System.NullReferenceException: Object reference not set to an instance of an object
[Ref 6DF9E34F] Duplicate stacktrace, see ref for original
Could not execute post-long-event action. Exception: System.NullReferenceException: Object reference not set to an instance of an object
[Ref 6DF9E34F] Duplicate stacktrace, see ref for original
ERROR: Shader Custom/Mote glow mech gestator shader is not supported on this GPU (none of subshaders/fallbacks are suitable)
ERROR: Shader Custom/Pollution Pump shader is not supported on this GPU (none of subshaders/fallbacks are suitable)
ERROR: Shader Custom/Mote glow beam shader is not supported on this GPU (none of subshaders/fallbacks are suitable)
ERROR: Shader Custom/Mote charging pulse shader is not supported on this GPU (none of subshaders/fallbacks are suitable)
ERROR: Shader Custom/Mote charging pulse shader is not supported on this GPU (none of subshaders/fallbacks are suitable)
ERROR: Shader Custom/Mote charging pulse shader is not supported on this GPU (none of subshaders/fallbacks are suitable)
ERROR: Shader Custom/Mote hellsphere target shader is not supported on this GPU (none of subshaders/fallbacks are suitable)
ERROR: Shader Custom/Mote glow soft scanner shader is not supported on this GPU (none of subshaders/fallbacks are suitable)
ERROR: Shader Custom/Subcore Encoder shader is not supported on this GPU (none of subshaders/fallbacks are suitable)
ERROR: Shader Custom/Mote glow circular scroling shader is not supported on this GPU (none of subshaders/fallbacks are suitable)
ERROR: Shader Custom/Mote glow parent rotation shader is not supported on this GPU (none of subshaders/fallbacks are suitable)
ERROR: Shader Custom/Mote Pawn Body Color shader is not supported on this GPU (none of subshaders/fallbacks are suitable)
ERROR: Shader Custom/Mote Pawn Body Glow shader is not supported on this GPU (none of subshaders/fallbacks are suitable)
ERROR: Shader Custom/Mote Apocriton Pulse shader is not supported on this GPU (none of subshaders/fallbacks are suitable)
ERROR: Shader Custom/Pawn silhouette stencil shader is not supported on this GPU (none of subshaders/fallbacks are suitable)
ERROR: Shader Custom/Pawn silhouette stencil color animated shader is not supported on this GPU (none of subshaders/fallbacks are suitable)
ERROR: Shader Custom/Ritual flow rays (ritual smoke no mask) shader is not supported on this GPU (none of subshaders/fallbacks are suitable)
Could not execute post-long-event action. Exception: System.NullReferenceException: Object reference not set to an instance of an object
[Ref 4C8582E7] Duplicate stacktrace, see ref for original
Could not execute post-long-event action. Exception: System.NullReferenceException: Object reference not set to an instance of an object
[Ref 4C8582E7] Duplicate stacktrace, see ref for original
Could not execute post-long-event action. Exception: System.NullReferenceException: Object reference not set to an instance of an object
[Ref 4C8582E7] Duplicate stacktrace, see ref for original
Could not execute post-long-event action. Exception: System.NullReferenceException: Object reference not set to an instance of an object
[Ref 4C8582E7] Duplicate stacktrace, see ref for original
Could not execute post-long-event action. Exception: System.NullReferenceException: Object reference not set to an instance of an object
[Ref 4C8582E7] Duplicate stacktrace, see ref for original
Could not execute post-long-event action. Exception: System.NullReferenceException: Object reference not set to an instance of an object
[Ref 4C8582E7] Duplicate stacktrace, see ref for original
Could not execute post-long-event action. Exception: System.NullReferenceException: Object reference not set to an instance of an object
[Ref 4C8582E7] Duplicate stacktrace, see ref for original
Could not execute post-long-event action. Exception: System.NullReferenceException: Object reference not set to an instance of an object
[Ref 4C8582E7] Duplicate stacktrace, see ref for original
Could not execute post-long-event action. Exception: System.NullReferenceException: Object reference not set to an instance of an object
[Ref 4C8582E7] Duplicate stacktrace, see ref for original
Could not execute post-long-event action. Exception: System.NullReferenceException: Object reference not set to an instance of an object
[Ref 4C8582E7] Duplicate stacktrace, see ref for original
Could not execute post-long-event action. Exception: System.NullReferenceException: Object reference not set to an instance of an object
[Ref 4C8582E7] Duplicate stacktrace, see ref for original
Could not execute post-long-event action. Exception: System.NullReferenceException: Object reference not set to an instance of an object
[Ref 4C8582E7] Duplicate stacktrace, see ref for original
Could not execute post-long-event action. Exception: System.NullReferenceException: Object reference not set to an instance of an object
[Ref 4C8582E7] Duplicate stacktrace, see ref for original
Could not execute post-long-event action. Exception: System.NullReferenceException: Object reference not set to an instance of an object
[Ref 6DF9E34F] Duplicate stacktrace, see ref for original
Could not execute post-long-event action. Exception: System.NullReferenceException: Object reference not set to an instance of an object
[Ref 4C8582E7] Duplicate stacktrace, see ref for original
Could not execute post-long-event action. Exception: System.NullReferenceException: Object reference not set to an instance of an object
[Ref CF2FF030] Duplicate stacktrace, see ref for original
Could not execute post-long-event action. Exception: System.NullReferenceException: Object reference not set to an instance of an object
[Ref CF2FF030] Duplicate stacktrace, see ref for original
Could not execute post-long-event action. Exception: System.NullReferenceException: Object reference not set to an instance of an object
[Ref CF2FF030] Duplicate stacktrace, see ref for original
Could not execute post-long-event action. Exception: System.NullReferenceException: Object reference not set to an instance of an object
[Ref CF2FF030] Duplicate stacktrace, see ref for original
Could not execute post-long-event action. Exception: System.NullReferenceException: Object reference not set to an instance of an object
[Ref CF2FF030] Duplicate stacktrace, see ref for original
Could not execute post-long-event action. Exception: System.NullReferenceException: Object reference not set to an instance of an object
[Ref CF2FF030] Duplicate stacktrace, see ref for original
Could not execute post-long-event action. Exception: System.NullReferenceException: Object reference not set to an instance of an object
[Ref 4C8582E7] Duplicate stacktrace, see ref for original
Could not execute post-long-event action. Exception: System.NullReferenceException: Object reference not set to an instance of an object
[Ref CF2FF030] Duplicate stacktrace, see ref for original
Could not execute post-long-event action. Exception: System.NullReferenceException: Object reference not set to an instance of an object
[Ref 6DF9E34F] Duplicate stacktrace, see ref for original
Could not execute post-long-event action. Exception: System.NullReferenceException: Object reference not set to an instance of an object
[Ref 4C8582E7] Duplicate stacktrace, see ref for original
Could not execute post-long-event action. Exception: System.NullReferenceException: Object reference not set to an instance of an object
[Ref CF2FF030] Duplicate stacktrace, see ref for original
Could not execute post-long-event action. Exception: System.NullReferenceException: Object reference not set to an instance of an object
[Ref CF2FF030] Duplicate stacktrace, see ref for original
Could not execute post-long-event action. Exception: System.NullReferenceException: Object reference not set to an instance of an object
[Ref 4C8582E7] Duplicate stacktrace, see ref for original
Could not execute post-long-event action. Exception: System.NullReferenceException: Object reference not set to an instance of an object
[Ref 4C8582E7] Duplicate stacktrace, see ref for original
Could not execute post-long-event action. Exception: System.NullReferenceException: Object reference not set to an instance of an object
[Ref CF2FF030] Duplicate stacktrace, see ref for original
Could not execute post-long-event action. Exception: System.NullReferenceException: Object reference not set to an instance of an object
[Ref CF2FF030] Duplicate stacktrace, see ref for original
Could not execute post-long-event action. Exception: System.NullReferenceException: Object reference not set to an instance of an object
[Ref CF2FF030] Duplicate stacktrace, see ref for original
Could not execute post-long-event action. Exception: System.NullReferenceException: Object reference not set to an instance of an object
[Ref CF2FF030] Duplicate stacktrace, see ref for original
Could not execute post-long-event action. Exception: System.NullReferenceException: Object reference not set to an instance of an object
[Ref CF2FF030] Duplicate stacktrace, see ref for original
Could not execute post-long-event action. Exception: System.NullReferenceException: Object reference not set to an instance of an object
[Ref CF2FF030] Duplicate stacktrace, see ref for original
Could not execute post-long-event action. Exception: System.NullReferenceException: Object reference not set to an instance of an object
[Ref 4C8582E7] Duplicate stacktrace, see ref for original
Could not execute post-long-event action. Exception: System.NullReferenceException: Object reference not set to an instance of an object
[Ref CF2FF030] Duplicate stacktrace, see ref for original
Could not execute post-long-event action. Exception: System.NullReferenceException: Object reference not set to an instance of an object
[Ref 4C8582E7] Duplicate stacktrace, see ref for original
Could not execute post-long-event action. Exception: System.NullReferenceException: Object reference not set to an instance of an object
[Ref 4C8582E7] Duplicate stacktrace, see ref for original
Could not execute post-long-event action. Exception: System.NullReferenceException: Object reference not set to an instance of an object
[Ref CF2FF030] Duplicate stacktrace, see ref for original
Could not execute post-long-event action. Exception: System.NullReferenceException: Object reference not set to an instance of an object
[Ref CF2FF030] Duplicate stacktrace, see ref for original
Could not execute post-long-event action. Exception: System.NullReferenceException: Object reference not set to an instance of an object
[Ref CF2FF030] Duplicate stacktrace, see ref for original
Could not execute post-long-event action. Exception: System.NullReferenceException: Object reference not set to an instance of an object
[Ref CF2FF030] Duplicate stacktrace, see ref for original
Could not execute post-long-event action. Exception: System.NullReferenceException: Object reference not set to an instance of an object
[Ref CF2FF030] Duplicate stacktrace, see ref for original
Could not execute post-long-event action. Exception: System.NullReferenceException: Object reference not set to an instance of an object
[Ref CF2FF030] Duplicate stacktrace, see ref for original
Could not execute post-long-event action. Exception: System.NullReferenceException: Object reference not set to an instance of an object
[Ref CF2FF030] Duplicate stacktrace, see ref for original
Could not execute post-long-event action. Exception: System.NullReferenceException: Object reference not set to an instance of an object
[Ref 6DF9E34F] Duplicate stacktrace, see ref for original
Could not execute post-long-event action. Exception: System.NullReferenceException: Object reference not set to an instance of an object
[Ref 6DF9E34F] Duplicate stacktrace, see ref for original
Could not execute post-long-event action. Exception: System.NullReferenceException: Object reference not set to an instance of an object
[Ref 4C8582E7] Duplicate stacktrace, see ref for original
Could not execute post-long-event action. Exception: System.NullReferenceException: Object reference not set to an instance of an object
[Ref 4C8582E7] Duplicate stacktrace, see ref for original
Could not execute post-long-event action. Exception: System.NullReferenceException: Object reference not set to an instance of an object
[Ref 4C8582E7] Duplicate stacktrace, see ref for original
Could not execute post-long-event action. Exception: System.NullReferenceException: Object reference not set to an instance of an object
[Ref 4C8582E7] Duplicate stacktrace, see ref for original
Could not execute post-long-event action. Exception: System.NullReferenceException: Object reference not set to an instance of an object
[Ref 4C8582E7] Duplicate stacktrace, see ref for original
Could not execute post-long-event action. Exception: System.NullReferenceException: Object reference not set to an instance of an object
[Ref 4C8582E7] Duplicate stacktrace, see ref for original
Could not execute post-long-event action. Exception: System.NullReferenceException: Object reference not set to an instance of an object
[Ref 4C8582E7] Duplicate stacktrace, see ref for original
Could not execute post-long-event action. Exception: System.NullReferenceException: Object reference not set to an instance of an object
[Ref 4C8582E7] Duplicate stacktrace, see ref for original
Could not execute post-long-event action. Exception: System.NullReferenceException: Object reference not set to an instance of an object
[Ref 6DF9E34F] Duplicate stacktrace, see ref for original
Could not execute post-long-event action. Exception: System.NullReferenceException: Object reference not set to an instance of an object
[Ref 6DF9E34F] Duplicate stacktrace, see ref for original
Could not execute post-long-event action. Exception: System.NullReferenceException: Object reference not set to an instance of an object
[Ref 4C8582E7] Duplicate stacktrace, see ref for original
Could not execute post-long-event action. Exception: System.NullReferenceException: Object reference not set to an instance of an object
[Ref 6DF9E34F] Duplicate stacktrace, see ref for original
Could not execute post-long-event action. Exception: System.NullReferenceException: Object reference not set to an instance of an object
[Ref 4C8582E7] Duplicate stacktrace, see ref for original
Could not execute post-long-event action. Exception: System.NullReferenceException: Object reference not set to an instance of an object
[Ref 4C8582E7] Duplicate stacktrace, see ref for original
Could not execute post-long-event action. Exception: System.NullReferenceException: Object reference not set to an instance of an object
[Ref 4C8582E7] Duplicate stacktrace, see ref for original
Could not execute post-long-event action. Exception: System.NullReferenceException: Object reference not set to an instance of an object
[Ref 1AA79EB2] Duplicate stacktrace, see ref for original
Could not execute post-long-event action. Exception: System.NullReferenceException: Object reference not set to an instance of an object
[Ref 1AA79EB2] Duplicate stacktrace, see ref for original
Could not execute post-long-event action. Exception: System.NullReferenceException: Object reference not set to an instance of an object
[Ref 1AA79EB2] Duplicate stacktrace, see ref for original
Could not execute post-long-event action. Exception: System.NullReferenceException: Object reference not set to an instance of an object
[Ref 1AA79EB2] Duplicate stacktrace, see ref for original
Could not execute post-long-event action. Exception: System.NullReferenceException: Object reference not set to an instance of an object
[Ref 1AA79EB2] Duplicate stacktrace, see ref for original
Could not execute post-long-event action. Exception: System.NullReferenceException: Object reference not set to an instance of an object
[Ref 1AA79EB2] Duplicate stacktrace, see ref for original
Could not execute post-long-event action. Exception: System.NullReferenceException: Object reference not set to an instance of an object
[Ref 1AA79EB2] Duplicate stacktrace, see ref for original
Could not execute post-long-event action. Exception: System.NullReferenceException: Object reference not set to an instance of an object
[Ref 1AA79EB2] Duplicate stacktrace, see ref for original
Could not execute post-long-event action. Exception: System.NullReferenceException: Object reference not set to an instance of an object
[Ref 1AA79EB2] Duplicate stacktrace, see ref for original
Could not execute post-long-event action. Exception: System.NullReferenceException: Object reference not set to an instance of an object
[Ref 1AA79EB2] Duplicate stacktrace, see ref for original
Could not execute post-long-event action. Exception: System.NullReferenceException: Object reference not set to an instance of an object
[Ref 1AA79EB2] Duplicate stacktrace, see ref for original
Could not execute post-long-event action. Exception: System.NullReferenceException: Object reference not set to an instance of an object
[Ref 1AA79EB2] Duplicate stacktrace, see ref for original
Could not execute post-long-event action. Exception: System.NullReferenceException: Object reference not set to an instance of an object
[Ref 1AA79EB2] Duplicate stacktrace, see ref for original
Could not execute post-long-event action. Exception: System.NullReferenceException: Object reference not set to an instance of an object
[Ref 1AA79EB2] Duplicate stacktrace, see ref for original
Could not execute post-long-event action. Exception: System.NullReferenceException: Object reference not set to an instance of an object
[Ref 1AA79EB2] Duplicate stacktrace, see ref for original
Could not execute post-long-event action. Exception: System.NullReferenceException: Object reference not set to an instance of an object
[Ref 1AA79EB2] Duplicate stacktrace, see ref for original
Could not execute post-long-event action. Exception: System.NullReferenceException: Object reference not set to an instance of an object
[Ref 1AA79EB2] Duplicate stacktrace, see ref for original
Could not execute post-long-event action. Exception: System.NullReferenceException: Object reference not set to an instance of an object
[Ref 1AA79EB2] Duplicate stacktrace, see ref for original
Could not execute post-long-event action. Exception: System.NullReferenceException: Object reference not set to an instance of an object
[Ref 1AA79EB2] Duplicate stacktrace, see ref for original
Could not execute post-long-event action. Exception: System.NullReferenceException: Object reference not set to an instance of an object
[Ref 6DF9E34F] Duplicate stacktrace, see ref for original
ERROR: Shader Custom/TransparentBelowSnow shader is not supported on this GPU (none of subshaders/fallbacks are suitable)
Could not execute post-long-event action. Exception: System.NullReferenceException: Object reference not set to an instance of an object
[Ref 6DF9E34F] Duplicate stacktrace, see ref for original
Could not execute post-long-event action. Exception: System.NullReferenceException: Object reference not set to an instance of an object
[Ref 6DF9E34F] Duplicate stacktrace, see ref for original
Could not execute post-long-event action. Exception: System.NullReferenceException: Object reference not set to an instance of an object
[Ref 6DF9E34F] Duplicate stacktrace, see ref for original
Could not execute post-long-event action. Exception: System.NullReferenceException: Object reference not set to an instance of an object
[Ref 6DF9E34F] Duplicate stacktrace, see ref for original
Could not execute post-long-event action. Exception: System.NullReferenceException: Object reference not set to an instance of an object
[Ref 6DF9E34F] Duplicate stacktrace, see ref for original
Could not execute post-long-event action. Exception: System.NullReferenceException: Object reference not set to an instance of an object
[Ref 6DF9E34F] Duplicate stacktrace, see ref for original
Could not execute post-long-event action. Exception: System.NullReferenceException: Object reference not set to an instance of an object
[Ref 6DF9E34F] Duplicate stacktrace, see ref for original
Could not execute post-long-event action. Exception: System.NullReferenceException: Object reference not set to an instance of an object
[Ref 6DF9E34F] Duplicate stacktrace, see ref for original
Could not execute post-long-event action. Exception: System.NullReferenceException: Object reference not set to an instance of an object
[Ref 6DF9E34F] Duplicate stacktrace, see ref for original
Could not execute post-long-event action. Exception: System.NullReferenceException: Object reference not set to an instance of an object
[Ref 6DF9E34F] Duplicate stacktrace, see ref for original
Could not execute post-long-event action. Exception: System.NullReferenceException: Object reference not set to an instance of an object
[Ref 6DF9E34F] Duplicate stacktrace, see ref for original
Could not execute post-long-event action. Exception: System.NullReferenceException: Object reference not set to an instance of an object
[Ref 6DF9E34F] Duplicate stacktrace, see ref for original
Could not execute post-long-event action. Exception: System.NullReferenceException: Object reference not set to an instance of an object
[Ref 6DF9E34F] Duplicate stacktrace, see ref for original
Could not execute post-long-event action. Exception: System.NullReferenceException: Object reference not set to an instance of an object
[Ref 6DF9E34F] Duplicate stacktrace, see ref for original
Could not execute post-long-event action. Exception: System.NullReferenceException: Object reference not set to an instance of an object
[Ref 1AA79EB2] Duplicate stacktrace, see ref for original
Could not execute post-long-event action. Exception: System.NullReferenceException: Object reference not set to an instance of an object
[Ref 1AA79EB2] Duplicate stacktrace, see ref for original
Could not execute post-long-event action. Exception: System.NullReferenceException: Object reference not set to an instance of an object
[Ref 1AA79EB2] Duplicate stacktrace, see ref for original
Could not execute post-long-event action. Exception: System.NullReferenceException: Object reference not set to an instance of an object
[Ref 1AA79EB2] Duplicate stacktrace, see ref for original
Could not execute post-long-event action. Exception: System.NullReferenceException: Object reference not set to an instance of an object
[Ref 1AA79EB2] Duplicate stacktrace, see ref for original
Could not execute post-long-event action. Exception: System.NullReferenceException: Object reference not set to an instance of an object
[Ref 1AA79EB2] Duplicate stacktrace, see ref for original
Could not execute post-long-event action. Exception: System.NullReferenceException: Object reference not set to an instance of an object
[Ref 1AA79EB2] Duplicate stacktrace, see ref for original
Could not execute post-long-event action. Exception: System.NullReferenceException: Object reference not set to an instance of an object
[Ref 1AA79EB2] Duplicate stacktrace, see ref for original
Could not execute post-long-event action. Exception: System.NullReferenceException: Object reference not set to an instance of an object
[Ref 1AA79EB2] Duplicate stacktrace, see ref for original
Could not execute post-long-event action. Exception: System.NullReferenceException: Object reference not set to an instance of an object
[Ref 1AA79EB2] Duplicate stacktrace, see ref for original
Could not execute post-long-event action. Exception: System.NullReferenceException: Object reference not set to an instance of an object
[Ref 1AA79EB2] Duplicate stacktrace, see ref for original
ERROR: Shader Custom/Multiply Add Scroll Circular shader is not supported on this GPU (none of subshaders/fallbacks are suitable)
ERROR: Shader Custom/Mote Psychic Warmup WordOf shader is not supported on this GPU (none of subshaders/fallbacks are suitable)
ERROR: Shader Custom/Mote Hate Chant shader is not supported on this GPU (none of subshaders/fallbacks are suitable)
ERROR: Shader Custom/Mote Hate Chant Shadow shader is not supported on this GPU (none of subshaders/fallbacks are suitable)
ERROR: Shader Custom/BioferriteHarvestPulse shader is not supported on this GPU (none of subshaders/fallbacks are suitable)
ERROR: Shader Custom/PsychicRitualCandleMote shader is not supported on this GPU (none of subshaders/fallbacks are suitable)
ERROR: Shader Custom/MoteIncineratorBeam shader is not supported on this GPU (none of subshaders/fallbacks are suitable)
ERROR: Shader Custom/Multiply Scroll Circular shader is not supported on this GPU (none of subshaders/fallbacks are suitable)
ERROR: Shader Custom/GroundFog shader is not supported on this GPU (none of subshaders/fallbacks are suitable)
ERROR: Shader Custom/VoidNodeDistortoin shader is not supported on this GPU (none of subshaders/fallbacks are suitable)
ERROR: Shader Custom/VoidNodeParallax shader is not supported on this GPU (none of subshaders/fallbacks are suitable)
Could not execute post-long-event action. Exception: System.NullReferenceException: Object reference not set to an instance of an object
[Ref 4C8582E7] Duplicate stacktrace, see ref for original
Could not execute post-long-event action. Exception: System.NullReferenceException: Object reference not set to an instance of an object
[Ref 4C8582E7] Duplicate stacktrace, see ref for original
Could not execute post-long-event action. Exception: System.NullReferenceException: Object reference not set to an instance of an object
[Ref 4C8582E7] Duplicate stacktrace, see ref for original
Could not execute post-long-event action. Exception: System.NullReferenceException: Object reference not set to an instance of an object
[Ref 4C8582E7] Duplicate stacktrace, see ref for original
Could not execute post-long-event action. Exception: System.NullReferenceException: Object reference not set to an instance of an object
[Ref 4C8582E7] Duplicate stacktrace, see ref for original
Could not execute post-long-event action. Exception: System.NullReferenceException: Object reference not set to an instance of an object
[Ref 4C8582E7] Duplicate stacktrace, see ref for original
Could not execute post-long-event action. Exception: System.NullReferenceException: Object reference not set to an instance of an object
[Ref 4C8582E7] Duplicate stacktrace, see ref for original
Could not execute post-long-event action. Exception: System.NullReferenceException: Object reference not set to an instance of an object
[Ref 6DF9E34F] Duplicate stacktrace, see ref for original
ERROR: Shader Custom/BuildingSquashNStretch shader is not supported on this GPU (none of subshaders/fallbacks are suitable)
Could not execute post-long-event action. Exception: System.NullReferenceException: Object reference not set to an instance of an object
[Ref 4C8582E7] Duplicate stacktrace, see ref for original
Could not execute post-long-event action. Exception: System.NullReferenceException: Object reference not set to an instance of an object
[Ref 4C8582E7] Duplicate stacktrace, see ref for original
Could not execute post-long-event action. Exception: System.NullReferenceException: Object reference not set to an instance of an object
[Ref 6DF9E34F] Duplicate stacktrace, see ref for original
Could not execute post-long-event action. Exception: System.NullReferenceException: Object reference not set to an instance of an object
[Ref 6DF9E34F] Duplicate stacktrace, see ref for original
Could not execute post-long-event action. Exception: System.NullReferenceException: Object reference not set to an instance of an object
[Ref 6DF9E34F] Duplicate stacktrace, see ref for original
Could not execute post-long-event action. Exception: System.NullReferenceException: Object reference not set to an instance of an object
[Ref 6DF9E34F] Duplicate stacktrace, see ref for original
Could not execute post-long-event action. Exception: System.NullReferenceException: Object reference not set to an instance of an object
[Ref 6DF9E34F] Duplicate stacktrace, see ref for original
Could not execute post-long-event action. Exception: System.NullReferenceException: Object reference not set to an instance of an object
[Ref 4C8582E7] Duplicate stacktrace, see ref for original
Could not execute post-long-event action. Exception: System.NullReferenceException: Object reference not set to an instance of an object
[Ref 6DF9E34F] Duplicate stacktrace, see ref for original
Could not execute post-long-event action. Exception: System.NullReferenceException: Object reference not set to an instance of an object
[Ref 6DF9E34F] Duplicate stacktrace, see ref for original
Could not execute post-long-event action. Exception: System.NullReferenceException: Object reference not set to an instance of an object
[Ref 4C8582E7] Duplicate stacktrace, see ref for original
Could not execute post-long-event action. Exception: System.NullReferenceException: Object reference not set to an instance of an object
[Ref 6DF9E34F] Duplicate stacktrace, see ref for original
Could not execute post-long-event action. Exception: System.NullReferenceException: Object reference not set to an instance of an object
[Ref 6DF9E34F] Duplicate stacktrace, see ref for original
Could not execute post-long-event action. Exception: System.NullReferenceException: Object reference not set to an instance of an object
[Ref CF2FF030] Duplicate stacktrace, see ref for original
Could not execute post-long-event action. Exception: System.NullReferenceException: Object reference not set to an instance of an object
[Ref 4C8582E7] Duplicate stacktrace, see ref for original
Could not execute post-long-event action. Exception: System.NullReferenceException: Object reference not set to an instance of an object
[Ref 4C8582E7] Duplicate stacktrace, see ref for original
Could not execute post-long-event action. Exception: System.NullReferenceException: Object reference not set to an instance of an object
[Ref 6DF9E34F] Duplicate stacktrace, see ref for original
Could not execute post-long-event action. Exception: System.NullReferenceException: Object reference not set to an instance of an object
[Ref 4C8582E7] Duplicate stacktrace, see ref for original
Could not execute post-long-event action. Exception: System.NullReferenceException: Object reference not set to an instance of an object
[Ref CF2FF030] Duplicate stacktrace, see ref for original
Could not execute post-long-event action. Exception: System.NullReferenceException: Object reference not set to an instance of an object
[Ref 4C8582E7] Duplicate stacktrace, see ref for original
Could not execute post-long-event action. Exception: System.NullReferenceException: Object reference not set to an instance of an object
[Ref 4C8582E7] Duplicate stacktrace, see ref for original
ERROR: Shader Custom/EndlessPit shader is not supported on this GPU (none of subshaders/fallbacks are suitable)
Could not execute post-long-event action. Exception: System.NullReferenceException: Object reference not set to an instance of an object
[Ref 4C8582E7] Duplicate stacktrace, see ref for original
ERROR: Shader Custom/BuildingWorking shader is not supported on this GPU (none of subshaders/fallbacks are suitable)
Could not execute post-long-event action. Exception: System.NullReferenceException: Object reference not set to an instance of an object
[Ref CF2FF030] Duplicate stacktrace, see ref for original
Could not execute post-long-event action. Exception: System.NullReferenceException: Object reference not set to an instance of an object
[Ref CF2FF030] Duplicate stacktrace, see ref for original
Could not execute post-long-event action. Exception: System.NullReferenceException: Object reference not set to an instance of an object
[Ref CF2FF030] Duplicate stacktrace, see ref for original
Could not execute post-long-event action. Exception: System.NullReferenceException: Object reference not set to an instance of an object
[Ref 4C8582E7] Duplicate stacktrace, see ref for original
Could not execute post-long-event action. Exception: System.NullReferenceException: Object reference not set to an instance of an object
[Ref 6DF9E34F] Duplicate stacktrace, see ref for original
Could not execute post-long-event action. Exception: System.NullReferenceException: Object reference not set to an instance of an object
[Ref 6DF9E34F] Duplicate stacktrace, see ref for original
Could not execute post-long-event action. Exception: System.NullReferenceException: Object reference not set to an instance of an object
[Ref 6DF9E34F] Duplicate stacktrace, see ref for original
Could not execute post-long-event action. Exception: System.NullReferenceException: Object reference not set to an instance of an object
[Ref 6DF9E34F] Duplicate stacktrace, see ref for original
Could not execute post-long-event action. Exception: System.NullReferenceException: Object reference not set to an instance of an object
[Ref 6DF9E34F] Duplicate stacktrace, see ref for original
Could not execute post-long-event action. Exception: System.NullReferenceException: Object reference not set to an instance of an object
[Ref 6DF9E34F] Duplicate stacktrace, see ref for original
Could not execute post-long-event action. Exception: System.NullReferenceException: Object reference not set to an instance of an object
[Ref 6DF9E34F] Duplicate stacktrace, see ref for original
Could not execute post-long-event action. Exception: System.NullReferenceException: Object reference not set to an instance of an object
[Ref 6DF9E34F] Duplicate stacktrace, see ref for original
Could not execute post-long-event action. Exception: System.NullReferenceException: Object reference not set to an instance of an object
[Ref CF2FF030] Duplicate stacktrace, see ref for original
Could not execute post-long-event action. Exception: System.NullReferenceException: Object reference not set to an instance of an object
[Ref CF2FF030] Duplicate stacktrace, see ref for original
Could not execute post-long-event action. Exception: System.NullReferenceException: Object reference not set to an instance of an object
[Ref 4C8582E7] Duplicate stacktrace, see ref for original
Could not execute post-long-event action. Exception: System.NullReferenceException: Object reference not set to an instance of an object
[Ref 4C8582E7] Duplicate stacktrace, see ref for original
Could not execute post-long-event action. Exception: System.NullReferenceException: Object reference not set to an instance of an object
[Ref 4C8582E7] Duplicate stacktrace, see ref for original
Could not execute post-long-event action. Exception: System.NullReferenceException: Object reference not set to an instance of an object
[Ref 6DF9E34F] Duplicate stacktrace, see ref for original
Could not execute post-long-event action. Exception: System.NullReferenceException: Object reference not set to an instance of an object
[Ref 4C8582E7] Duplicate stacktrace, see ref for original
Could not execute post-long-event action. Exception: System.NullReferenceException: Object reference not set to an instance of an object
[Ref 4C8582E7] Duplicate stacktrace, see ref for original
Could not execute post-long-event action. Exception: System.NullReferenceException: Object reference not set to an instance of an object
[Ref 4C8582E7] Duplicate stacktrace, see ref for original
Could not execute post-long-event action. Exception: System.NullReferenceException: Object reference not set to an instance of an object
[Ref 4C8582E7] Duplicate stacktrace, see ref for original
Could not execute post-long-event action. Exception: System.NullReferenceException: Object reference not set to an instance of an object
[Ref 4C8582E7] Duplicate stacktrace, see ref for original
Could not execute post-long-event action. Exception: System.NullReferenceException: Object reference not set to an instance of an object
[Ref 6DF9E34F] Duplicate stacktrace, see ref for original
Could not execute post-long-event action. Exception: System.NullReferenceException: Object reference not set to an instance of an object
[Ref 6DF9E34F] Duplicate stacktrace, see ref for original
Could not execute post-long-event action. Exception: System.NullReferenceException: Object reference not set to an instance of an object
[Ref 6DF9E34F] Duplicate stacktrace, see ref for original
Could not execute post-long-event action. Exception: System.NullReferenceException: Object reference not set to an instance of an object
[Ref 4C8582E7] Duplicate stacktrace, see ref for original
Could not execute post-long-event action. Exception: System.NullReferenceException: Object reference not set to an instance of an object
[Ref 6DF9E34F] Duplicate stacktrace, see ref for original
Could not execute post-long-event action. Exception: System.NullReferenceException: Object reference not set to an instance of an object
[Ref 4C8582E7] Duplicate stacktrace, see ref for original
Could not execute post-long-event action. Exception: System.NullReferenceException: Object reference not set to an instance of an object
[Ref 4C8582E7] Duplicate stacktrace, see ref for original
Could not execute post-long-event action. Exception: System.NullReferenceException: Object reference not set to an instance of an object
[Ref 6DF9E34F] Duplicate stacktrace, see ref for original
Could not execute post-long-event action. Exception: System.NullReferenceException: Object reference not set to an instance of an object
[Ref 4C8582E7] Duplicate stacktrace, see ref for original
Could not execute post-long-event action. Exception: System.NullReferenceException: Object reference not set to an instance of an object
[Ref 6DF9E34F] Duplicate stacktrace, see ref for original
Could not execute post-long-event action. Exception: System.NullReferenceException: Object reference not set to an instance of an object
[Ref 1AA79EB2] Duplicate stacktrace, see ref for original
Could not execute post-long-event action. Exception: System.NullReferenceException: Object reference not set to an instance of an object
[Ref 1AA79EB2] Duplicate stacktrace, see ref for original
Could not execute post-long-event action. Exception: System.NullReferenceException: Object reference not set to an instance of an object
[Ref 1AA79EB2] Duplicate stacktrace, see ref for original
Could not execute post-long-event action. Exception: System.NullReferenceException: Object reference not set to an instance of an object
[Ref 1AA79EB2] Duplicate stacktrace, see ref for original
Could not execute post-long-event action. Exception: System.NullReferenceException: Object reference not set to an instance of an object
[Ref 1AA79EB2] Duplicate stacktrace, see ref for original
Could not execute post-long-event action. Exception: System.NullReferenceException: Object reference not set to an instance of an object
[Ref 1AA79EB2] Duplicate stacktrace, see ref for original
Could not execute post-long-event action. Exception: System.NullReferenceException: Object reference not set to an instance of an object
[Ref 1AA79EB2] Duplicate stacktrace, see ref for original
Could not execute post-long-event action. Exception: System.NullReferenceException: Object reference not set to an instance of an object
[Ref 1AA79EB2] Duplicate stacktrace, see ref for original
Could not execute post-long-event action. Exception: System.NullReferenceException: Object reference not set to an instance of an object
[Ref 1AA79EB2] Duplicate stacktrace, see ref for original
Could not execute post-long-event action. Exception: System.NullReferenceException: Object reference not set to an instance of an object
[Ref 4C8582E7] Duplicate stacktrace, see ref for original
Could not execute post-long-event action. Exception: System.NullReferenceException: Object reference not set to an instance of an object
[Ref 4C8582E7] Duplicate stacktrace, see ref for original
Could not execute post-long-event action. Exception: System.NullReferenceException: Object reference not set to an instance of an object
[Ref 4B26416A] Duplicate stacktrace, see ref for original
Could not execute post-long-event action. Exception: System.NullReferenceException: Object reference not set to an instance of an object
[Ref 4B26416A] Duplicate stacktrace, see ref for original
Could not execute post-long-event action. Exception: System.NullReferenceException: Object reference not set to an instance of an object
[Ref 4B26416A] Duplicate stacktrace, see ref for original
Could not execute post-long-event action. Exception: System.NullReferenceException: Object reference not set to an instance of an object
[Ref 4B26416A] Duplicate stacktrace, see ref for original
Could not execute post-long-event action. Exception: System.NullReferenceException: Object reference not set to an instance of an object
[Ref 6DF9E34F] Duplicate stacktrace, see ref for original
Could not execute post-long-event action. Exception: System.NullReferenceException: Object reference not set to an instance of an object
[Ref 6DF9E34F] Duplicate stacktrace, see ref for original
Could not execute post-long-event action. Exception: System.NullReferenceException: Object reference not set to an instance of an object
[Ref 6DF9E34F] Duplicate stacktrace, see ref for original
Could not execute post-long-event action. Exception: System.NullReferenceException: Object reference not set to an instance of an object
[Ref 6DF9E34F] Duplicate stacktrace, see ref for original
Could not execute post-long-event action. Exception: System.NullReferenceException: Object reference not set to an instance of an object
[Ref 6DF9E34F] Duplicate stacktrace, see ref for original
Could not execute post-long-event action. Exception: System.NullReferenceException: Object reference not set to an instance of an object
[Ref 6DF9E34F] Duplicate stacktrace, see ref for original
Could not execute post-long-event action. Exception: System.NullReferenceException: Object reference not set to an instance of an object
[Ref 4C8582E7] Duplicate stacktrace, see ref for original
Could not execute post-long-event action. Exception: System.NullReferenceException: Object reference not set to an instance of an object
[Ref 4C8582E7] Duplicate stacktrace, see ref for original
Could not execute post-long-event action. Exception: System.NullReferenceException: Object reference not set to an instance of an object
[Ref 6DF9E34F] Duplicate stacktrace, see ref for original
Could not execute post-long-event action. Exception: System.NullReferenceException: Object reference not set to an instance of an object
[Ref 1AA79EB2] Duplicate stacktrace, see ref for original
Could not execute post-long-event action. Exception: System.NullReferenceException: Object reference not set to an instance of an object
[Ref 1AA79EB2] Duplicate stacktrace, see ref for original
Could not execute post-long-event action. Exception: System.NullReferenceException: Object reference not set to an instance of an object
[Ref 1AA79EB2] Duplicate stacktrace, see ref for original
Could not execute post-long-event action. Exception: System.NullReferenceException: Object reference not set to an instance of an object
[Ref 6DF9E34F] Duplicate stacktrace, see ref for original
Could not execute post-long-event action. Exception: System.NullReferenceException: Object reference not set to an instance of an object
[Ref 4C8582E7] Duplicate stacktrace, see ref for original
Could not execute post-long-event action. Exception: System.NullReferenceException: Object reference not set to an instance of an object
[Ref 4C8582E7] Duplicate stacktrace, see ref for original
Could not execute post-long-event action. Exception: System.NullReferenceException: Object reference not set to an instance of an object
[Ref 4C8582E7] Duplicate stacktrace, see ref for original
ERROR: Shader Custom/Terrain lava shallow shader is not supported on this GPU (none of subshaders/fallbacks are suitable)
Could not execute post-long-event action. Exception: System.NullReferenceException: Object reference not set to an instance of an object
[Ref 6DF9E34F] Duplicate stacktrace, see ref for original
Could not execute post-long-event action. Exception: System.NullReferenceException: Object reference not set to an instance of an object
[Ref CF2FF030] Duplicate stacktrace, see ref for original
Could not execute post-long-event action. Exception: System.NullReferenceException: Object reference not set to an instance of an object
[Ref 6DF9E34F] Duplicate stacktrace, see ref for original
Could not execute post-long-event action. Exception: System.NullReferenceException: Object reference not set to an instance of an object
[Ref 6DF9E34F] Duplicate stacktrace, see ref for original
Could not execute post-long-event action. Exception: System.NullReferenceException: Object reference not set to an instance of an object
[Ref 6DF9E34F] Duplicate stacktrace, see ref for original
Could not execute post-long-event action. Exception: System.NullReferenceException: Object reference not set to an instance of an object
[Ref CF2FF030] Duplicate stacktrace, see ref for original
Could not execute post-long-event action. Exception: System.NullReferenceException: Object reference not set to an instance of an object
[Ref CF2FF030] Duplicate stacktrace, see ref for original
Could not execute post-long-event action. Exception: System.NullReferenceException: Object reference not set to an instance of an object
[Ref CF2FF030] Duplicate stacktrace, see ref for original
Could not execute post-long-event action. Exception: System.NullReferenceException: Object reference not set to an instance of an object
[Ref CF2FF030] Duplicate stacktrace, see ref for original
Could not execute post-long-event action. Exception: System.NullReferenceException: Object reference not set to an instance of an object
[Ref CF2FF030] Duplicate stacktrace, see ref for original
Could not execute post-long-event action. Exception: System.NullReferenceException: Object reference not set to an instance of an object
[Ref CF2FF030] Duplicate stacktrace, see ref for original
Could not execute post-long-event action. Exception: System.NullReferenceException: Object reference not set to an instance of an object
[Ref CF2FF030] Duplicate stacktrace, see ref for original
Could not execute post-long-event action. Exception: System.NullReferenceException: Object reference not set to an instance of an object
[Ref CF2FF030] Duplicate stacktrace, see ref for original
Could not execute post-long-event action. Exception: System.NullReferenceException: Object reference not set to an instance of an object
[Ref CF2FF030] Duplicate stacktrace, see ref for original
Could not execute post-long-event action. Exception: System.NullReferenceException: Object reference not set to an instance of an object
[Ref CF2FF030] Duplicate stacktrace, see ref for original
Could not execute post-long-event action. Exception: System.NullReferenceException: Object reference not set to an instance of an object
[Ref CF2FF030] Duplicate stacktrace, see ref for original
Could not execute post-long-event action. Exception: System.NullReferenceException: Object reference not set to an instance of an object
[Ref CF2FF030] Duplicate stacktrace, see ref for original
Could not execute post-long-event action. Exception: System.NullReferenceException: Object reference not set to an instance of an object
[Ref CF2FF030] Duplicate stacktrace, see ref for original
Could not execute post-long-event action. Exception: System.NullReferenceException: Object reference not set to an instance of an object
[Ref CF2FF030] Duplicate stacktrace, see ref for original
Could not execute post-long-event action. Exception: System.NullReferenceException: Object reference not set to an instance of an object
[Ref 6DF9E34F] Duplicate stacktrace, see ref for original
Could not execute post-long-event action. Exception: System.NullReferenceException: Object reference not set to an instance of an object
[Ref 6DF9E34F] Duplicate stacktrace, see ref for original
Could not execute post-long-event action. Exception: System.NullReferenceException: Object reference not set to an instance of an object
[Ref CF2FF030] Duplicate stacktrace, see ref for original
Could not execute post-long-event action. Exception: System.NullReferenceException: Object reference not set to an instance of an object
[Ref CF2FF030] Duplicate stacktrace, see ref for original
Could not execute post-long-event action. Exception: System.NullReferenceException: Object reference not set to an instance of an object
[Ref 6DF9E34F] Duplicate stacktrace, see ref for original
Could not execute post-long-event action. Exception: System.NullReferenceException: Object reference not set to an instance of an object
[Ref CF2FF030] Duplicate stacktrace, see ref for original
Could not execute post-long-event action. Exception: System.NullReferenceException: Object reference not set to an instance of an object
[Ref CF2FF030] Duplicate stacktrace, see ref for original
Could not execute post-long-event action. Exception: System.NullReferenceException: Object reference not set to an instance of an object
[Ref 4C8582E7] Duplicate stacktrace, see ref for original
Could not execute post-long-event action. Exception: System.NullReferenceException: Object reference not set to an instance of an object
[Ref CF2FF030] Duplicate stacktrace, see ref for original
Could not execute post-long-event action. Exception: System.NullReferenceException: Object reference not set to an instance of an object
[Ref CF2FF030] Duplicate stacktrace, see ref for original
Could not execute post-long-event action. Exception: System.NullReferenceException: Object reference not set to an instance of an object
[Ref CF2FF030] Duplicate stacktrace, see ref for original
Could not execute post-long-event action. Exception: System.NullReferenceException: Object reference not set to an instance of an object
[Ref CF2FF030] Duplicate stacktrace, see ref for original
Could not execute post-long-event action. Exception: System.NullReferenceException: Object reference not set to an instance of an object
[Ref CF2FF030] Duplicate stacktrace, see ref for original
Could not execute post-long-event action. Exception: System.NullReferenceException: Object reference not set to an instance of an object
[Ref CF2FF030] Duplicate stacktrace, see ref for original
Could not execute post-long-event action. Exception: System.NullReferenceException: Object reference not set to an instance of an object
[Ref 6DF9E34F] Duplicate stacktrace, see ref for original
Could not execute post-long-event action. Exception: System.NullReferenceException: Object reference not set to an instance of an object
[Ref 6DF9E34F] Duplicate stacktrace, see ref for original
Could not execute post-long-event action. Exception: System.NullReferenceException: Object reference not set to an instance of an object
[Ref 4C8582E7] Duplicate stacktrace, see ref for original
Could not execute post-long-event action. Exception: System.NullReferenceException: Object reference not set to an instance of an object
[Ref 6DF9E34F] Duplicate stacktrace, see ref for original
Could not execute post-long-event action. Exception: System.NullReferenceException: Object reference not set to an instance of an object
[Ref 6DF9E34F] Duplicate stacktrace, see ref for original
Could not execute post-long-event action. Exception: System.NullReferenceException: Object reference not set to an instance of an object
[Ref 6DF9E34F] Duplicate stacktrace, see ref for original
Could not execute post-long-event action. Exception: System.NullReferenceException: Object reference not set to an instance of an object
[Ref 5D38101A] Duplicate stacktrace, see ref for original
Could not execute post-long-event action. Exception: System.NullReferenceException: Object reference not set to an instance of an object
[Ref 5D38101A] Duplicate stacktrace, see ref for original
Could not execute post-long-event action. Exception: System.NullReferenceException: Object reference not set to an instance of an object
[Ref 6DF9E34F] Duplicate stacktrace, see ref for original
Could not execute post-long-event action. Exception: System.NullReferenceException: Object reference not set to an instance of an object
[Ref 6DF9E34F] Duplicate stacktrace, see ref for original
Could not execute post-long-event action. Exception: System.NullReferenceException: Object reference not set to an instance of an object
[Ref 4C8582E7] Duplicate stacktrace, see ref for original
Could not execute post-long-event action. Exception: System.NullReferenceException: Object reference not set to an instance of an object
[Ref CF2FF030] Duplicate stacktrace, see ref for original
Could not execute post-long-event action. Exception: System.NullReferenceException: Object reference not set to an instance of an object
[Ref CF2FF030] Duplicate stacktrace, see ref for original
Could not execute post-long-event action. Exception: System.NullReferenceException: Object reference not set to an instance of an object
[Ref 6DF9E34F] Duplicate stacktrace, see ref for original
Could not execute post-long-event action. Exception: System.NullReferenceException: Object reference not set to an instance of an object
[Ref CF2FF030] Duplicate stacktrace, see ref for original
Could not execute post-long-event action. Exception: System.NullReferenceException: Object reference not set to an instance of an object
[Ref CF2FF030] Duplicate stacktrace, see ref for original
Could not execute post-long-event action. Exception: System.NullReferenceException: Object reference not set to an instance of an object
[Ref 6DF9E34F] Duplicate stacktrace, see ref for original
Could not execute post-long-event action. Exception: System.NullReferenceException: Object reference not set to an instance of an object
[Ref 6DF9E34F] Duplicate stacktrace, see ref for original
Could not execute post-long-event action. Exception: System.NullReferenceException: Object reference not set to an instance of an object
[Ref 6DF9E34F] Duplicate stacktrace, see ref for original
Could not execute post-long-event action. Exception: System.NullReferenceException: Object reference not set to an instance of an object
[Ref 5D38101A] Duplicate stacktrace, see ref for original
Could not execute post-long-event action. Exception: System.NullReferenceException: Object reference not set to an instance of an object
[Ref 5D38101A] Duplicate stacktrace, see ref for original
Could not execute post-long-event action. Exception: System.NullReferenceException: Object reference not set to an instance of an object
[Ref 5D38101A] Duplicate stacktrace, see ref for original
Could not execute post-long-event action. Exception: System.NullReferenceException: Object reference not set to an instance of an object
[Ref CF2FF030] Duplicate stacktrace, see ref for original
Could not execute post-long-event action. Exception: System.NullReferenceException: Object reference not set to an instance of an object
[Ref CF2FF030] Duplicate stacktrace, see ref for original
Could not execute post-long-event action. Exception: System.NullReferenceException: Object reference not set to an instance of an object
[Ref 4C8582E7] Duplicate stacktrace, see ref for original
Could not execute post-long-event action. Exception: System.NullReferenceException: Object reference not set to an instance of an object
[Ref 4C8582E7] Duplicate stacktrace, see ref for original
Could not execute post-long-event action. Exception: System.NullReferenceException: Object reference not set to an instance of an object
[Ref 4C8582E7] Duplicate stacktrace, see ref for original
Could not execute post-long-event action. Exception: System.NullReferenceException: Object reference not set to an instance of an object
[Ref 4C8582E7] Duplicate stacktrace, see ref for original
Could not execute post-long-event action. Exception: System.NullReferenceException: Object reference not set to an instance of an object
[Ref 4C8582E7] Duplicate stacktrace, see ref for original
Could not execute post-long-event action. Exception: System.NullReferenceException: Object reference not set to an instance of an object
[Ref 4C8582E7] Duplicate stacktrace, see ref for original
Could not execute post-long-event action. Exception: System.NullReferenceException: Object reference not set to an instance of an object
[Ref 4C8582E7] Duplicate stacktrace, see ref for original
Could not execute post-long-event action. Exception: System.NullReferenceException: Object reference not set to an instance of an object
[Ref 4C8582E7] Duplicate stacktrace, see ref for original
Could not execute post-long-event action. Exception: System.NullReferenceException: Object reference not set to an instance of an object
[Ref 4C8582E7] Duplicate stacktrace, see ref for original
Could not execute post-long-event action. Exception: System.NullReferenceException: Object reference not set to an instance of an object
[Ref 4C8582E7] Duplicate stacktrace, see ref for original
Could not execute post-long-event action. Exception: System.NullReferenceException: Object reference not set to an instance of an object
[Ref 4C8582E7] Duplicate stacktrace, see ref for original
Could not execute post-long-event action. Exception: System.NullReferenceException: Object reference not set to an instance of an object
[Ref 4C8582E7] Duplicate stacktrace, see ref for original
Could not execute post-long-event action. Exception: System.NullReferenceException: Object reference not set to an instance of an object
[Ref 4C8582E7] Duplicate stacktrace, see ref for original
Could not execute post-long-event action. Exception: System.NullReferenceException: Object reference not set to an instance of an object
[Ref 4C8582E7] Duplicate stacktrace, see ref for original
Could not execute post-long-event action. Exception: System.NullReferenceException: Object reference not set to an instance of an object
[Ref 4C8582E7] Duplicate stacktrace, see ref for original
Could not execute post-long-event action. Exception: System.NullReferenceException: Object reference not set to an instance of an object
[Ref 6DF9E34F] Duplicate stacktrace, see ref for original
Could not execute post-long-event action. Exception: System.NullReferenceException: Object reference not set to an instance of an object
[Ref 4C8582E7] Duplicate stacktrace, see ref for original
Could not execute post-long-event action. Exception: System.NullReferenceException: Object reference not set to an instance of an object
[Ref CF2FF030] Duplicate stacktrace, see ref for original
Could not execute post-long-event action. Exception: System.NullReferenceException: Object reference not set to an instance of an object
[Ref CF2FF030] Duplicate stacktrace, see ref for original
Could not execute post-long-event action. Exception: System.NullReferenceException: Object reference not set to an instance of an object
[Ref CF2FF030] Duplicate stacktrace, see ref for original
Could not execute post-long-event action. Exception: System.NullReferenceException: Object reference not set to an instance of an object
[Ref CF2FF030] Duplicate stacktrace, see ref for original
Could not execute post-long-event action. Exception: System.NullReferenceException: Object reference not set to an instance of an object
[Ref CF2FF030] Duplicate stacktrace, see ref for original
Could not execute post-long-event action. Exception: System.NullReferenceException: Object reference not set to an instance of an object
[Ref CF2FF030] Duplicate stacktrace, see ref for original
Could not execute post-long-event action. Exception: System.NullReferenceException: Object reference not set to an instance of an object
[Ref CF2FF030] Duplicate stacktrace, see ref for original
Could not execute post-long-event action. Exception: System.NullReferenceException: Object reference not set to an instance of an object
[Ref 4C8582E7] Duplicate stacktrace, see ref for original
Could not execute post-long-event action. Exception: System.NullReferenceException: Object reference not set to an instance of an object
[Ref 4C8582E7] Duplicate stacktrace, see ref for original
Could not execute post-long-event action. Exception: System.NullReferenceException: Object reference not set to an instance of an object
[Ref 4C8582E7] Duplicate stacktrace, see ref for original
Could not execute post-long-event action. Exception: System.NullReferenceException: Object reference not set to an instance of an object
[Ref 4C8582E7] Duplicate stacktrace, see ref for original
Could not execute post-long-event action. Exception: System.NullReferenceException: Object reference not set to an instance of an object
[Ref CF2FF030] Duplicate stacktrace, see ref for original
Could not execute post-long-event action. Exception: System.NullReferenceException: Object reference not set to an instance of an object
[Ref 4C8582E7] Duplicate stacktrace, see ref for original
Could not execute post-long-event action. Exception: System.NullReferenceException: Object reference not set to an instance of an object
[Ref CF2FF030] Duplicate stacktrace, see ref for original
Could not execute post-long-event action. Exception: System.NullReferenceException: Object reference not set to an instance of an object
[Ref 4C8582E7] Duplicate stacktrace, see ref for original
Could not execute post-long-event action. Exception: System.NullReferenceException: Object reference not set to an instance of an object
[Ref 6DF9E34F] Duplicate stacktrace, see ref for original
Could not execute post-long-event action. Exception: System.NullReferenceException: Object reference not set to an instance of an object
[Ref 6DF9E34F] Duplicate stacktrace, see ref for original
Could not execute post-long-event action. Exception: System.NullReferenceException: Object reference not set to an instance of an object
[Ref CF2FF030] Duplicate stacktrace, see ref for original
Could not execute post-long-event action. Exception: System.NullReferenceException: Object reference not set to an instance of an object
[Ref 6DF9E34F] Duplicate stacktrace, see ref for original
Could not execute post-long-event action. Exception: System.NullReferenceException: Object reference not set to an instance of an object
[Ref 6DF9E34F] Duplicate stacktrace, see ref for original
Could not execute post-long-event action. Exception: System.NullReferenceException: Object reference not set to an instance of an object
[Ref 6DF9E34F] Duplicate stacktrace, see ref for original
Could not execute post-long-event action. Exception: System.NullReferenceException: Object reference not set to an instance of an object
[Ref 6DF9E34F] Duplicate stacktrace, see ref for original
Could not execute post-long-event action. Exception: System.NullReferenceException: Object reference not set to an instance of an object
[Ref 4C8582E7] Duplicate stacktrace, see ref for original
Could not execute post-long-event action. Exception: System.NullReferenceException: Object reference not set to an instance of an object
[Ref 4C8582E7] Duplicate stacktrace, see ref for original
Could not execute post-long-event action. Exception: System.NullReferenceException: Object reference not set to an instance of an object
[Ref 4C8582E7] Duplicate stacktrace, see ref for original
Could not execute post-long-event action. Exception: System.NullReferenceException: Object reference not set to an instance of an object
[Ref 4C8582E7] Duplicate stacktrace, see ref for original
Could not execute post-long-event action. Exception: System.NullReferenceException: Object reference not set to an instance of an object
[Ref 4C8582E7] Duplicate stacktrace, see ref for original
Could not execute post-long-event action. Exception: System.NullReferenceException: Object reference not set to an instance of an object
[Ref CF2FF030] Duplicate stacktrace, see ref for original
Could not execute post-long-event action. Exception: System.NullReferenceException: Object reference not set to an instance of an object
[Ref 6DF9E34F] Duplicate stacktrace, see ref for original
Could not execute post-long-event action. Exception: System.NullReferenceException: Object reference not set to an instance of an object
[Ref 4C8582E7] Duplicate stacktrace, see ref for original
Could not execute post-long-event action. Exception: System.NullReferenceException: Object reference not set to an instance of an object
[Ref 4C8582E7] Duplicate stacktrace, see ref for original
Could not execute post-long-event action. Exception: System.NullReferenceException: Object reference not set to an instance of an object
[Ref 4C8582E7] Duplicate stacktrace, see ref for original
Could not execute post-long-event action. Exception: System.NullReferenceException: Object reference not set to an instance of an object
[Ref CF2FF030] Duplicate stacktrace, see ref for original
Could not execute post-long-event action. Exception: System.NullReferenceException: Object reference not set to an instance of an object
[Ref CF2FF030] Duplicate stacktrace, see ref for original
Could not execute post-long-event action. Exception: System.NullReferenceException: Object reference not set to an instance of an object
[Ref 4C8582E7] Duplicate stacktrace, see ref for original
Could not execute post-long-event action. Exception: System.NullReferenceException: Object reference not set to an instance of an object
[Ref 4C8582E7] Duplicate stacktrace, see ref for original
Could not execute post-long-event action. Exception: System.NullReferenceException: Object reference not set to an instance of an object
[Ref 4C8582E7] Duplicate stacktrace, see ref for original
Could not execute post-long-event action. Exception: System.NullReferenceException: Object reference not set to an instance of an object
[Ref 4C8582E7] Duplicate stacktrace, see ref for original
Could not execute post-long-event action. Exception: System.NullReferenceException: Object reference not set to an instance of an object
[Ref 4C8582E7] Duplicate stacktrace, see ref for original
Could not execute post-long-event action. Exception: System.NullReferenceException: Object reference not set to an instance of an object
[Ref CF2FF030] Duplicate stacktrace, see ref for original
Could not execute post-long-event action. Exception: System.NullReferenceException: Object reference not set to an instance of an object
[Ref CF2FF030] Duplicate stacktrace, see ref for original
Could not execute post-long-event action. Exception: System.NullReferenceException: Object reference not set to an instance of an object
[Ref CF2FF030] Duplicate stacktrace, see ref for original
Could not execute post-long-event action. Exception: System.NullReferenceException: Object reference not set to an instance of an object
[Ref CF2FF030] Duplicate stacktrace, see ref for original
Could not execute post-long-event action. Exception: System.NullReferenceException: Object reference not set to an instance of an object
[Ref CF2FF030] Duplicate stacktrace, see ref for original
Could not execute post-long-event action. Exception: System.NullReferenceException: Object reference not set to an instance of an object
[Ref CF2FF030] Duplicate stacktrace, see ref for original
Could not execute post-long-event action. Exception: System.NullReferenceException: Object reference not set to an instance of an object
[Ref 4C8582E7] Duplicate stacktrace, see ref for original
Could not execute post-long-event action. Exception: System.NullReferenceException: Object reference not set to an instance of an object
[Ref 4C8582E7] Duplicate stacktrace, see ref for original
Could not execute post-long-event action. Exception: System.NullReferenceException: Object reference not set to an instance of an object
[Ref 4C8582E7] Duplicate stacktrace, see ref for original
Could not execute post-long-event action. Exception: System.NullReferenceException: Object reference not set to an instance of an object
[Ref 4C8582E7] Duplicate stacktrace, see ref for original
Could not execute post-long-event action. Exception: System.NullReferenceException: Object reference not set to an instance of an object
[Ref 6DF9E34F] Duplicate stacktrace, see ref for original
Could not execute post-long-event action. Exception: System.NullReferenceException: Object reference not set to an instance of an object
[Ref 6DF9E34F] Duplicate stacktrace, see ref for original
Could not execute post-long-event action. Exception: System.NullReferenceException: Object reference not set to an instance of an object
[Ref 6DF9E34F] Duplicate stacktrace, see ref for original
Could not execute post-long-event action. Exception: System.NullReferenceException: Object reference not set to an instance of an object
[Ref 6DF9E34F] Duplicate stacktrace, see ref for original
Could not execute post-long-event action. Exception: System.NullReferenceException: Object reference not set to an instance of an object
[Ref 6DF9E34F] Duplicate stacktrace, see ref for original
Could not execute post-long-event action. Exception: System.NullReferenceException: Object reference not set to an instance of an object
[Ref 6DF9E34F] Duplicate stacktrace, see ref for original
Could not execute post-long-event action. Exception: System.NullReferenceException: Object reference not set to an instance of an object
[Ref 6DF9E34F] Duplicate stacktrace, see ref for original
Could not execute post-long-event action. Exception: System.NullReferenceException: Object reference not set to an instance of an object
[Ref 6DF9E34F] Duplicate stacktrace, see ref for original
Could not execute post-long-event action. Exception: System.NullReferenceException: Object reference not set to an instance of an object
[Ref 6DF9E34F] Duplicate stacktrace, see ref for original
Could not execute post-long-event action. Exception: System.NullReferenceException: Object reference not set to an instance of an object
[Ref 6DF9E34F] Duplicate stacktrace, see ref for original
Could not execute post-long-event action. Exception: System.NullReferenceException: Object reference not set to an instance of an object
[Ref 6DF9E34F] Duplicate stacktrace, see ref for original
Could not execute post-long-event action. Exception: System.NullReferenceException: Object reference not set to an instance of an object
[Ref 6DF9E34F] Duplicate stacktrace, see ref for original
Could not execute post-long-event action. Exception: System.NullReferenceException: Object reference not set to an instance of an object
[Ref 6DF9E34F] Duplicate stacktrace, see ref for original
Could not execute post-long-event action. Exception: System.NullReferenceException: Object reference not set to an instance of an object
[Ref 6DF9E34F] Duplicate stacktrace, see ref for original
Could not execute post-long-event action. Exception: System.NullReferenceException: Object reference not set to an instance of an object
[Ref 6DF9E34F] Duplicate stacktrace, see ref for original
Could not execute post-long-event action. Exception: System.NullReferenceException: Object reference not set to an instance of an object
[Ref 6DF9E34F] Duplicate stacktrace, see ref for original
Could not execute post-long-event action. Exception: System.NullReferenceException: Object reference not set to an instance of an object
[Ref 6DF9E34F] Duplicate stacktrace, see ref for original
Could not execute post-long-event action. Exception: System.NullReferenceException: Object reference not set to an instance of an object
[Ref 6DF9E34F] Duplicate stacktrace, see ref for original
Could not execute post-long-event action. Exception: System.NullReferenceException: Object reference not set to an instance of an object
[Ref 6DF9E34F] Duplicate stacktrace, see ref for original
Could not execute post-long-event action. Exception: System.NullReferenceException: Object reference not set to an instance of an object
[Ref 6DF9E34F] Duplicate stacktrace, see ref for original
Could not execute post-long-event action. Exception: System.NullReferenceException: Object reference not set to an instance of an object
[Ref 6DF9E34F] Duplicate stacktrace, see ref for original
Could not execute post-long-event action. Exception: System.NullReferenceException: Object reference not set to an instance of an object
[Ref 6DF9E34F] Duplicate stacktrace, see ref for original
Could not execute post-long-event action. Exception: System.NullReferenceException: Object reference not set to an instance of an object
[Ref 6DF9E34F] Duplicate stacktrace, see ref for original
Could not execute post-long-event action. Exception: System.NullReferenceException: Object reference not set to an instance of an object
[Ref 6DF9E34F] Duplicate stacktrace, see ref for original
Could not execute post-long-event action. Exception: System.NullReferenceException: Object reference not set to an instance of an object
[Ref 6DF9E34F] Duplicate stacktrace, see ref for original
Could not execute post-long-event action. Exception: System.NullReferenceException: Object reference not set to an instance of an object
[Ref 6DF9E34F] Duplicate stacktrace, see ref for original
Could not execute post-long-event action. Exception: System.NullReferenceException: Object reference not set to an instance of an object
[Ref 6DF9E34F] Duplicate stacktrace, see ref for original
Could not execute post-long-event action. Exception: System.NullReferenceException: Object reference not set to an instance of an object
[Ref 6DF9E34F] Duplicate stacktrace, see ref for original
Could not execute post-long-event action. Exception: System.NullReferenceException: Object reference not set to an instance of an object
[Ref 4C8582E7] Duplicate stacktrace, see ref for original
Could not execute post-long-event action. Exception: System.NullReferenceException: Object reference not set to an instance of an object
[Ref 4C8582E7] Duplicate stacktrace, see ref for original
Could not execute post-long-event action. Exception: System.NullReferenceException: Object reference not set to an instance of an object
[Ref 6DF9E34F] Duplicate stacktrace, see ref for original
Could not execute post-long-event action. Exception: System.NullReferenceException: Object reference not set to an instance of an object
[Ref 6DF9E34F] Duplicate stacktrace, see ref for original
Could not execute post-long-event action. Exception: System.NullReferenceException: Object reference not set to an instance of an object
[Ref 6DF9E34F] Duplicate stacktrace, see ref for original
Could not execute post-long-event action. Exception: System.NullReferenceException: Object reference not set to an instance of an object
[Ref 6DF9E34F] Duplicate stacktrace, see ref for original
Could not execute post-long-event action. Exception: System.NullReferenceException: Object reference not set to an instance of an object
[Ref 6DF9E34F] Duplicate stacktrace, see ref for original
Could not execute post-long-event action. Exception: System.NullReferenceException: Object reference not set to an instance of an object
[Ref 6DF9E34F] Duplicate stacktrace, see ref for original
Could not execute post-long-event action. Exception: System.NullReferenceException: Object reference not set to an instance of an object
[Ref 6DF9E34F] Duplicate stacktrace, see ref for original
Could not execute post-long-event action. Exception: System.NullReferenceException: Object reference not set to an instance of an object
[Ref 6DF9E34F] Duplicate stacktrace, see ref for original
Could not execute post-long-event action. Exception: System.NullReferenceException: Object reference not set to an instance of an object
[Ref 6DF9E34F] Duplicate stacktrace, see ref for original
Could not execute post-long-event action. Exception: System.NullReferenceException: Object reference not set to an instance of an object
[Ref 6DF9E34F] Duplicate stacktrace, see ref for original
Could not execute post-long-event action. Exception: System.NullReferenceException: Object reference not set to an instance of an object
[Ref 6DF9E34F] Duplicate stacktrace, see ref for original
Could not execute post-long-event action. Exception: System.NullReferenceException: Object reference not set to an instance of an object
[Ref 6DF9E34F] Duplicate stacktrace, see ref for original
Could not execute post-long-event action. Exception: System.NullReferenceException: Object reference not set to an instance of an object
[Ref 6DF9E34F] Duplicate stacktrace, see ref for original
Could not execute post-long-event action. Exception: System.NullReferenceException: Object reference not set to an instance of an object
[Ref 6DF9E34F] Duplicate stacktrace, see ref for original
Could not execute post-long-event action. Exception: System.NullReferenceException: Object reference not set to an instance of an object
[Ref 6DF9E34F] Duplicate stacktrace, see ref for original
Could not execute post-long-event action. Exception: System.NullReferenceException: Object reference not set to an instance of an object
[Ref 6DF9E34F] Duplicate stacktrace, see ref for original
Could not execute post-long-event action. Exception: System.NullReferenceException: Object reference not set to an instance of an object
[Ref 4C8582E7] Duplicate stacktrace, see ref for original
Could not execute post-long-event action. Exception: System.NullReferenceException: Object reference not set to an instance of an object
[Ref 6DF9E34F] Duplicate stacktrace, see ref for original
Could not execute post-long-event action. Exception: System.NullReferenceException: Object reference not set to an instance of an object
[Ref 6DF9E34F] Duplicate stacktrace, see ref for original
Could not execute post-long-event action. Exception: System.NullReferenceException: Object reference not set to an instance of an object
[Ref 6DF9E34F] Duplicate stacktrace, see ref for original
Could not execute post-long-event action. Exception: System.NullReferenceException: Object reference not set to an instance of an object
[Ref 6DF9E34F] Duplicate stacktrace, see ref for original
Could not execute post-long-event action. Exception: System.NullReferenceException: Object reference not set to an instance of an object
[Ref 6DF9E34F] Duplicate stacktrace, see ref for original
Could not execute post-long-event action. Exception: System.NullReferenceException: Object reference not set to an instance of an object
[Ref 6DF9E34F] Duplicate stacktrace, see ref for original
Could not execute post-long-event action. Exception: System.NullReferenceException: Object reference not set to an instance of an object
[Ref 6DF9E34F] Duplicate stacktrace, see ref for original
Could not execute post-long-event action. Exception: System.NullReferenceException: Object reference not set to an instance of an object
[Ref 4B26416A] Duplicate stacktrace, see ref for original
Could not execute post-long-event action. Exception: System.NullReferenceException: Object reference not set to an instance of an object
[Ref 4B26416A] Duplicate stacktrace, see ref for original
Could not execute post-long-event action. Exception: System.NullReferenceException: Object reference not set to an instance of an object
[Ref 4B26416A] Duplicate stacktrace, see ref for original
Could not execute post-long-event action. Exception: System.NullReferenceException: Object reference not set to an instance of an object
[Ref 4B26416A] Duplicate stacktrace, see ref for original
Could not execute post-long-event action. Exception: System.NullReferenceException: Object reference not set to an instance of an object
[Ref 4B26416A] Duplicate stacktrace, see ref for original
Could not execute post-long-event action. Exception: System.NullReferenceException: Object reference not set to an instance of an object
[Ref 4B26416A] Duplicate stacktrace, see ref for original
Could not execute post-long-event action. Exception: System.NullReferenceException: Object reference not set to an instance of an object
[Ref 4B26416A] Duplicate stacktrace, see ref for original
Could not execute post-long-event action. Exception: System.NullReferenceException: Object reference not set to an instance of an object
[Ref 4B26416A] Duplicate stacktrace, see ref for original
Could not execute post-long-event action. Exception: System.NullReferenceException: Object reference not set to an instance of an object
[Ref 4B26416A] Duplicate stacktrace, see ref for original
Could not execute post-long-event action. Exception: System.NullReferenceException: Object reference not set to an instance of an object
[Ref 4B26416A] Duplicate stacktrace, see ref for original
Could not execute post-long-event action. Exception: System.NullReferenceException: Object reference not set to an instance of an object
[Ref 4B26416A] Duplicate stacktrace, see ref for original
Could not execute post-long-event action. Exception: System.NullReferenceException: Object reference not set to an instance of an object
[Ref 4B26416A] Duplicate stacktrace, see ref for original
Could not execute post-long-event action. Exception: System.NullReferenceException: Object reference not set to an instance of an object
[Ref 4B26416A] Duplicate stacktrace, see ref for original
Could not execute post-long-event action. Exception: System.NullReferenceException: Object reference not set to an instance of an object
[Ref 1AA79EB2] Duplicate stacktrace, see ref for original
Could not execute post-long-event action. Exception: System.NullReferenceException: Object reference not set to an instance of an object
[Ref 1AA79EB2] Duplicate stacktrace, see ref for original
Could not execute post-long-event action. Exception: System.NullReferenceException: Object reference not set to an instance of an object
[Ref 1AA79EB2] Duplicate stacktrace, see ref for original
Could not execute post-long-event action. Exception: System.NullReferenceException: Object reference not set to an instance of an object
[Ref 1AA79EB2] Duplicate stacktrace, see ref for original
Could not execute post-long-event action. Exception: System.NullReferenceException: Object reference not set to an instance of an object
[Ref 1AA79EB2] Duplicate stacktrace, see ref for original
Could not execute post-long-event action. Exception: System.NullReferenceException: Object reference not set to an instance of an object
[Ref 6DF9E34F] Duplicate stacktrace, see ref for original
Could not execute post-long-event action. Exception: System.NullReferenceException: Object reference not set to an instance of an object
[Ref 6DF9E34F] Duplicate stacktrace, see ref for original
Could not execute post-long-event action. Exception: System.NullReferenceException: Object reference not set to an instance of an object
[Ref 6DF9E34F] Duplicate stacktrace, see ref for original
Could not execute post-long-event action. Exception: System.NullReferenceException: Object reference not set to an instance of an object
[Ref 6DF9E34F] Duplicate stacktrace, see ref for original
Could not execute post-long-event action. Exception: System.NullReferenceException: Object reference not set to an instance of an object
[Ref 6DF9E34F] Duplicate stacktrace, see ref for original
Could not execute post-long-event action. Exception: System.NullReferenceException: Object reference not set to an instance of an object
[Ref 4C8582E7] Duplicate stacktrace, see ref for original
Could not execute post-long-event action. Exception: System.NullReferenceException: Object reference not set to an instance of an object
[Ref 4C8582E7] Duplicate stacktrace, see ref for original
Could not execute post-long-event action. Exception: System.NullReferenceException: Object reference not set to an instance of an object
[Ref 4C8582E7] Duplicate stacktrace, see ref for original
Could not execute post-long-event action. Exception: System.NullReferenceException: Object reference not set to an instance of an object
[Ref 6DF9E34F] Duplicate stacktrace, see ref for original
Could not execute post-long-event action. Exception: System.NullReferenceException: Object reference not set to an instance of an object
[Ref 6DF9E34F] Duplicate stacktrace, see ref for original
Could not execute post-long-event action. Exception: System.NullReferenceException: Object reference not set to an instance of an object
[Ref 6DF9E34F] Duplicate stacktrace, see ref for original
Could not execute post-long-event action. Exception: System.NullReferenceException: Object reference not set to an instance of an object
[Ref 6DF9E34F] Duplicate stacktrace, see ref for original
Could not execute post-long-event action. Exception: System.NullReferenceException: Object reference not set to an instance of an object
[Ref 6DF9E34F] Duplicate stacktrace, see ref for original
Could not execute post-long-event action. Exception: System.NullReferenceException: Object reference not set to an instance of an object
[Ref 6DF9E34F] Duplicate stacktrace, see ref for original
Could not execute post-long-event action. Exception: System.NullReferenceException: Object reference not set to an instance of an object
[Ref 6DF9E34F] Duplicate stacktrace, see ref for original
Could not execute post-long-event action. Exception: System.NullReferenceException: Object reference not set to an instance of an object
[Ref 6DF9E34F] Duplicate stacktrace, see ref for original
Could not execute post-long-event action. Exception: System.NullReferenceException: Object reference not set to an instance of an object
[Ref 6DF9E34F] Duplicate stacktrace, see ref for original
Could not execute post-long-event action. Exception: System.NullReferenceException: Object reference not set to an instance of an object
[Ref 6DF9E34F] Duplicate stacktrace, see ref for original
Could not execute post-long-event action. Exception: System.NullReferenceException: Object reference not set to an instance of an object
[Ref 6DF9E34F] Duplicate stacktrace, see ref for original
Could not execute post-long-event action. Exception: System.NullReferenceException: Object reference not set to an instance of an object
[Ref 6DF9E34F] Duplicate stacktrace, see ref for original
Could not execute post-long-event action. Exception: System.NullReferenceException: Object reference not set to an instance of an object
[Ref 6DF9E34F] Duplicate stacktrace, see ref for original
Could not execute post-long-event action. Exception: System.NullReferenceException: Object reference not set to an instance of an object
[Ref 6DF9E34F] Duplicate stacktrace, see ref for original
Could not execute post-long-event action. Exception: System.NullReferenceException: Object reference not set to an instance of an object
[Ref 6DF9E34F] Duplicate stacktrace, see ref for original
Could not execute post-long-event action. Exception: System.NullReferenceException: Object reference not set to an instance of an object
[Ref 6DF9E34F] Duplicate stacktrace, see ref for original
Could not execute post-long-event action. Exception: System.NullReferenceException: Object reference not set to an instance of an object
[Ref 6DF9E34F] Duplicate stacktrace, see ref for original
Could not execute post-long-event action. Exception: System.NullReferenceException: Object reference not set to an instance of an object
[Ref 6DF9E34F] Duplicate stacktrace, see ref for original
Could not execute post-long-event action. Exception: System.NullReferenceException: Object reference not set to an instance of an object
[Ref 6DF9E34F] Duplicate stacktrace, see ref for original
Could not execute post-long-event action. Exception: System.NullReferenceException: Object reference not set to an instance of an object
[Ref 6DF9E34F] Duplicate stacktrace, see ref for original
Could not execute post-long-event action. Exception: System.NullReferenceException: Object reference not set to an instance of an object
[Ref 6DF9E34F] Duplicate stacktrace, see ref for original
Could not execute post-long-event action. Exception: System.NullReferenceException: Object reference not set to an instance of an object
[Ref 6DF9E34F] Duplicate stacktrace, see ref for original
Could not execute post-long-event action. Exception: System.NullReferenceException: Object reference not set to an instance of an object
[Ref 6DF9E34F] Duplicate stacktrace, see ref for original
Could not execute post-long-event action. Exception: System.NullReferenceException: Object reference not set to an instance of an object
[Ref 6DF9E34F] Duplicate stacktrace, see ref for original
Could not execute post-long-event action. Exception: System.NullReferenceException: Object reference not set to an instance of an object
[Ref 6DF9E34F] Duplicate stacktrace, see ref for original
Could not execute post-long-event action. Exception: System.NullReferenceException: Object reference not set to an instance of an object
[Ref 6DF9E34F] Duplicate stacktrace, see ref for original
Could not execute post-long-event action. Exception: System.NullReferenceException: Object reference not set to an instance of an object
[Ref 1AA79EB2] Duplicate stacktrace, see ref for original
Could not execute post-long-event action. Exception: System.NullReferenceException: Object reference not set to an instance of an object
[Ref 1AA79EB2] Duplicate stacktrace, see ref for original
ERROR: Shader Custom/Edgedetect shader is not supported on this GPU (none of subshaders/fallbacks are suitable)
Could not execute post-long-event action. Exception: System.NullReferenceException: Object reference not set to an instance of an object
[Ref 4C8582E7] Duplicate stacktrace, see ref for original
Could not execute post-long-event action. Exception: System.NullReferenceException: Object reference not set to an instance of an object
[Ref 6DF9E34F] Duplicate stacktrace, see ref for original
Could not execute post-long-event action. Exception: System.NullReferenceException: Object reference not set to an instance of an object
[Ref 6DF9E34F] Duplicate stacktrace, see ref for original
Could not execute post-long-event action. Exception: System.NullReferenceException: Object reference not set to an instance of an object
[Ref 6DF9E34F] Duplicate stacktrace, see ref for original
Could not execute post-long-event action. Exception: System.NullReferenceException: Object reference not set to an instance of an object
[Ref CF2FF030] Duplicate stacktrace, see ref for original
Could not execute post-long-event action. Exception: System.NullReferenceException: Object reference not set to an instance of an object
[Ref CF2FF030] Duplicate stacktrace, see ref for original
Could not execute post-long-event action. Exception: System.NullReferenceException: Object reference not set to an instance of an object
[Ref CF2FF030] Duplicate stacktrace, see ref for original
Could not execute post-long-event action. Exception: System.NullReferenceException: Object reference not set to an instance of an object
[Ref CF2FF030] Duplicate stacktrace, see ref for original
Could not execute post-long-event action. Exception: System.NullReferenceException: Object reference not set to an instance of an object
[Ref CF2FF030] Duplicate stacktrace, see ref for original
Could not execute post-long-event action. Exception: System.NullReferenceException: Object reference not set to an instance of an object
[Ref CF2FF030] Duplicate stacktrace, see ref for original
Could not execute post-long-event action. Exception: System.NullReferenceException: Object reference not set to an instance of an object
[Ref CF2FF030] Duplicate stacktrace, see ref for original
Could not execute post-long-event action. Exception: System.NullReferenceException: Object reference not set to an instance of an object
[Ref CF2FF030] Duplicate stacktrace, see ref for original
Could not execute post-long-event action. Exception: System.NullReferenceException: Object reference not set to an instance of an object
[Ref CF2FF030] Duplicate stacktrace, see ref for original
Could not execute post-long-event action. Exception: System.NullReferenceException: Object reference not set to an instance of an object
[Ref CF2FF030] Duplicate stacktrace, see ref for original
Could not execute post-long-event action. Exception: System.NullReferenceException: Object reference not set to an instance of an object
[Ref CF2FF030] Duplicate stacktrace, see ref for original
Could not execute post-long-event action. Exception: System.NullReferenceException: Object reference not set to an instance of an object
[Ref CF2FF030] Duplicate stacktrace, see ref for original
Could not execute post-long-event action. Exception: System.NullReferenceException: Object reference not set to an instance of an object
[Ref CF2FF030] Duplicate stacktrace, see ref for original
Could not execute post-long-event action. Exception: System.NullReferenceException: Object reference not set to an instance of an object
[Ref CF2FF030] Duplicate stacktrace, see ref for original
Could not execute post-long-event action. Exception: System.NullReferenceException: Object reference not set to an instance of an object
[Ref 4C8582E7] Duplicate stacktrace, see ref for original
Could not execute post-long-event action. Exception: System.NullReferenceException: Object reference not set to an instance of an object
[Ref 4C8582E7] Duplicate stacktrace, see ref for original
Could not execute post-long-event action. Exception: System.NullReferenceException: Object reference not set to an instance of an object
[Ref 4C8582E7] Duplicate stacktrace, see ref for original
Could not execute post-long-event action. Exception: System.NullReferenceException: Object reference not set to an instance of an object
[Ref 4C8582E7] Duplicate stacktrace, see ref for original
Could not execute post-long-event action. Exception: System.NullReferenceException: Object reference not set to an instance of an object
[Ref 4C8582E7] Duplicate stacktrace, see ref for original
Could not execute post-long-event action. Exception: System.NullReferenceException: Object reference not set to an instance of an object
[Ref CF2FF030] Duplicate stacktrace, see ref for original
Could not execute post-long-event action. Exception: System.NullReferenceException: Object reference not set to an instance of an object
[Ref CF2FF030] Duplicate stacktrace, see ref for original
Could not execute post-long-event action. Exception: System.NullReferenceException: Object reference not set to an instance of an object
[Ref CF2FF030] Duplicate stacktrace, see ref for original
Could not execute post-long-event action. Exception: System.NullReferenceException: Object reference not set to an instance of an object
[Ref CF2FF030] Duplicate stacktrace, see ref for original
Could not execute post-long-event action. Exception: System.NullReferenceException: Object reference not set to an instance of an object
[Ref CF2FF030] Duplicate stacktrace, see ref for original
Could not execute post-long-event action. Exception: System.NullReferenceException: Object reference not set to an instance of an object
[Ref CF2FF030] Duplicate stacktrace, see ref for original
Could not execute post-long-event action. Exception: System.NullReferenceException: Object reference not set to an instance of an object
[Ref CF2FF030] Duplicate stacktrace, see ref for original
Could not execute post-long-event action. Exception: System.NullReferenceException: Object reference not set to an instance of an object
[Ref CF2FF030] Duplicate stacktrace, see ref for original
Could not execute post-long-event action. Exception: System.NullReferenceException: Object reference not set to an instance of an object
[Ref CF2FF030] Duplicate stacktrace, see ref for original
Could not execute post-long-event action. Exception: System.NullReferenceException: Object reference not set to an instance of an object
[Ref CF2FF030] Duplicate stacktrace, see ref for original
Could not execute post-long-event action. Exception: System.NullReferenceException: Object reference not set to an instance of an object
[Ref CF2FF030] Duplicate stacktrace, see ref for original
Could not execute post-long-event action. Exception: System.NullReferenceException: Object reference not set to an instance of an object
[Ref CF2FF030] Duplicate stacktrace, see ref for original
Could not execute post-long-event action. Exception: System.NullReferenceException: Object reference not set to an instance of an object
[Ref CF2FF030] Duplicate stacktrace, see ref for original
Could not execute post-long-event action. Exception: System.NullReferenceException: Object reference not set to an instance of an object
[Ref CF2FF030] Duplicate stacktrace, see ref for original
Could not execute post-long-event action. Exception: System.NullReferenceException: Object reference not set to an instance of an object
[Ref CF2FF030] Duplicate stacktrace, see ref for original
Could not execute post-long-event action. Exception: System.NullReferenceException: Object reference not set to an instance of an object
[Ref CF2FF030] Duplicate stacktrace, see ref for original
Could not execute post-long-event action. Exception: System.NullReferenceException: Object reference not set to an instance of an object
[Ref CF2FF030] Duplicate stacktrace, see ref for original
Could not execute post-long-event action. Exception: System.NullReferenceException: Object reference not set to an instance of an object
[Ref CF2FF030] Duplicate stacktrace, see ref for original
Could not execute post-long-event action. Exception: System.NullReferenceException: Object reference not set to an instance of an object
[Ref 4C8582E7] Duplicate stacktrace, see ref for original
Could not execute post-long-event action. Exception: System.NullReferenceException: Object reference not set to an instance of an object
[Ref 4C8582E7] Duplicate stacktrace, see ref for original
Could not execute post-long-event action. Exception: System.NullReferenceException: Object reference not set to an instance of an object
[Ref 4C8582E7] Duplicate stacktrace, see ref for original
Could not execute post-long-event action. Exception: System.NullReferenceException: Object reference not set to an instance of an object
[Ref 4C8582E7] Duplicate stacktrace, see ref for original
Could not execute post-long-event action. Exception: System.NullReferenceException: Object reference not set to an instance of an object
[Ref 4C8582E7] Duplicate stacktrace, see ref for original
Could not execute post-long-event action. Exception: System.NullReferenceException: Object reference not set to an instance of an object
[Ref 4C8582E7] Duplicate stacktrace, see ref for original
Could not execute post-long-event action. Exception: System.NullReferenceException: Object reference not set to an instance of an object
[Ref CF2FF030] Duplicate stacktrace, see ref for original
Could not execute post-long-event action. Exception: System.NullReferenceException: Object reference not set to an instance of an object
[Ref CF2FF030] Duplicate stacktrace, see ref for original
Could not execute post-long-event action. Exception: System.NullReferenceException: Object reference not set to an instance of an object
[Ref 4C8582E7] Duplicate stacktrace, see ref for original
Could not execute post-long-event action. Exception: System.NullReferenceException: Object reference not set to an instance of an object
[Ref 4C8582E7] Duplicate stacktrace, see ref for original
Could not execute post-long-event action. Exception: System.NullReferenceException: Object reference not set to an instance of an object
[Ref CF2FF030] Duplicate stacktrace, see ref for original
Could not execute post-long-event action. Exception: System.NullReferenceException: Object reference not set to an instance of an object
[Ref CF2FF030] Duplicate stacktrace, see ref for original
Could not execute post-long-event action. Exception: System.NullReferenceException: Object reference not set to an instance of an object
[Ref CF2FF030] Duplicate stacktrace, see ref for original
Could not execute post-long-event action. Exception: System.NullReferenceException: Object reference not set to an instance of an object
[Ref CF2FF030] Duplicate stacktrace, see ref for original
Could not execute post-long-event action. Exception: System.NullReferenceException: Object reference not set to an instance of an object
[Ref CF2FF030] Duplicate stacktrace, see ref for original
Could not execute post-long-event action. Exception: System.NullReferenceException: Object reference not set to an instance of an object
[Ref CF2FF030] Duplicate stacktrace, see ref for original
Could not execute post-long-event action. Exception: System.NullReferenceException: Object reference not set to an instance of an object
[Ref 4C8582E7] Duplicate stacktrace, see ref for original
Could not execute post-long-event action. Exception: System.NullReferenceException: Object reference not set to an instance of an object
[Ref 4C8582E7] Duplicate stacktrace, see ref for original
Could not execute post-long-event action. Exception: System.NullReferenceException: Object reference not set to an instance of an object
[Ref 4C8582E7] Duplicate stacktrace, see ref for original
Could not execute post-long-event action. Exception: System.NullReferenceException: Object reference not set to an instance of an object
[Ref 4C8582E7] Duplicate stacktrace, see ref for original
Could not execute post-long-event action. Exception: System.NullReferenceException: Object reference not set to an instance of an object
[Ref CF2FF030] Duplicate stacktrace, see ref for original
Could not execute post-long-event action. Exception: System.NullReferenceException: Object reference not set to an instance of an object
[Ref CF2FF030] Duplicate stacktrace, see ref for original
Could not execute post-long-event action. Exception: System.NullReferenceException: Object reference not set to an instance of an object
[Ref 4C8582E7] Duplicate stacktrace, see ref for original
Could not execute post-long-event action. Exception: System.NullReferenceException: Object reference not set to an instance of an object
[Ref 4C8582E7] Duplicate stacktrace, see ref for original
Could not execute post-long-event action. Exception: System.NullReferenceException: Object reference not set to an instance of an object
[Ref 4C8582E7] Duplicate stacktrace, see ref for original
Could not execute post-long-event action. Exception: System.NullReferenceException: Object reference not set to an instance of an object
[Ref 4C8582E7] Duplicate stacktrace, see ref for original
Could not execute post-long-event action. Exception: System.NullReferenceException: Object reference not set to an instance of an object
[Ref CF2FF030] Duplicate stacktrace, see ref for original
Could not execute post-long-event action. Exception: System.NullReferenceException: Object reference not set to an instance of an object
[Ref CF2FF030] Duplicate stacktrace, see ref for original
Could not execute post-long-event action. Exception: System.NullReferenceException: Object reference not set to an instance of an object
[Ref CF2FF030] Duplicate stacktrace, see ref for original
Could not execute post-long-event action. Exception: System.NullReferenceException: Object reference not set to an instance of an object
[Ref CF2FF030] Duplicate stacktrace, see ref for original
Could not execute post-long-event action. Exception: System.NullReferenceException: Object reference not set to an instance of an object
[Ref CF2FF030] Duplicate stacktrace, see ref for original
Could not execute post-long-event action. Exception: System.NullReferenceException: Object reference not set to an instance of an object
[Ref CF2FF030] Duplicate stacktrace, see ref for original
Could not execute post-long-event action. Exception: System.NullReferenceException: Object reference not set to an instance of an object
[Ref CF2FF030] Duplicate stacktrace, see ref for original
Could not execute post-long-event action. Exception: System.NullReferenceException: Object reference not set to an instance of an object
[Ref 4C8582E7] Duplicate stacktrace, see ref for original
Could not execute post-long-event action. Exception: System.NullReferenceException: Object reference not set to an instance of an object
[Ref 4C8582E7] Duplicate stacktrace, see ref for original
Could not execute post-long-event action. Exception: System.NullReferenceException: Object reference not set to an instance of an object
[Ref 4C8582E7] Duplicate stacktrace, see ref for original
Could not execute post-long-event action. Exception: System.NullReferenceException: Object reference not set to an instance of an object
[Ref 4C8582E7] Duplicate stacktrace, see ref for original
Could not execute post-long-event action. Exception: System.NullReferenceException: Object reference not set to an instance of an object
[Ref 4C8582E7] Duplicate stacktrace, see ref for original
Could not execute post-long-event action. Exception: System.NullReferenceException: Object reference not set to an instance of an object
[Ref 4C8582E7] Duplicate stacktrace, see ref for original
Could not execute post-long-event action. Exception: System.NullReferenceException: Object reference not set to an instance of an object
[Ref CF2FF030] Duplicate stacktrace, see ref for original
Could not execute post-long-event action. Exception: System.NullReferenceException: Object reference not set to an instance of an object
[Ref 4C8582E7] Duplicate stacktrace, see ref for original
Could not execute post-long-event action. Exception: System.NullReferenceException: Object reference not set to an instance of an object
[Ref 4C8582E7] Duplicate stacktrace, see ref for original
Could not execute post-long-event action. Exception: System.NullReferenceException: Object reference not set to an instance of an object
[Ref 4C8582E7] Duplicate stacktrace, see ref for original
Could not execute post-long-event action. Exception: System.NullReferenceException: Object reference not set to an instance of an object
[Ref 4C8582E7] Duplicate stacktrace, see ref for original
Could not execute post-long-event action. Exception: System.NullReferenceException: Object reference not set to an instance of an object
[Ref CF2FF030] Duplicate stacktrace, see ref for original
Could not execute post-long-event action. Exception: System.NullReferenceException: Object reference not set to an instance of an object
[Ref CF2FF030] Duplicate stacktrace, see ref for original
Could not execute post-long-event action. Exception: System.NullReferenceException: Object reference not set to an instance of an object
[Ref 4C8582E7] Duplicate stacktrace, see ref for original
Could not execute post-long-event action. Exception: System.NullReferenceException: Object reference not set to an instance of an object
[Ref 4C8582E7] Duplicate stacktrace, see ref for original
Could not execute post-long-event action. Exception: System.NullReferenceException: Object reference not set to an instance of an object
[Ref 4C8582E7] Duplicate stacktrace, see ref for original
Could not execute post-long-event action. Exception: System.NullReferenceException: Object reference not set to an instance of an object
[Ref CF2FF030] Duplicate stacktrace, see ref for original
Could not execute post-long-event action. Exception: System.NullReferenceException: Object reference not set to an instance of an object
[Ref CF2FF030] Duplicate stacktrace, see ref for original
Could not execute post-long-event action. Exception: System.NullReferenceException: Object reference not set to an instance of an object
[Ref CF2FF030] Duplicate stacktrace, see ref for original
Could not execute post-long-event action. Exception: System.NullReferenceException: Object reference not set to an instance of an object
[Ref CF2FF030] Duplicate stacktrace, see ref for original
Could not execute post-long-event action. Exception: System.NullReferenceException: Object reference not set to an instance of an object
[Ref CF2FF030] Duplicate stacktrace, see ref for original
Could not execute post-long-event action. Exception: System.NullReferenceException: Object reference not set to an instance of an object
[Ref CF2FF030] Duplicate stacktrace, see ref for original
Could not execute post-long-event action. Exception: System.NullReferenceException: Object reference not set to an instance of an object
[Ref 4C8582E7] Duplicate stacktrace, see ref for original
Could not execute post-long-event action. Exception: System.NullReferenceException: Object reference not set to an instance of an object
[Ref 4C8582E7] Duplicate stacktrace, see ref for original
Could not execute post-long-event action. Exception: System.NullReferenceException: Object reference not set to an instance of an object
[Ref 4C8582E7] Duplicate stacktrace, see ref for original
Could not execute post-long-event action. Exception: System.NullReferenceException: Object reference not set to an instance of an object
[Ref 6DF9E34F] Duplicate stacktrace, see ref for original
Could not execute post-long-event action. Exception: System.NullReferenceException: Object reference not set to an instance of an object
[Ref 4C8582E7] Duplicate stacktrace, see ref for original
Could not execute post-long-event action. Exception: System.NullReferenceException: Object reference not set to an instance of an object
[Ref 4C8582E7] Duplicate stacktrace, see ref for original
Could not execute post-long-event action. Exception: System.NullReferenceException: Object reference not set to an instance of an object
[Ref 4C8582E7] Duplicate stacktrace, see ref for original
Could not execute post-long-event action. Exception: System.NullReferenceException: Object reference not set to an instance of an object
[Ref 4C8582E7] Duplicate stacktrace, see ref for original
Could not execute post-long-event action. Exception: System.NullReferenceException: Object reference not set to an instance of an object
[Ref 4C8582E7] Duplicate stacktrace, see ref for original
Could not execute post-long-event action. Exception: System.NullReferenceException: Object reference not set to an instance of an object
[Ref 4C8582E7] Duplicate stacktrace, see ref for original
Could not execute post-long-event action. Exception: System.NullReferenceException: Object reference not set to an instance of an object
[Ref 4C8582E7] Duplicate stacktrace, see ref for original
Could not execute post-long-event action. Exception: System.NullReferenceException: Object reference not set to an instance of an object
[Ref CF2FF030] Duplicate stacktrace, see ref for original
Could not execute post-long-event action. Exception: System.NullReferenceException: Object reference not set to an instance of an object
[Ref CF2FF030] Duplicate stacktrace, see ref for original
Could not execute post-long-event action. Exception: System.NullReferenceException: Object reference not set to an instance of an object
[Ref CF2FF030] Duplicate stacktrace, see ref for original
Could not execute post-long-event action. Exception: System.NullReferenceException: Object reference not set to an instance of an object
[Ref 4C8582E7] Duplicate stacktrace, see ref for original
Could not execute post-long-event action. Exception: System.NullReferenceException: Object reference not set to an instance of an object
[Ref 4C8582E7] Duplicate stacktrace, see ref for original
Could not execute post-long-event action. Exception: System.NullReferenceException: Object reference not set to an instance of an object
[Ref CF2FF030] Duplicate stacktrace, see ref for original
Could not execute post-long-event action. Exception: System.NullReferenceException: Object reference not set to an instance of an object
[Ref 4C8582E7] Duplicate stacktrace, see ref for original
Could not execute post-long-event action. Exception: System.NullReferenceException: Object reference not set to an instance of an object
[Ref 4C8582E7] Duplicate stacktrace, see ref for original
Could not execute post-long-event action. Exception: System.NullReferenceException: Object reference not set to an instance of an object
[Ref CF2FF030] Duplicate stacktrace, see ref for original
Could not execute post-long-event action. Exception: System.NullReferenceException: Object reference not set to an instance of an object
[Ref CF2FF030] Duplicate stacktrace, see ref for original
Could not execute post-long-event action. Exception: System.NullReferenceException: Object reference not set to an instance of an object
[Ref CF2FF030] Duplicate stacktrace, see ref for original
Could not execute post-long-event action. Exception: System.NullReferenceException: Object reference not set to an instance of an object
[Ref CF2FF030] Duplicate stacktrace, see ref for original
Could not execute post-long-event action. Exception: System.NullReferenceException: Object reference not set to an instance of an object
[Ref CF2FF030] Duplicate stacktrace, see ref for original
Could not execute post-long-event action. Exception: System.NullReferenceException: Object reference not set to an instance of an object
[Ref CF2FF030] Duplicate stacktrace, see ref for original
Could not execute post-long-event action. Exception: System.NullReferenceException: Object reference not set to an instance of an object
[Ref CF2FF030] Duplicate stacktrace, see ref for original
Could not execute post-long-event action. Exception: System.NullReferenceException: Object reference not set to an instance of an object
[Ref CF2FF030] Duplicate stacktrace, see ref for original
Could not execute post-long-event action. Exception: System.NullReferenceException: Object reference not set to an instance of an object
[Ref CF2FF030] Duplicate stacktrace, see ref for original
Could not execute post-long-event action. Exception: System.NullReferenceException: Object reference not set to an instance of an object
[Ref CF2FF030] Duplicate stacktrace, see ref for original
Could not execute post-long-event action. Exception: System.NullReferenceException: Object reference not set to an instance of an object
[Ref CF2FF030] Duplicate stacktrace, see ref for original
Could not execute post-long-event action. Exception: System.NullReferenceException: Object reference not set to an instance of an object
[Ref CF2FF030] Duplicate stacktrace, see ref for original
Could not execute post-long-event action. Exception: System.NullReferenceException: Object reference not set to an instance of an object
[Ref CF2FF030] Duplicate stacktrace, see ref for original
Could not execute post-long-event action. Exception: System.NullReferenceException: Object reference not set to an instance of an object
[Ref CF2FF030] Duplicate stacktrace, see ref for original
Could not execute post-long-event action. Exception: System.NullReferenceException: Object reference not set to an instance of an object
[Ref CF2FF030] Duplicate stacktrace, see ref for original
Could not execute post-long-event action. Exception: System.NullReferenceException: Object reference not set to an instance of an object
[Ref CF2FF030] Duplicate stacktrace, see ref for original
Could not execute post-long-event action. Exception: System.NullReferenceException: Object reference not set to an instance of an object
[Ref CF2FF030] Duplicate stacktrace, see ref for original
Could not execute post-long-event action. Exception: System.NullReferenceException: Object reference not set to an instance of an object
[Ref CF2FF030] Duplicate stacktrace, see ref for original
Could not execute post-long-event action. Exception: System.NullReferenceException: Object reference not set to an instance of an object
[Ref CF2FF030] Duplicate stacktrace, see ref for original
Could not execute post-long-event action. Exception: System.NullReferenceException: Object reference not set to an instance of an object
[Ref CF2FF030] Duplicate stacktrace, see ref for original
Could not execute post-long-event action. Exception: System.NullReferenceException: Object reference not set to an instance of an object
[Ref CF2FF030] Duplicate stacktrace, see ref for original
Could not execute post-long-event action. Exception: System.NullReferenceException: Object reference not set to an instance of an object
[Ref CF2FF030] Duplicate stacktrace, see ref for original
Could not execute post-long-event action. Exception: System.NullReferenceException: Object reference not set to an instance of an object
[Ref CF2FF030] Duplicate stacktrace, see ref for original
Could not execute post-long-event action. Exception: System.NullReferenceException: Object reference not set to an instance of an object
[Ref CF2FF030] Duplicate stacktrace, see ref for original
Could not execute post-long-event action. Exception: System.NullReferenceException: Object reference not set to an instance of an object
[Ref CF2FF030] Duplicate stacktrace, see ref for original
Could not execute post-long-event action. Exception: System.NullReferenceException: Object reference not set to an instance of an object
[Ref CF2FF030] Duplicate stacktrace, see ref for original
Could not execute post-long-event action. Exception: System.NullReferenceException: Object reference not set to an instance of an object
[Ref CF2FF030] Duplicate stacktrace, see ref for original
Could not execute post-long-event action. Exception: System.NullReferenceException: Object reference not set to an instance of an object
[Ref CF2FF030] Duplicate stacktrace, see ref for original
Could not execute post-long-event action. Exception: System.NullReferenceException: Object reference not set to an instance of an object
[Ref CF2FF030] Duplicate stacktrace, see ref for original
Could not execute post-long-event action. Exception: System.NullReferenceException: Object reference not set to an instance of an object
[Ref CF2FF030] Duplicate stacktrace, see ref for original
Could not execute post-long-event action. Exception: System.NullReferenceException: Object reference not set to an instance of an object
[Ref CF2FF030] Duplicate stacktrace, see ref for original
Could not execute post-long-event action. Exception: System.NullReferenceException: Object reference not set to an instance of an object
[Ref CF2FF030] Duplicate stacktrace, see ref for original
Could not execute post-long-event action. Exception: System.NullReferenceException: Object reference not set to an instance of an object
[Ref CF2FF030] Duplicate stacktrace, see ref for original
Could not execute post-long-event action. Exception: System.NullReferenceException: Object reference not set to an instance of an object
[Ref CF2FF030] Duplicate stacktrace, see ref for original
Could not execute post-long-event action. Exception: System.NullReferenceException: Object reference not set to an instance of an object
[Ref CF2FF030] Duplicate stacktrace, see ref for original
Could not execute post-long-event action. Exception: System.NullReferenceException: Object reference not set to an instance of an object
[Ref 4C8582E7] Duplicate stacktrace, see ref for original
Could not execute post-long-event action. Exception: System.NullReferenceException: Object reference not set to an instance of an object
[Ref 4C8582E7] Duplicate stacktrace, see ref for original
Could not execute post-long-event action. Exception: System.NullReferenceException: Object reference not set to an instance of an object
[Ref CF2FF030] Duplicate stacktrace, see ref for original
Could not execute post-long-event action. Exception: System.NullReferenceException: Object reference not set to an instance of an object
[Ref CF2FF030] Duplicate stacktrace, see ref for original
Could not execute post-long-event action. Exception: System.NullReferenceException: Object reference not set to an instance of an object
[Ref 4C8582E7] Duplicate stacktrace, see ref for original
Could not execute post-long-event action. Exception: System.NullReferenceException: Object reference not set to an instance of an object
[Ref 4C8582E7] Duplicate stacktrace, see ref for original
Could not execute post-long-event action. Exception: System.NullReferenceException: Object reference not set to an instance of an object
[Ref 4C8582E7] Duplicate stacktrace, see ref for original
Could not execute post-long-event action. Exception: System.NullReferenceException: Object reference not set to an instance of an object
[Ref 4C8582E7] Duplicate stacktrace, see ref for original
Could not execute post-long-event action. Exception: System.NullReferenceException: Object reference not set to an instance of an object
[Ref 4C8582E7] Duplicate stacktrace, see ref for original
Could not execute post-long-event action. Exception: System.NullReferenceException: Object reference not set to an instance of an object
[Ref 4C8582E7] Duplicate stacktrace, see ref for original
Could not execute post-long-event action. Exception: System.NullReferenceException: Object reference not set to an instance of an object
[Ref 4C8582E7] Duplicate stacktrace, see ref for original
Could not execute post-long-event action. Exception: System.NullReferenceException: Object reference not set to an instance of an object
[Ref 4C8582E7] Duplicate stacktrace, see ref for original
Could not execute post-long-event action. Exception: System.NullReferenceException: Object reference not set to an instance of an object
[Ref 4C8582E7] Duplicate stacktrace, see ref for original
Could not execute post-long-event action. Exception: System.NullReferenceException: Object reference not set to an instance of an object
[Ref 4C8582E7] Duplicate stacktrace, see ref for original
Could not execute post-long-event action. Exception: System.NullReferenceException: Object reference not set to an instance of an object
[Ref 4C8582E7] Duplicate stacktrace, see ref for original
Could not execute post-long-event action. Exception: System.NullReferenceException: Object reference not set to an instance of an object
[Ref 4C8582E7] Duplicate stacktrace, see ref for original
Could not execute post-long-event action. Exception: System.NullReferenceException: Object reference not set to an instance of an object
[Ref 4C8582E7] Duplicate stacktrace, see ref for original
Could not execute post-long-event action. Exception: System.NullReferenceException: Object reference not set to an instance of an object
[Ref 4C8582E7] Duplicate stacktrace, see ref for original
Could not execute post-long-event action. Exception: System.NullReferenceException: Object reference not set to an instance of an object
[Ref 4C8582E7] Duplicate stacktrace, see ref for original
Could not execute post-long-event action. Exception: System.NullReferenceException: Object reference not set to an instance of an object
[Ref 4C8582E7] Duplicate stacktrace, see ref for original
Could not execute post-long-event action. Exception: System.NullReferenceException: Object reference not set to an instance of an object
[Ref 4C8582E7] Duplicate stacktrace, see ref for original
Could not execute post-long-event action. Exception: System.NullReferenceException: Object reference not set to an instance of an object
[Ref 4C8582E7] Duplicate stacktrace, see ref for original
Could not execute post-long-event action. Exception: System.NullReferenceException: Object reference not set to an instance of an object
[Ref 4C8582E7] Duplicate stacktrace, see ref for original
Could not execute post-long-event action. Exception: System.NullReferenceException: Object reference not set to an instance of an object
[Ref 4C8582E7] Duplicate stacktrace, see ref for original
Could not execute post-long-event action. Exception: System.NullReferenceException: Object reference not set to an instance of an object
[Ref 4C8582E7] Duplicate stacktrace, see ref for original
Could not execute post-long-event action. Exception: System.NullReferenceException: Object reference not set to an instance of an object
[Ref 4C8582E7] Duplicate stacktrace, see ref for original
Could not execute post-long-event action. Exception: System.NullReferenceException: Object reference not set to an instance of an object
[Ref 4C8582E7] Duplicate stacktrace, see ref for original
Could not execute post-long-event action. Exception: System.NullReferenceException: Object reference not set to an instance of an object
[Ref CF2FF030] Duplicate stacktrace, see ref for original
Could not execute post-long-event action. Exception: System.NullReferenceException: Object reference not set to an instance of an object
[Ref CF2FF030] Duplicate stacktrace, see ref for original
Could not execute post-long-event action. Exception: System.NullReferenceException: Object reference not set to an instance of an object
[Ref CF2FF030] Duplicate stacktrace, see ref for original
Could not execute post-long-event action. Exception: System.NullReferenceException: Object reference not set to an instance of an object
[Ref CF2FF030] Duplicate stacktrace, see ref for original
Could not execute post-long-event action. Exception: System.NullReferenceException: Object reference not set to an instance of an object
[Ref CF2FF030] Duplicate stacktrace, see ref for original
Could not execute post-long-event action. Exception: System.NullReferenceException: Object reference not set to an instance of an object
[Ref 4C8582E7] Duplicate stacktrace, see ref for original
Could not execute post-long-event action. Exception: System.NullReferenceException: Object reference not set to an instance of an object
[Ref CF2FF030] Duplicate stacktrace, see ref for original
Could not execute post-long-event action. Exception: System.NullReferenceException: Object reference not set to an instance of an object
[Ref 4C8582E7] Duplicate stacktrace, see ref for original
Could not execute post-long-event action. Exception: System.NullReferenceException: Object reference not set to an instance of an object
[Ref 4C8582E7] Duplicate stacktrace, see ref for original
Could not execute post-long-event action. Exception: System.NullReferenceException: Object reference not set to an instance of an object
[Ref 4C8582E7] Duplicate stacktrace, see ref for original
Could not execute post-long-event action. Exception: System.NullReferenceException: Object reference not set to an instance of an object
[Ref 4C8582E7] Duplicate stacktrace, see ref for original
Could not execute post-long-event action. Exception: System.NullReferenceException: Object reference not set to an instance of an object
[Ref CF2FF030] Duplicate stacktrace, see ref for original
Could not execute post-long-event action. Exception: System.NullReferenceException: Object reference not set to an instance of an object
[Ref CF2FF030] Duplicate stacktrace, see ref for original
Could not execute post-long-event action. Exception: System.NullReferenceException: Object reference not set to an instance of an object
[Ref 6DF9E34F] Duplicate stacktrace, see ref for original
Could not execute post-long-event action. Exception: System.NullReferenceException: Object reference not set to an instance of an object
[Ref 6DF9E34F] Duplicate stacktrace, see ref for original
Could not execute post-long-event action. Exception: System.NullReferenceException: Object reference not set to an instance of an object
[Ref 6DF9E34F] Duplicate stacktrace, see ref for original
Could not execute post-long-event action. Exception: System.NullReferenceException: Object reference not set to an instance of an object
[Ref 6DF9E34F] Duplicate stacktrace, see ref for original
Could not execute post-long-event action. Exception: System.NullReferenceException: Object reference not set to an instance of an object
[Ref 6DF9E34F] Duplicate stacktrace, see ref for original
Could not execute post-long-event action. Exception: System.NullReferenceException: Object reference not set to an instance of an object
[Ref 6DF9E34F] Duplicate stacktrace, see ref for original
Could not execute post-long-event action. Exception: System.NullReferenceException: Object reference not set to an instance of an object
[Ref 6DF9E34F] Duplicate stacktrace, see ref for original
Could not execute post-long-event action. Exception: System.NullReferenceException: Object reference not set to an instance of an object
[Ref 6DF9E34F] Duplicate stacktrace, see ref for original
Could not execute post-long-event action. Exception: System.NullReferenceException: Object reference not set to an instance of an object
[Ref 6DF9E34F] Duplicate stacktrace, see ref for original
Could not execute post-long-event action. Exception: System.NullReferenceException: Object reference not set to an instance of an object
[Ref 6DF9E34F] Duplicate stacktrace, see ref for original
Could not execute post-long-event action. Exception: System.NullReferenceException: Object reference not set to an instance of an object
[Ref 6DF9E34F] Duplicate stacktrace, see ref for original
Could not execute post-long-event action. Exception: System.NullReferenceException: Object reference not set to an instance of an object
[Ref 6DF9E34F] Duplicate stacktrace, see ref for original
Could not execute post-long-event action. Exception: System.NullReferenceException: Object reference not set to an instance of an object
[Ref CF2FF030] Duplicate stacktrace, see ref for original
Could not execute post-long-event action. Exception: System.NullReferenceException: Object reference not set to an instance of an object
[Ref CF2FF030] Duplicate stacktrace, see ref for original
Could not execute post-long-event action. Exception: System.NullReferenceException: Object reference not set to an instance of an object
[Ref CF2FF030] Duplicate stacktrace, see ref for original
Could not execute post-long-event action. Exception: System.NullReferenceException: Object reference not set to an instance of an object
[Ref CF2FF030] Duplicate stacktrace, see ref for original
Could not execute post-long-event action. Exception: System.NullReferenceException: Object reference not set to an instance of an object
[Ref CF2FF030] Duplicate stacktrace, see ref for original
Could not execute post-long-event action. Exception: System.NullReferenceException: Object reference not set to an instance of an object
[Ref CF2FF030] Duplicate stacktrace, see ref for original
Could not execute post-long-event action. Exception: System.NullReferenceException: Object reference not set to an instance of an object
[Ref 4C8582E7] Duplicate stacktrace, see ref for original
Could not execute post-long-event action. Exception: System.NullReferenceException: Object reference not set to an instance of an object
[Ref 4C8582E7] Duplicate stacktrace, see ref for original
Could not execute post-long-event action. Exception: System.NullReferenceException: Object reference not set to an instance of an object
[Ref 4C8582E7] Duplicate stacktrace, see ref for original
Could not execute post-long-event action. Exception: System.NullReferenceException: Object reference not set to an instance of an object
[Ref 4C8582E7] Duplicate stacktrace, see ref for original
Could not execute post-long-event action. Exception: System.NullReferenceException: Object reference not set to an instance of an object
[Ref 4C8582E7] Duplicate stacktrace, see ref for original
Could not execute post-long-event action. Exception: System.NullReferenceException: Object reference not set to an instance of an object
[Ref 4C8582E7] Duplicate stacktrace, see ref for original
Could not execute post-long-event action. Exception: System.NullReferenceException: Object reference not set to an instance of an object
[Ref CF2FF030] Duplicate stacktrace, see ref for original
Could not execute post-long-event action. Exception: System.NullReferenceException: Object reference not set to an instance of an object
[Ref CF2FF030] Duplicate stacktrace, see ref for original
Could not execute post-long-event action. Exception: System.NullReferenceException: Object reference not set to an instance of an object
[Ref 6DF9E34F] Duplicate stacktrace, see ref for original
Could not execute post-long-event action. Exception: System.NullReferenceException: Object reference not set to an instance of an object
[Ref CF2FF030] Duplicate stacktrace, see ref for original
Could not execute post-long-event action. Exception: System.NullReferenceException: Object reference not set to an instance of an object
[Ref CF2FF030] Duplicate stacktrace, see ref for original
Could not execute post-long-event action. Exception: System.NullReferenceException: Object reference not set to an instance of an object
[Ref CF2FF030] Duplicate stacktrace, see ref for original
Could not execute post-long-event action. Exception: System.NullReferenceException: Object reference not set to an instance of an object
[Ref CF2FF030] Duplicate stacktrace, see ref for original
Could not execute post-long-event action. Exception: System.NullReferenceException: Object reference not set to an instance of an object
[Ref 4C8582E7] Duplicate stacktrace, see ref for original
Could not execute post-long-event action. Exception: System.NullReferenceException: Object reference not set to an instance of an object
[Ref CF2FF030] Duplicate stacktrace, see ref for original
Could not execute post-long-event action. Exception: System.NullReferenceException: Object reference not set to an instance of an object
[Ref CF2FF030] Duplicate stacktrace, see ref for original
Could not execute post-long-event action. Exception: System.NullReferenceException: Object reference not set to an instance of an object
[Ref CF2FF030] Duplicate stacktrace, see ref for original
Could not execute post-long-event action. Exception: System.NullReferenceException: Object reference not set to an instance of an object
[Ref CF2FF030] Duplicate stacktrace, see ref for original
Could not execute post-long-event action. Exception: System.NullReferenceException: Object reference not set to an instance of an object
[Ref 4C8582E7] Duplicate stacktrace, see ref for original
Could not execute post-long-event action. Exception: System.NullReferenceException: Object reference not set to an instance of an object
[Ref 4C8582E7] Duplicate stacktrace, see ref for original
Could not execute post-long-event action. Exception: System.NullReferenceException: Object reference not set to an instance of an object
[Ref CF2FF030] Duplicate stacktrace, see ref for original
Could not execute post-long-event action. Exception: System.NullReferenceException: Object reference not set to an instance of an object
[Ref CF2FF030] Duplicate stacktrace, see ref for original
Could not execute post-long-event action. Exception: System.NullReferenceException: Object reference not set to an instance of an object
[Ref 4C8582E7] Duplicate stacktrace, see ref for original
Could not execute post-long-event action. Exception: System.NullReferenceException: Object reference not set to an instance of an object
[Ref 4C8582E7] Duplicate stacktrace, see ref for original
Could not execute post-long-event action. Exception: System.NullReferenceException: Object reference not set to an instance of an object
[Ref 4C8582E7] Duplicate stacktrace, see ref for original
Could not execute post-long-event action. Exception: System.NullReferenceException: Object reference not set to an instance of an object
[Ref CF2FF030] Duplicate stacktrace, see ref for original
Could not execute post-long-event action. Exception: System.NullReferenceException: Object reference not set to an instance of an object
[Ref CF2FF030] Duplicate stacktrace, see ref for original
Could not execute post-long-event action. Exception: System.NullReferenceException: Object reference not set to an instance of an object
[Ref CF2FF030] Duplicate stacktrace, see ref for original
Could not execute post-long-event action. Exception: System.NullReferenceException: Object reference not set to an instance of an object
[Ref CF2FF030] Duplicate stacktrace, see ref for original
Could not execute post-long-event action. Exception: System.NullReferenceException: Object reference not set to an instance of an object
[Ref CF2FF030] Duplicate stacktrace, see ref for original
Could not execute post-long-event action. Exception: System.NullReferenceException: Object reference not set to an instance of an object
[Ref 4C8582E7] Duplicate stacktrace, see ref for original
Could not execute post-long-event action. Exception: System.NullReferenceException: Object reference not set to an instance of an object
[Ref 4C8582E7] Duplicate stacktrace, see ref for original
Could not execute post-long-event action. Exception: System.NullReferenceException: Object reference not set to an instance of an object
[Ref 4C8582E7] Duplicate stacktrace, see ref for original
Could not execute post-long-event action. Exception: System.NullReferenceException: Object reference not set to an instance of an object
[Ref 4C8582E7] Duplicate stacktrace, see ref for original
Could not execute post-long-event action. Exception: System.NullReferenceException: Object reference not set to an instance of an object
[Ref CF2FF030] Duplicate stacktrace, see ref for original
Could not execute post-long-event action. Exception: System.NullReferenceException: Object reference not set to an instance of an object
[Ref CF2FF030] Duplicate stacktrace, see ref for original
Could not execute post-long-event action. Exception: System.NullReferenceException: Object reference not set to an instance of an object
[Ref 4C8582E7] Duplicate stacktrace, see ref for original
Could not execute post-long-event action. Exception: System.NullReferenceException: Object reference not set to an instance of an object
[Ref 4C8582E7] Duplicate stacktrace, see ref for original
Could not execute post-long-event action. Exception: System.NullReferenceException: Object reference not set to an instance of an object
[Ref CF2FF030] Duplicate stacktrace, see ref for original
Could not execute post-long-event action. Exception: System.NullReferenceException: Object reference not set to an instance of an object
[Ref CF2FF030] Duplicate stacktrace, see ref for original
Could not execute post-long-event action. Exception: System.NullReferenceException: Object reference not set to an instance of an object
[Ref CF2FF030] Duplicate stacktrace, see ref for original
Could not execute post-long-event action. Exception: System.NullReferenceException: Object reference not set to an instance of an object
[Ref CF2FF030] Duplicate stacktrace, see ref for original
Could not execute post-long-event action. Exception: System.NullReferenceException: Object reference not set to an instance of an object
[Ref CF2FF030] Duplicate stacktrace, see ref for original
Could not execute post-long-event action. Exception: System.NullReferenceException: Object reference not set to an instance of an object
[Ref CF2FF030] Duplicate stacktrace, see ref for original
Could not execute post-long-event action. Exception: System.NullReferenceException: Object reference not set to an instance of an object
[Ref 4C8582E7] Duplicate stacktrace, see ref for original
Could not execute post-long-event action. Exception: System.NullReferenceException: Object reference not set to an instance of an object
[Ref 4C8582E7] Duplicate stacktrace, see ref for original
Could not execute post-long-event action. Exception: System.NullReferenceException: Object reference not set to an instance of an object
[Ref CF2FF030] Duplicate stacktrace, see ref for original
Could not execute post-long-event action. Exception: System.NullReferenceException: Object reference not set to an instance of an object
[Ref CF2FF030] Duplicate stacktrace, see ref for original
Could not execute post-long-event action. Exception: System.NullReferenceException: Object reference not set to an instance of an object
[Ref CF2FF030] Duplicate stacktrace, see ref for original
Could not execute post-long-event action. Exception: System.NullReferenceException: Object reference not set to an instance of an object
[Ref CF2FF030] Duplicate stacktrace, see ref for original
Could not execute post-long-event action. Exception: System.NullReferenceException: Object reference not set to an instance of an object
[Ref 4C8582E7] Duplicate stacktrace, see ref for original
Could not execute post-long-event action. Exception: System.NullReferenceException: Object reference not set to an instance of an object
[Ref 4C8582E7] Duplicate stacktrace, see ref for original
Could not execute post-long-event action. Exception: System.NullReferenceException: Object reference not set to an instance of an object
[Ref 6DF9E34F] Duplicate stacktrace, see ref for original
Could not execute post-long-event action. Exception: System.NullReferenceException: Object reference not set to an instance of an object
[Ref 6DF9E34F] Duplicate stacktrace, see ref for original
Could not execute post-long-event action. Exception: System.NullReferenceException: Object reference not set to an instance of an object
[Ref 6DF9E34F] Duplicate stacktrace, see ref for original
Could not execute post-long-event action. Exception: System.NullReferenceException: Object reference not set to an instance of an object
[Ref 6DF9E34F] Duplicate stacktrace, see ref for original
Could not execute post-long-event action. Exception: System.NullReferenceException: Object reference not set to an instance of an object
[Ref 6DF9E34F] Duplicate stacktrace, see ref for original
Could not execute post-long-event action. Exception: System.NullReferenceException: Object reference not set to an instance of an object
[Ref 6DF9E34F] Duplicate stacktrace, see ref for original
Could not execute post-long-event action. Exception: System.NullReferenceException: Object reference not set to an instance of an object
[Ref 6DF9E34F] Duplicate stacktrace, see ref for original
Could not execute post-long-event action. Exception: System.NullReferenceException: Object reference not set to an instance of an object
[Ref 6DF9E34F] Duplicate stacktrace, see ref for original
Could not execute post-long-event action. Exception: System.NullReferenceException: Object reference not set to an instance of an object
[Ref 6DF9E34F] Duplicate stacktrace, see ref for original
Could not execute post-long-event action. Exception: System.NullReferenceException: Object reference not set to an instance of an object
[Ref 6DF9E34F] Duplicate stacktrace, see ref for original
Could not execute post-long-event action. Exception: System.NullReferenceException: Object reference not set to an instance of an object
[Ref 6DF9E34F] Duplicate stacktrace, see ref for original
Could not execute post-long-event action. Exception: System.NullReferenceException: Object reference not set to an instance of an object
[Ref 6DF9E34F] Duplicate stacktrace, see ref for original
Could not execute post-long-event action. Exception: System.NullReferenceException: Object reference not set to an instance of an object
[Ref 6DF9E34F] Duplicate stacktrace, see ref for original
Could not execute post-long-event action. Exception: System.NullReferenceException: Object reference not set to an instance of an object
[Ref 6DF9E34F] Duplicate stacktrace, see ref for original
Could not execute post-long-event action. Exception: System.NullReferenceException: Object reference not set to an instance of an object
[Ref 6DF9E34F] Duplicate stacktrace, see ref for original
Could not execute post-long-event action. Exception: System.NullReferenceException: Object reference not set to an instance of an object
[Ref 6DF9E34F] Duplicate stacktrace, see ref for original
Could not execute post-long-event action. Exception: System.NullReferenceException: Object reference not set to an instance of an object
[Ref 6DF9E34F] Duplicate stacktrace, see ref for original
Could not execute post-long-event action. Exception: System.NullReferenceException: Object reference not set to an instance of an object
[Ref 6DF9E34F] Duplicate stacktrace, see ref for original
Could not execute post-long-event action. Exception: System.NullReferenceException: Object reference not set to an instance of an object
[Ref 6DF9E34F] Duplicate stacktrace, see ref for original
Could not execute post-long-event action. Exception: System.NullReferenceException: Object reference not set to an instance of an object
[Ref 6DF9E34F] Duplicate stacktrace, see ref for original
Could not execute post-long-event action. Exception: System.NullReferenceException: Object reference not set to an instance of an object
[Ref CF2FF030] Duplicate stacktrace, see ref for original
Could not execute post-long-event action. Exception: System.NullReferenceException: Object reference not set to an instance of an object
[Ref CF2FF030] Duplicate stacktrace, see ref for original
Could not execute post-long-event action. Exception: System.NullReferenceException: Object reference not set to an instance of an object
[Ref CF2FF030] Duplicate stacktrace, see ref for original
Could not execute post-long-event action. Exception: System.NullReferenceException: Object reference not set to an instance of an object
[Ref CF2FF030] Duplicate stacktrace, see ref for original
Could not execute post-long-event action. Exception: System.NullReferenceException: Object reference not set to an instance of an object
[Ref CF2FF030] Duplicate stacktrace, see ref for original
Could not execute post-long-event action. Exception: System.NullReferenceException: Object reference not set to an instance of an object
[Ref CF2FF030] Duplicate stacktrace, see ref for original
Could not execute post-long-event action. Exception: System.NullReferenceException: Object reference not set to an instance of an object
[Ref CF2FF030] Duplicate stacktrace, see ref for original
Could not execute post-long-event action. Exception: System.NullReferenceException: Object reference not set to an instance of an object
[Ref CF2FF030] Duplicate stacktrace, see ref for original
Could not execute post-long-event action. Exception: System.NullReferenceException: Object reference not set to an instance of an object
[Ref CF2FF030] Duplicate stacktrace, see ref for original
Could not execute post-long-event action. Exception: System.NullReferenceException: Object reference not set to an instance of an object
[Ref CF2FF030] Duplicate stacktrace, see ref for original
Could not execute post-long-event action. Exception: System.NullReferenceException: Object reference not set to an instance of an object
[Ref CF2FF030] Duplicate stacktrace, see ref for original
Could not execute post-long-event action. Exception: System.NullReferenceException: Object reference not set to an instance of an object
[Ref CF2FF030] Duplicate stacktrace, see ref for original
Could not execute post-long-event action. Exception: System.NullReferenceException: Object reference not set to an instance of an object
[Ref 4C8582E7] Duplicate stacktrace, see ref for original
Could not execute post-long-event action. Exception: System.NullReferenceException: Object reference not set to an instance of an object
[Ref 4C8582E7] Duplicate stacktrace, see ref for original
Could not execute post-long-event action. Exception: System.NullReferenceException: Object reference not set to an instance of an object
[Ref CF2FF030] Duplicate stacktrace, see ref for original
Could not execute post-long-event action. Exception: System.NullReferenceException: Object reference not set to an instance of an object
[Ref CF2FF030] Duplicate stacktrace, see ref for original
Could not execute post-long-event action. Exception: System.NullReferenceException: Object reference not set to an instance of an object
[Ref 6DF9E34F] Duplicate stacktrace, see ref for original
Could not execute post-long-event action. Exception: System.NullReferenceException: Object reference not set to an instance of an object
[Ref 6DF9E34F] Duplicate stacktrace, see ref for original
Could not execute post-long-event action. Exception: System.NullReferenceException: Object reference not set to an instance of an object
[Ref 4C8582E7] Duplicate stacktrace, see ref for original
Could not execute post-long-event action. Exception: System.NullReferenceException: Object reference not set to an instance of an object
[Ref CF2FF030] Duplicate stacktrace, see ref for original
Could not execute post-long-event action. Exception: System.NullReferenceException: Object reference not set to an instance of an object
[Ref CF2FF030] Duplicate stacktrace, see ref for original
Could not execute post-long-event action. Exception: System.NullReferenceException: Object reference not set to an instance of an object
[Ref CF2FF030] Duplicate stacktrace, see ref for original
Could not execute post-long-event action. Exception: System.NullReferenceException: Object reference not set to an instance of an object
[Ref CF2FF030] Duplicate stacktrace, see ref for original
Could not execute post-long-event action. Exception: System.NullReferenceException: Object reference not set to an instance of an object
[Ref 4C8582E7] Duplicate stacktrace, see ref for original
Could not execute post-long-event action. Exception: System.NullReferenceException: Object reference not set to an instance of an object
[Ref 4C8582E7] Duplicate stacktrace, see ref for original
Could not execute post-long-event action. Exception: System.NullReferenceException: Object reference not set to an instance of an object
[Ref CF2FF030] Duplicate stacktrace, see ref for original
Could not execute post-long-event action. Exception: System.NullReferenceException: Object reference not set to an instance of an object
[Ref CF2FF030] Duplicate stacktrace, see ref for original
Could not execute post-long-event action. Exception: System.NullReferenceException: Object reference not set to an instance of an object
[Ref CF2FF030] Duplicate stacktrace, see ref for original
Could not execute post-long-event action. Exception: System.NullReferenceException: Object reference not set to an instance of an object
[Ref CF2FF030] Duplicate stacktrace, see ref for original
Could not execute post-long-event action. Exception: System.NullReferenceException: Object reference not set to an instance of an object
[Ref CF2FF030] Duplicate stacktrace, see ref for original
Could not execute post-long-event action. Exception: System.NullReferenceException: Object reference not set to an instance of an object
[Ref CF2FF030] Duplicate stacktrace, see ref for original
Could not execute post-long-event action. Exception: System.NullReferenceException: Object reference not set to an instance of an object
[Ref CF2FF030] Duplicate stacktrace, see ref for original
Could not execute post-long-event action. Exception: System.NullReferenceException: Object reference not set to an instance of an object
[Ref 4C8582E7] Duplicate stacktrace, see ref for original
Could not execute post-long-event action. Exception: System.NullReferenceException: Object reference not set to an instance of an object
[Ref 4C8582E7] Duplicate stacktrace, see ref for original
Could not execute post-long-event action. Exception: System.NullReferenceException: Object reference not set to an instance of an object
[Ref CF2FF030] Duplicate stacktrace, see ref for original
Could not execute post-long-event action. Exception: System.NullReferenceException: Object reference not set to an instance of an object
[Ref 4C8582E7] Duplicate stacktrace, see ref for original
Could not execute post-long-event action. Exception: System.NullReferenceException: Object reference not set to an instance of an object
[Ref 4C8582E7] Duplicate stacktrace, see ref for original
Could not execute post-long-event action. Exception: System.NullReferenceException: Object reference not set to an instance of an object
[Ref 4C8582E7] Duplicate stacktrace, see ref for original
Could not execute post-long-event action. Exception: System.NullReferenceException: Object reference not set to an instance of an object
[Ref CF2FF030] Duplicate stacktrace, see ref for original
Could not execute post-long-event action. Exception: System.NullReferenceException: Object reference not set to an instance of an object
[Ref CF2FF030] Duplicate stacktrace, see ref for original
Could not execute post-long-event action. Exception: System.NullReferenceException: Object reference not set to an instance of an object
[Ref CF2FF030] Duplicate stacktrace, see ref for original
Could not execute post-long-event action. Exception: System.NullReferenceException: Object reference not set to an instance of an object
[Ref CF2FF030] Duplicate stacktrace, see ref for original
Could not execute post-long-event action. Exception: System.NullReferenceException: Object reference not set to an instance of an object
[Ref CF2FF030] Duplicate stacktrace, see ref for original
Could not execute post-long-event action. Exception: System.NullReferenceException: Object reference not set to an instance of an object
[Ref CF2FF030] Duplicate stacktrace, see ref for original
Could not execute post-long-event action. Exception: System.NullReferenceException: Object reference not set to an instance of an object
[Ref CF2FF030] Duplicate stacktrace, see ref for original
Could not execute post-long-event action. Exception: System.NullReferenceException: Object reference not set to an instance of an object
[Ref CF2FF030] Duplicate stacktrace, see ref for original
Could not execute post-long-event action. Exception: System.NullReferenceException: Object reference not set to an instance of an object
[Ref 6DF9E34F] Duplicate stacktrace, see ref for original
Could not execute post-long-event action. Exception: System.NullReferenceException: Object reference not set to an instance of an object
[Ref 6DF9E34F] Duplicate stacktrace, see ref for original
Could not execute post-long-event action. Exception: System.NullReferenceException: Object reference not set to an instance of an object
[Ref 6DF9E34F] Duplicate stacktrace, see ref for original
Could not execute post-long-event action. Exception: System.NullReferenceException: Object reference not set to an instance of an object
[Ref 6DF9E34F] Duplicate stacktrace, see ref for original
Could not execute post-long-event action. Exception: System.NullReferenceException: Object reference not set to an instance of an object
[Ref 6DF9E34F] Duplicate stacktrace, see ref for original
Could not execute post-long-event action. Exception: System.NullReferenceException: Object reference not set to an instance of an object
[Ref 6DF9E34F] Duplicate stacktrace, see ref for original
Could not execute post-long-event action. Exception: System.NullReferenceException: Object reference not set to an instance of an object
[Ref 6DF9E34F] Duplicate stacktrace, see ref for original
Could not execute post-long-event action. Exception: System.NullReferenceException: Object reference not set to an instance of an object
[Ref CF2FF030] Duplicate stacktrace, see ref for original
Could not execute post-long-event action. Exception: System.NullReferenceException: Object reference not set to an instance of an object
[Ref CF2FF030] Duplicate stacktrace, see ref for original
Could not execute post-long-event action. Exception: System.NullReferenceException: Object reference not set to an instance of an object
[Ref 4C8582E7] Duplicate stacktrace, see ref for original
Could not execute post-long-event action. Exception: System.NullReferenceException: Object reference not set to an instance of an object
[Ref 4C8582E7] Duplicate stacktrace, see ref for original
Could not execute post-long-event action. Exception: System.NullReferenceException: Object reference not set to an instance of an object
[Ref 4C8582E7] Duplicate stacktrace, see ref for original
Could not execute post-long-event action. Exception: System.NullReferenceException: Object reference not set to an instance of an object
[Ref 4C8582E7] Duplicate stacktrace, see ref for original
Could not execute post-long-event action. Exception: System.NullReferenceException: Object reference not set to an instance of an object
[Ref 6DF9E34F] Duplicate stacktrace, see ref for original
Could not execute post-long-event action. Exception: System.NullReferenceException: Object reference not set to an instance of an object
[Ref 4C8582E7] Duplicate stacktrace, see ref for original
Could not execute post-long-event action. Exception: System.NullReferenceException: Object reference not set to an instance of an object
[Ref 4C8582E7] Duplicate stacktrace, see ref for original
Could not execute post-long-event action. Exception: System.NullReferenceException: Object reference not set to an instance of an object
[Ref CF2FF030] Duplicate stacktrace, see ref for original
Could not execute post-long-event action. Exception: System.NullReferenceException: Object reference not set to an instance of an object
[Ref CF2FF030] Duplicate stacktrace, see ref for original
Could not execute post-long-event action. Exception: System.NullReferenceException: Object reference not set to an instance of an object
[Ref 4C8582E7] Duplicate stacktrace, see ref for original
Could not execute post-long-event action. Exception: System.NullReferenceException: Object reference not set to an instance of an object
[Ref 4C8582E7] Duplicate stacktrace, see ref for original
Could not execute post-long-event action. Exception: System.NullReferenceException: Object reference not set to an instance of an object
[Ref CF2FF030] Duplicate stacktrace, see ref for original
Could not execute post-long-event action. Exception: System.NullReferenceException: Object reference not set to an instance of an object
[Ref CF2FF030] Duplicate stacktrace, see ref for original
Could not execute post-long-event action. Exception: System.NullReferenceException: Object reference not set to an instance of an object
[Ref CF2FF030] Duplicate stacktrace, see ref for original
Could not execute post-long-event action. Exception: System.NullReferenceException: Object reference not set to an instance of an object
[Ref CF2FF030] Duplicate stacktrace, see ref for original
Could not execute post-long-event action. Exception: System.NullReferenceException: Object reference not set to an instance of an object
[Ref CF2FF030] Duplicate stacktrace, see ref for original
Could not execute post-long-event action. Exception: System.NullReferenceException: Object reference not set to an instance of an object
[Ref CF2FF030] Duplicate stacktrace, see ref for original
Could not execute post-long-event action. Exception: System.NullReferenceException: Object reference not set to an instance of an object
[Ref 4C8582E7] Duplicate stacktrace, see ref for original
Could not execute post-long-event action. Exception: System.NullReferenceException: Object reference not set to an instance of an object
[Ref 6DF9E34F] Duplicate stacktrace, see ref for original
Could not execute post-long-event action. Exception: System.NullReferenceException: Object reference not set to an instance of an object
[Ref 4C8582E7] Duplicate stacktrace, see ref for original
Could not execute post-long-event action. Exception: System.NullReferenceException: Object reference not set to an instance of an object
[Ref 4C8582E7] Duplicate stacktrace, see ref for original
Could not execute post-long-event action. Exception: System.NullReferenceException: Object reference not set to an instance of an object
[Ref CF2FF030] Duplicate stacktrace, see ref for original
Could not execute post-long-event action. Exception: System.NullReferenceException: Object reference not set to an instance of an object
[Ref CF2FF030] Duplicate stacktrace, see ref for original
Could not execute post-long-event action. Exception: System.NullReferenceException: Object reference not set to an instance of an object
[Ref CF2FF030] Duplicate stacktrace, see ref for original
Could not execute post-long-event action. Exception: System.NullReferenceException: Object reference not set to an instance of an object
[Ref CF2FF030] Duplicate stacktrace, see ref for original
Could not execute post-long-event action. Exception: System.NullReferenceException: Object reference not set to an instance of an object
[Ref CF2FF030] Duplicate stacktrace, see ref for original
Could not execute post-long-event action. Exception: System.NullReferenceException: Object reference not set to an instance of an object
[Ref CF2FF030] Duplicate stacktrace, see ref for original
Could not execute post-long-event action. Exception: System.NullReferenceException: Object reference not set to an instance of an object
[Ref CF2FF030] Duplicate stacktrace, see ref for original
Could not execute post-long-event action. Exception: System.NullReferenceException: Object reference not set to an instance of an object
[Ref CF2FF030] Duplicate stacktrace, see ref for original
Could not execute post-long-event action. Exception: System.NullReferenceException: Object reference not set to an instance of an object
[Ref CF2FF030] Duplicate stacktrace, see ref for original
Could not execute post-long-event action. Exception: System.NullReferenceException: Object reference not set to an instance of an object
[Ref CF2FF030] Duplicate stacktrace, see ref for original
Could not execute post-long-event action. Exception: System.NullReferenceException: Object reference not set to an instance of an object
[Ref CF2FF030] Duplicate stacktrace, see ref for original
Could not execute post-long-event action. Exception: System.NullReferenceException: Object reference not set to an instance of an object
[Ref 4C8582E7] Duplicate stacktrace, see ref for original
Could not execute post-long-event action. Exception: System.NullReferenceException: Object reference not set to an instance of an object
[Ref 4C8582E7] Duplicate stacktrace, see ref for original
Could not execute post-long-event action. Exception: System.NullReferenceException: Object reference not set to an instance of an object
[Ref 4C8582E7] Duplicate stacktrace, see ref for original
Could not execute post-long-event action. Exception: System.NullReferenceException: Object reference not set to an instance of an object
[Ref 4C8582E7] Duplicate stacktrace, see ref for original
Could not execute post-long-event action. Exception: System.NullReferenceException: Object reference not set to an instance of an object
[Ref 4C8582E7] Duplicate stacktrace, see ref for original
Could not execute post-long-event action. Exception: System.NullReferenceException: Object reference not set to an instance of an object
[Ref 6DF9E34F] Duplicate stacktrace, see ref for original
Could not execute post-long-event action. Exception: System.NullReferenceException: Object reference not set to an instance of an object
[Ref CF2FF030] Duplicate stacktrace, see ref for original
Could not execute post-long-event action. Exception: System.NullReferenceException: Object reference not set to an instance of an object
[Ref CF2FF030] Duplicate stacktrace, see ref for original
Could not execute post-long-event action. Exception: System.NullReferenceException: Object reference not set to an instance of an object
[Ref CF2FF030] Duplicate stacktrace, see ref for original
Could not execute post-long-event action. Exception: System.NullReferenceException: Object reference not set to an instance of an object
[Ref 6DF9E34F] Duplicate stacktrace, see ref for original
Could not execute post-long-event action. Exception: System.NullReferenceException: Object reference not set to an instance of an object
[Ref 4C8582E7] Duplicate stacktrace, see ref for original
Could not execute post-long-event action. Exception: System.NullReferenceException: Object reference not set to an instance of an object
[Ref 4C8582E7] Duplicate stacktrace, see ref for original
Could not execute post-long-event action. Exception: System.NullReferenceException: Object reference not set to an instance of an object
[Ref 4C8582E7] Duplicate stacktrace, see ref for original
Could not execute post-long-event action. Exception: System.NullReferenceException: Object reference not set to an instance of an object
[Ref 4C8582E7] Duplicate stacktrace, see ref for original
Could not execute post-long-event action. Exception: System.NullReferenceException: Object reference not set to an instance of an object
[Ref 4C8582E7] Duplicate stacktrace, see ref for original
Could not execute post-long-event action. Exception: System.NullReferenceException: Object reference not set to an instance of an object
[Ref 4C8582E7] Duplicate stacktrace, see ref for original
Could not execute post-long-event action. Exception: System.NullReferenceException: Object reference not set to an instance of an object
[Ref 4C8582E7] Duplicate stacktrace, see ref for original
Could not execute post-long-event action. Exception: System.NullReferenceException: Object reference not set to an instance of an object
[Ref 4C8582E7] Duplicate stacktrace, see ref for original
Could not execute post-long-event action. Exception: System.NullReferenceException: Object reference not set to an instance of an object
[Ref 4C8582E7] Duplicate stacktrace, see ref for original
Could not execute post-long-event action. Exception: System.NullReferenceException: Object reference not set to an instance of an object
[Ref 4C8582E7] Duplicate stacktrace, see ref for original
Could not execute post-long-event action. Exception: System.NullReferenceException: Object reference not set to an instance of an object
[Ref 4C8582E7] Duplicate stacktrace, see ref for original
Could not execute post-long-event action. Exception: System.NullReferenceException: Object reference not set to an instance of an object
[Ref 4C8582E7] Duplicate stacktrace, see ref for original
Could not execute post-long-event action. Exception: System.NullReferenceException: Object reference not set to an instance of an object
[Ref 4C8582E7] Duplicate stacktrace, see ref for original
Could not execute post-long-event action. Exception: System.NullReferenceException: Object reference not set to an instance of an object
[Ref 4C8582E7] Duplicate stacktrace, see ref for original
Could not execute post-long-event action. Exception: System.NullReferenceException: Object reference not set to an instance of an object
[Ref 4C8582E7] Duplicate stacktrace, see ref for original
Could not execute post-long-event action. Exception: System.NullReferenceException: Object reference not set to an instance of an object
[Ref 4C8582E7] Duplicate stacktrace, see ref for original
Could not execute post-long-event action. Exception: System.NullReferenceException: Object reference not set to an instance of an object
[Ref 4C8582E7] Duplicate stacktrace, see ref for original
Could not execute post-long-event action. Exception: System.NullReferenceException: Object reference not set to an instance of an object
[Ref 4C8582E7] Duplicate stacktrace, see ref for original
Could not execute post-long-event action. Exception: System.NullReferenceException: Object reference not set to an instance of an object
[Ref 4C8582E7] Duplicate stacktrace, see ref for original
Could not execute post-long-event action. Exception: System.NullReferenceException: Object reference not set to an instance of an object
[Ref 4C8582E7] Duplicate stacktrace, see ref for original
Could not execute post-long-event action. Exception: System.NullReferenceException: Object reference not set to an instance of an object
[Ref 4C8582E7] Duplicate stacktrace, see ref for original
Could not execute post-long-event action. Exception: System.NullReferenceException: Object reference not set to an instance of an object
[Ref 4C8582E7] Duplicate stacktrace, see ref for original
Could not execute post-long-event action. Exception: System.NullReferenceException: Object reference not set to an instance of an object
[Ref 4C8582E7] Duplicate stacktrace, see ref for original
Could not execute post-long-event action. Exception: System.NullReferenceException: Object reference not set to an instance of an object
[Ref 4C8582E7] Duplicate stacktrace, see ref for original
Could not execute post-long-event action. Exception: System.NullReferenceException: Object reference not set to an instance of an object
[Ref 4C8582E7] Duplicate stacktrace, see ref for original
Could not execute post-long-event action. Exception: System.NullReferenceException: Object reference not set to an instance of an object
[Ref 4C8582E7] Duplicate stacktrace, see ref for original
Could not execute post-long-event action. Exception: System.NullReferenceException: Object reference not set to an instance of an object
[Ref 4C8582E7] Duplicate stacktrace, see ref for original
Could not execute post-long-event action. Exception: System.NullReferenceException: Object reference not set to an instance of an object
[Ref 4C8582E7] Duplicate stacktrace, see ref for original
Could not execute post-long-event action. Exception: System.NullReferenceException: Object reference not set to an instance of an object
[Ref 4C8582E7] Duplicate stacktrace, see ref for original
Could not execute post-long-event action. Exception: System.NullReferenceException: Object reference not set to an instance of an object
[Ref 4C8582E7] Duplicate stacktrace, see ref for original
Could not execute post-long-event action. Exception: System.NullReferenceException: Object reference not set to an instance of an object
[Ref 4C8582E7] Duplicate stacktrace, see ref for original
Could not execute post-long-event action. Exception: System.NullReferenceException: Object reference not set to an instance of an object
[Ref 4C8582E7] Duplicate stacktrace, see ref for original
Could not execute post-long-event action. Exception: System.NullReferenceException: Object reference not set to an instance of an object
[Ref 4C8582E7] Duplicate stacktrace, see ref for original
Could not execute post-long-event action. Exception: System.NullReferenceException: Object reference not set to an instance of an object
[Ref 4C8582E7] Duplicate stacktrace, see ref for original
Could not execute post-long-event action. Exception: System.NullReferenceException: Object reference not set to an instance of an object
[Ref 4C8582E7] Duplicate stacktrace, see ref for original
Could not execute post-long-event action. Exception: System.NullReferenceException: Object reference not set to an instance of an object
[Ref 4C8582E7] Duplicate stacktrace, see ref for original
Could not execute post-long-event action. Exception: System.NullReferenceException: Object reference not set to an instance of an object
[Ref 4C8582E7] Duplicate stacktrace, see ref for original
Could not execute post-long-event action. Exception: System.NullReferenceException: Object reference not set to an instance of an object
[Ref 4C8582E7] Duplicate stacktrace, see ref for original
Could not execute post-long-event action. Exception: System.NullReferenceException: Object reference not set to an instance of an object
[Ref 4C8582E7] Duplicate stacktrace, see ref for original
Could not execute post-long-event action. Exception: System.NullReferenceException: Object reference not set to an instance of an object
[Ref 4C8582E7] Duplicate stacktrace, see ref for original
Could not execute post-long-event action. Exception: System.NullReferenceException: Object reference not set to an instance of an object
[Ref 4C8582E7] Duplicate stacktrace, see ref for original
Could not execute post-long-event action. Exception: System.NullReferenceException: Object reference not set to an instance of an object
[Ref 4C8582E7] Duplicate stacktrace, see ref for original
Could not execute post-long-event action. Exception: System.NullReferenceException: Object reference not set to an instance of an object
[Ref 4C8582E7] Duplicate stacktrace, see ref for original
Could not execute post-long-event action. Exception: System.NullReferenceException: Object reference not set to an instance of an object
[Ref 4C8582E7] Duplicate stacktrace, see ref for original
Could not execute post-long-event action. Exception: System.NullReferenceException: Object reference not set to an instance of an object
[Ref 4C8582E7] Duplicate stacktrace, see ref for original
Could not execute post-long-event action. Exception: System.NullReferenceException: Object reference not set to an instance of an object
[Ref 4C8582E7] Duplicate stacktrace, see ref for original
Could not execute post-long-event action. Exception: System.NullReferenceException: Object reference not set to an instance of an object
[Ref 4C8582E7] Duplicate stacktrace, see ref for original
Could not execute post-long-event action. Exception: System.NullReferenceException: Object reference not set to an instance of an object
[Ref 4C8582E7] Duplicate stacktrace, see ref for original
Could not execute post-long-event action. Exception: System.NullReferenceException: Object reference not set to an instance of an object
[Ref 4C8582E7] Duplicate stacktrace, see ref for original
Could not execute post-long-event action. Exception: System.NullReferenceException: Object reference not set to an instance of an object
[Ref 4C8582E7] Duplicate stacktrace, see ref for original
Could not execute post-long-event action. Exception: System.NullReferenceException: Object reference not set to an instance of an object
[Ref 4C8582E7] Duplicate stacktrace, see ref for original
Could not execute post-long-event action. Exception: System.NullReferenceException: Object reference not set to an instance of an object
[Ref 4C8582E7] Duplicate stacktrace, see ref for original
Could not execute post-long-event action. Exception: System.NullReferenceException: Object reference not set to an instance of an object
[Ref 4C8582E7] Duplicate stacktrace, see ref for original
Could not execute post-long-event action. Exception: System.NullReferenceException: Object reference not set to an instance of an object
[Ref 4C8582E7] Duplicate stacktrace, see ref for original
Could not execute post-long-event action. Exception: System.NullReferenceException: Object reference not set to an instance of an object
[Ref 4C8582E7] Duplicate stacktrace, see ref for original
Could not execute post-long-event action. Exception: System.NullReferenceException: Object reference not set to an instance of an object
[Ref 4C8582E7] Duplicate stacktrace, see ref for original
Could not execute post-long-event action. Exception: System.NullReferenceException: Object reference not set to an instance of an object
[Ref 4C8582E7] Duplicate stacktrace, see ref for original
Could not execute post-long-event action. Exception: System.NullReferenceException: Object reference not set to an instance of an object
[Ref 4C8582E7] Duplicate stacktrace, see ref for original
Could not execute post-long-event action. Exception: System.NullReferenceException: Object reference not set to an instance of an object
[Ref 4C8582E7] Duplicate stacktrace, see ref for original
Could not execute post-long-event action. Exception: System.NullReferenceException: Object reference not set to an instance of an object
[Ref 4C8582E7] Duplicate stacktrace, see ref for original
Could not execute post-long-event action. Exception: System.NullReferenceException: Object reference not set to an instance of an object
[Ref 4C8582E7] Duplicate stacktrace, see ref for original
Could not execute post-long-event action. Exception: System.NullReferenceException: Object reference not set to an instance of an object
[Ref 4C8582E7] Duplicate stacktrace, see ref for original
Could not execute post-long-event action. Exception: System.NullReferenceException: Object reference not set to an instance of an object
[Ref 4C8582E7] Duplicate stacktrace, see ref for original
Could not execute post-long-event action. Exception: System.NullReferenceException: Object reference not set to an instance of an object
[Ref 4C8582E7] Duplicate stacktrace, see ref for original
Could not execute post-long-event action. Exception: System.NullReferenceException: Object reference not set to an instance of an object
[Ref 4C8582E7] Duplicate stacktrace, see ref for original
Could not execute post-long-event action. Exception: System.NullReferenceException: Object reference not set to an instance of an object
[Ref 4C8582E7] Duplicate stacktrace, see ref for original
Could not execute post-long-event action. Exception: System.NullReferenceException: Object reference not set to an instance of an object
[Ref 4C8582E7] Duplicate stacktrace, see ref for original
Could not execute post-long-event action. Exception: System.NullReferenceException: Object reference not set to an instance of an object
[Ref 4C8582E7] Duplicate stacktrace, see ref for original
Could not execute post-long-event action. Exception: System.NullReferenceException: Object reference not set to an instance of an object
[Ref 4C8582E7] Duplicate stacktrace, see ref for original
Could not execute post-long-event action. Exception: System.NullReferenceException: Object reference not set to an instance of an object
[Ref 4C8582E7] Duplicate stacktrace, see ref for original
Could not execute post-long-event action. Exception: System.NullReferenceException: Object reference not set to an instance of an object
[Ref 4C8582E7] Duplicate stacktrace, see ref for original
Could not execute post-long-event action. Exception: System.NullReferenceException: Object reference not set to an instance of an object
[Ref 4C8582E7] Duplicate stacktrace, see ref for original
Could not execute post-long-event action. Exception: System.NullReferenceException: Object reference not set to an instance of an object
[Ref 4C8582E7] Duplicate stacktrace, see ref for original
Could not execute post-long-event action. Exception: System.NullReferenceException: Object reference not set to an instance of an object
[Ref 4C8582E7] Duplicate stacktrace, see ref for original
Could not execute post-long-event action. Exception: System.NullReferenceException: Object reference not set to an instance of an object
[Ref 4C8582E7] Duplicate stacktrace, see ref for original
Could not execute post-long-event action. Exception: System.NullReferenceException: Object reference not set to an instance of an object
[Ref 4C8582E7] Duplicate stacktrace, see ref for original
Could not execute post-long-event action. Exception: System.NullReferenceException: Object reference not set to an instance of an object
[Ref 4C8582E7] Duplicate stacktrace, see ref for original
Could not execute post-long-event action. Exception: System.NullReferenceException: Object reference not set to an instance of an object
[Ref 4C8582E7] Duplicate stacktrace, see ref for original
Could not execute post-long-event action. Exception: System.NullReferenceException: Object reference not set to an instance of an object
[Ref 4C8582E7] Duplicate stacktrace, see ref for original
Could not execute post-long-event action. Exception: System.NullReferenceException: Object reference not set to an instance of an object
[Ref 4C8582E7] Duplicate stacktrace, see ref for original
Could not execute post-long-event action. Exception: System.NullReferenceException: Object reference not set to an instance of an object
[Ref 4C8582E7] Duplicate stacktrace, see ref for original
Could not execute post-long-event action. Exception: System.NullReferenceException: Object reference not set to an instance of an object
[Ref 4C8582E7] Duplicate stacktrace, see ref for original
Could not execute post-long-event action. Exception: System.NullReferenceException: Object reference not set to an instance of an object
[Ref 4C8582E7] Duplicate stacktrace, see ref for original
Could not execute post-long-event action. Exception: System.NullReferenceException: Object reference not set to an instance of an object
[Ref 4C8582E7] Duplicate stacktrace, see ref for original
Could not execute post-long-event action. Exception: System.NullReferenceException: Object reference not set to an instance of an object
[Ref 4C8582E7] Duplicate stacktrace, see ref for original
Could not execute post-long-event action. Exception: System.NullReferenceException: Object reference not set to an instance of an object
[Ref 4C8582E7] Duplicate stacktrace, see ref for original
Could not execute post-long-event action. Exception: System.NullReferenceException: Object reference not set to an instance of an object
[Ref 4C8582E7] Duplicate stacktrace, see ref for original
Could not execute post-long-event action. Exception: System.NullReferenceException: Object reference not set to an instance of an object
[Ref 4C8582E7] Duplicate stacktrace, see ref for original
Could not execute post-long-event action. Exception: System.NullReferenceException: Object reference not set to an instance of an object
[Ref 4C8582E7] Duplicate stacktrace, see ref for original
Could not execute post-long-event action. Exception: System.NullReferenceException: Object reference not set to an instance of an object
[Ref 4C8582E7] Duplicate stacktrace, see ref for original
Could not execute post-long-event action. Exception: System.NullReferenceException: Object reference not set to an instance of an object
[Ref 4C8582E7] Duplicate stacktrace, see ref for original
Could not execute post-long-event action. Exception: System.NullReferenceException: Object reference not set to an instance of an object
[Ref 4C8582E7] Duplicate stacktrace, see ref for original
Could not execute post-long-event action. Exception: System.NullReferenceException: Object reference not set to an instance of an object
[Ref 4C8582E7] Duplicate stacktrace, see ref for original
Could not execute post-long-event action. Exception: System.NullReferenceException: Object reference not set to an instance of an object
[Ref 4C8582E7] Duplicate stacktrace, see ref for original
Could not execute post-long-event action. Exception: System.NullReferenceException: Object reference not set to an instance of an object
[Ref 4C8582E7] Duplicate stacktrace, see ref for original
Could not execute post-long-event action. Exception: System.NullReferenceException: Object reference not set to an instance of an object
[Ref 4C8582E7] Duplicate stacktrace, see ref for original
Could not execute post-long-event action. Exception: System.NullReferenceException: Object reference not set to an instance of an object
[Ref 4C8582E7] Duplicate stacktrace, see ref for original
Could not execute post-long-event action. Exception: System.NullReferenceException: Object reference not set to an instance of an object
[Ref 4C8582E7] Duplicate stacktrace, see ref for original
Could not execute post-long-event action. Exception: System.NullReferenceException: Object reference not set to an instance of an object
[Ref 4C8582E7] Duplicate stacktrace, see ref for original
Could not execute post-long-event action. Exception: System.NullReferenceException: Object reference not set to an instance of an object
[Ref 6DF9E34F] Duplicate stacktrace, see ref for original
Could not execute post-long-event action. Exception: System.NullReferenceException: Object reference not set to an instance of an object
[Ref 6DF9E34F] Duplicate stacktrace, see ref for original
Could not execute post-long-event action. Exception: System.NullReferenceException: Object reference not set to an instance of an object
[Ref 6DF9E34F] Duplicate stacktrace, see ref for original
Could not execute post-long-event action. Exception: System.NullReferenceException: Object reference not set to an instance of an object
[Ref 6DF9E34F] Duplicate stacktrace, see ref for original
Could not execute post-long-event action. Exception: System.NullReferenceException: Object reference not set to an instance of an object
[Ref 6DF9E34F] Duplicate stacktrace, see ref for original
Could not execute post-long-event action. Exception: System.NullReferenceException: Object reference not set to an instance of an object
[Ref 6DF9E34F] Duplicate stacktrace, see ref for original
Could not execute post-long-event action. Exception: System.NullReferenceException: Object reference not set to an instance of an object
[Ref 6DF9E34F] Duplicate stacktrace, see ref for original
Could not execute post-long-event action. Exception: System.NullReferenceException: Object reference not set to an instance of an object
[Ref 6DF9E34F] Duplicate stacktrace, see ref for original
Could not execute post-long-event action. Exception: System.NullReferenceException: Object reference not set to an instance of an object
[Ref 6DF9E34F] Duplicate stacktrace, see ref for original
Could not execute post-long-event action. Exception: System.NullReferenceException: Object reference not set to an instance of an object
[Ref 6DF9E34F] Duplicate stacktrace, see ref for original
Could not execute post-long-event action. Exception: System.NullReferenceException: Object reference not set to an instance of an object
[Ref 6DF9E34F] Duplicate stacktrace, see ref for original
Could not execute post-long-event action. Exception: System.NullReferenceException: Object reference not set to an instance of an object
[Ref 6DF9E34F] Duplicate stacktrace, see ref for original
Could not execute post-long-event action. Exception: System.NullReferenceException: Object reference not set to an instance of an object
[Ref 6DF9E34F] Duplicate stacktrace, see ref for original
Could not execute post-long-event action. Exception: System.NullReferenceException: Object reference not set to an instance of an object
[Ref 6DF9E34F] Duplicate stacktrace, see ref for original
Could not execute post-long-event action. Exception: System.NullReferenceException: Object reference not set to an instance of an object
[Ref 6DF9E34F] Duplicate stacktrace, see ref for original
Could not execute post-long-event action. Exception: System.NullReferenceException: Object reference not set to an instance of an object
[Ref 6DF9E34F] Duplicate stacktrace, see ref for original
Could not execute post-long-event action. Exception: System.NullReferenceException: Object reference not set to an instance of an object
[Ref 6DF9E34F] Duplicate stacktrace, see ref for original
Could not execute post-long-event action. Exception: System.NullReferenceException: Object reference not set to an instance of an object
[Ref 6DF9E34F] Duplicate stacktrace, see ref for original
Could not execute post-long-event action. Exception: System.NullReferenceException: Object reference not set to an instance of an object
[Ref 6DF9E34F] Duplicate stacktrace, see ref for original
Could not execute post-long-event action. Exception: System.NullReferenceException: Object reference not set to an instance of an object
[Ref 6DF9E34F] Duplicate stacktrace, see ref for original
Could not execute post-long-event action. Exception: System.NullReferenceException: Object reference not set to an instance of an object
[Ref 6DF9E34F] Duplicate stacktrace, see ref for original
Could not execute post-long-event action. Exception: System.NullReferenceException: Object reference not set to an instance of an object
[Ref 6DF9E34F] Duplicate stacktrace, see ref for original
Could not execute post-long-event action. Exception: System.NullReferenceException: Object reference not set to an instance of an object
[Ref 6DF9E34F] Duplicate stacktrace, see ref for original
Could not execute post-long-event action. Exception: System.NullReferenceException: Object reference not set to an instance of an object
[Ref 6DF9E34F] Duplicate stacktrace, see ref for original
Could not execute post-long-event action. Exception: System.NullReferenceException: Object reference not set to an instance of an object
[Ref 6DF9E34F] Duplicate stacktrace, see ref for original
Could not execute post-long-event action. Exception: System.NullReferenceException: Object reference not set to an instance of an object
[Ref 6DF9E34F] Duplicate stacktrace, see ref for original
Could not execute post-long-event action. Exception: System.NullReferenceException: Object reference not set to an instance of an object
[Ref 6DF9E34F] Duplicate stacktrace, see ref for original
Could not execute post-long-event action. Exception: System.NullReferenceException: Object reference not set to an instance of an object
[Ref 6DF9E34F] Duplicate stacktrace, see ref for original
Could not execute post-long-event action. Exception: System.NullReferenceException: Object reference not set to an instance of an object
[Ref 6DF9E34F] Duplicate stacktrace, see ref for original
Could not execute post-long-event action. Exception: System.NullReferenceException: Object reference not set to an instance of an object
[Ref 6DF9E34F] Duplicate stacktrace, see ref for original
Could not execute post-long-event action. Exception: System.NullReferenceException: Object reference not set to an instance of an object
[Ref 6DF9E34F] Duplicate stacktrace, see ref for original
Could not execute post-long-event action. Exception: System.NullReferenceException: Object reference not set to an instance of an object
[Ref 6DF9E34F] Duplicate stacktrace, see ref for original
Could not execute post-long-event action. Exception: System.NullReferenceException: Object reference not set to an instance of an object
[Ref 6DF9E34F] Duplicate stacktrace, see ref for original
Could not execute post-long-event action. Exception: System.NullReferenceException: Object reference not set to an instance of an object
[Ref 6DF9E34F] Duplicate stacktrace, see ref for original
Could not execute post-long-event action. Exception: System.NullReferenceException: Object reference not set to an instance of an object
[Ref 6DF9E34F] Duplicate stacktrace, see ref for original
Could not execute post-long-event action. Exception: System.NullReferenceException: Object reference not set to an instance of an object
[Ref 6DF9E34F] Duplicate stacktrace, see ref for original
Could not execute post-long-event action. Exception: System.NullReferenceException: Object reference not set to an instance of an object
[Ref 6DF9E34F] Duplicate stacktrace, see ref for original
Could not execute post-long-event action. Exception: System.NullReferenceException: Object reference not set to an instance of an object
[Ref 6DF9E34F] Duplicate stacktrace, see ref for original
Could not execute post-long-event action. Exception: System.NullReferenceException: Object reference not set to an instance of an object
[Ref 6DF9E34F] Duplicate stacktrace, see ref for original
Could not execute post-long-event action. Exception: System.NullReferenceException: Object reference not set to an instance of an object
[Ref 6DF9E34F] Duplicate stacktrace, see ref for original
Could not execute post-long-event action. Exception: System.NullReferenceException: Object reference not set to an instance of an object
[Ref 6DF9E34F] Duplicate stacktrace, see ref for original
Could not execute post-long-event action. Exception: System.NullReferenceException: Object reference not set to an instance of an object
[Ref 6DF9E34F] Duplicate stacktrace, see ref for original
Could not execute post-long-event action. Exception: System.NullReferenceException: Object reference not set to an instance of an object
[Ref 6DF9E34F] Duplicate stacktrace, see ref for original
Could not execute post-long-event action. Exception: System.NullReferenceException: Object reference not set to an instance of an object
[Ref 6DF9E34F] Duplicate stacktrace, see ref for original
Could not execute post-long-event action. Exception: System.NullReferenceException: Object reference not set to an instance of an object
[Ref 6DF9E34F] Duplicate stacktrace, see ref for original
Could not execute post-long-event action. Exception: System.NullReferenceException: Object reference not set to an instance of an object
[Ref 6DF9E34F] Duplicate stacktrace, see ref for original
Could not execute post-long-event action. Exception: System.NullReferenceException: Object reference not set to an instance of an object
[Ref 6DF9E34F] Duplicate stacktrace, see ref for original
Could not execute post-long-event action. Exception: System.NullReferenceException: Object reference not set to an instance of an object
[Ref 6DF9E34F] Duplicate stacktrace, see ref for original
Could not execute post-long-event action. Exception: System.NullReferenceException: Object reference not set to an instance of an object
[Ref 6DF9E34F] Duplicate stacktrace, see ref for original
Could not execute post-long-event action. Exception: System.NullReferenceException: Object reference not set to an instance of an object
[Ref 6DF9E34F] Duplicate stacktrace, see ref for original
Could not execute post-long-event action. Exception: System.NullReferenceException: Object reference not set to an instance of an object
[Ref 6DF9E34F] Duplicate stacktrace, see ref for original
Could not execute post-long-event action. Exception: System.NullReferenceException: Object reference not set to an instance of an object
[Ref 6DF9E34F] Duplicate stacktrace, see ref for original
Could not execute post-long-event action. Exception: System.NullReferenceException: Object reference not set to an instance of an object
[Ref 6DF9E34F] Duplicate stacktrace, see ref for original
Could not execute post-long-event action. Exception: System.NullReferenceException: Object reference not set to an instance of an object
[Ref 6DF9E34F] Duplicate stacktrace, see ref for original
Could not execute post-long-event action. Exception: System.NullReferenceException: Object reference not set to an instance of an object
[Ref 6DF9E34F] Duplicate stacktrace, see ref for original
Could not execute post-long-event action. Exception: System.NullReferenceException: Object reference not set to an instance of an object
[Ref 6DF9E34F] Duplicate stacktrace, see ref for original
Could not execute post-long-event action. Exception: System.NullReferenceException: Object reference not set to an instance of an object
[Ref 6DF9E34F] Duplicate stacktrace, see ref for original
Could not execute post-long-event action. Exception: System.NullReferenceException: Object reference not set to an instance of an object
[Ref 6DF9E34F] Duplicate stacktrace, see ref for original
Could not execute post-long-event action. Exception: System.NullReferenceException: Object reference not set to an instance of an object
[Ref 6DF9E34F] Duplicate stacktrace, see ref for original
Could not execute post-long-event action. Exception: System.NullReferenceException: Object reference not set to an instance of an object
[Ref 6DF9E34F] Duplicate stacktrace, see ref for original
Could not execute post-long-event action. Exception: System.NullReferenceException: Object reference not set to an instance of an object
[Ref 6DF9E34F] Duplicate stacktrace, see ref for original
Could not execute post-long-event action. Exception: System.NullReferenceException: Object reference not set to an instance of an object
[Ref 6DF9E34F] Duplicate stacktrace, see ref for original
Could not execute post-long-event action. Exception: System.NullReferenceException: Object reference not set to an instance of an object
[Ref 6DF9E34F] Duplicate stacktrace, see ref for original
Could not execute post-long-event action. Exception: System.NullReferenceException: Object reference not set to an instance of an object
[Ref 6DF9E34F] Duplicate stacktrace, see ref for original
Could not execute post-long-event action. Exception: System.NullReferenceException: Object reference not set to an instance of an object
[Ref 6DF9E34F] Duplicate stacktrace, see ref for original
Could not execute post-long-event action. Exception: System.NullReferenceException: Object reference not set to an instance of an object
[Ref 6DF9E34F] Duplicate stacktrace, see ref for original
Could not execute post-long-event action. Exception: System.NullReferenceException: Object reference not set to an instance of an object
[Ref 6DF9E34F] Duplicate stacktrace, see ref for original
Could not execute post-long-event action. Exception: System.NullReferenceException: Object reference not set to an instance of an object
[Ref 6DF9E34F] Duplicate stacktrace, see ref for original
Could not execute post-long-event action. Exception: System.NullReferenceException: Object reference not set to an instance of an object
[Ref 6DF9E34F] Duplicate stacktrace, see ref for original
Could not execute post-long-event action. Exception: System.NullReferenceException: Object reference not set to an instance of an object
[Ref 6DF9E34F] Duplicate stacktrace, see ref for original
Could not execute post-long-event action. Exception: System.NullReferenceException: Object reference not set to an instance of an object
[Ref 6DF9E34F] Duplicate stacktrace, see ref for original
Could not execute post-long-event action. Exception: System.NullReferenceException: Object reference not set to an instance of an object
[Ref 6DF9E34F] Duplicate stacktrace, see ref for original
Could not execute post-long-event action. Exception: System.NullReferenceException: Object reference not set to an instance of an object
[Ref 6DF9E34F] Duplicate stacktrace, see ref for original
Could not execute post-long-event action. Exception: System.NullReferenceException: Object reference not set to an instance of an object
[Ref 6DF9E34F] Duplicate stacktrace, see ref for original
Could not execute post-long-event action. Exception: System.NullReferenceException: Object reference not set to an instance of an object
[Ref 6DF9E34F] Duplicate stacktrace, see ref for original
Could not execute post-long-event action. Exception: System.NullReferenceException: Object reference not set to an instance of an object
[Ref 6DF9E34F] Duplicate stacktrace, see ref for original
Could not execute post-long-event action. Exception: System.NullReferenceException: Object reference not set to an instance of an object
[Ref 6DF9E34F] Duplicate stacktrace, see ref for original
Could not execute post-long-event action. Exception: System.NullReferenceException: Object reference not set to an instance of an object
[Ref 6DF9E34F] Duplicate stacktrace, see ref for original
Could not execute post-long-event action. Exception: System.NullReferenceException: Object reference not set to an instance of an object
[Ref 6DF9E34F] Duplicate stacktrace, see ref for original
Could not execute post-long-event action. Exception: System.NullReferenceException: Object reference not set to an instance of an object
[Ref 6DF9E34F] Duplicate stacktrace, see ref for original
Could not execute post-long-event action. Exception: System.NullReferenceException: Object reference not set to an instance of an object
[Ref 6DF9E34F] Duplicate stacktrace, see ref for original
Could not execute post-long-event action. Exception: System.NullReferenceException: Object reference not set to an instance of an object
[Ref 6DF9E34F] Duplicate stacktrace, see ref for original
Could not execute post-long-event action. Exception: System.NullReferenceException: Object reference not set to an instance of an object
[Ref 6DF9E34F] Duplicate stacktrace, see ref for original
Could not execute post-long-event action. Exception: System.NullReferenceException: Object reference not set to an instance of an object
[Ref 6DF9E34F] Duplicate stacktrace, see ref for original
Could not execute post-long-event action. Exception: System.NullReferenceException: Object reference not set to an instance of an object
[Ref 4C8582E7] Duplicate stacktrace, see ref for original
Could not execute post-long-event action. Exception: System.NullReferenceException: Object reference not set to an instance of an object
[Ref 4C8582E7] Duplicate stacktrace, see ref for original
Could not execute post-long-event action. Exception: System.NullReferenceException: Object reference not set to an instance of an object
[Ref 4C8582E7] Duplicate stacktrace, see ref for original
Could not execute post-long-event action. Exception: System.NullReferenceException: Object reference not set to an instance of an object
[Ref 4C8582E7] Duplicate stacktrace, see ref for original
Could not execute post-long-event action. Exception: System.NullReferenceException: Object reference not set to an instance of an object
[Ref 4C8582E7] Duplicate stacktrace, see ref for original
Could not execute post-long-event action. Exception: System.NullReferenceException: Object reference not set to an instance of an object
[Ref 4C8582E7] Duplicate stacktrace, see ref for original
Could not execute post-long-event action. Exception: System.NullReferenceException: Object reference not set to an instance of an object
[Ref 4C8582E7] Duplicate stacktrace, see ref for original
Could not execute post-long-event action. Exception: System.NullReferenceException: Object reference not set to an instance of an object
[Ref 4C8582E7] Duplicate stacktrace, see ref for original
Could not execute post-long-event action. Exception: System.NullReferenceException: Object reference not set to an instance of an object
[Ref 4C8582E7] Duplicate stacktrace, see ref for original
Could not execute post-long-event action. Exception: System.NullReferenceException: Object reference not set to an instance of an object
[Ref 4C8582E7] Duplicate stacktrace, see ref for original
Could not execute post-long-event action. Exception: System.NullReferenceException: Object reference not set to an instance of an object
[Ref 4C8582E7] Duplicate stacktrace, see ref for original
Could not execute post-long-event action. Exception: System.NullReferenceException: Object reference not set to an instance of an object
[Ref 4C8582E7] Duplicate stacktrace, see ref for original
Could not execute post-long-event action. Exception: System.NullReferenceException: Object reference not set to an instance of an object
[Ref 4C8582E7] Duplicate stacktrace, see ref for original
Could not execute post-long-event action. Exception: System.NullReferenceException: Object reference not set to an instance of an object
[Ref 4C8582E7] Duplicate stacktrace, see ref for original
Could not execute post-long-event action. Exception: System.NullReferenceException: Object reference not set to an instance of an object
[Ref 4C8582E7] Duplicate stacktrace, see ref for original
Could not execute post-long-event action. Exception: System.NullReferenceException: Object reference not set to an instance of an object
[Ref 4C8582E7] Duplicate stacktrace, see ref for original
Could not execute post-long-event action. Exception: System.NullReferenceException: Object reference not set to an instance of an object
[Ref 4C8582E7] Duplicate stacktrace, see ref for original
Could not execute post-long-event action. Exception: System.NullReferenceException: Object reference not set to an instance of an object
[Ref 4C8582E7] Duplicate stacktrace, see ref for original
Could not execute post-long-event action. Exception: System.NullReferenceException: Object reference not set to an instance of an object
[Ref 4C8582E7] Duplicate stacktrace, see ref for original
Could not execute post-long-event action. Exception: System.NullReferenceException: Object reference not set to an instance of an object
[Ref 4C8582E7] Duplicate stacktrace, see ref for original
Could not execute post-long-event action. Exception: System.NullReferenceException: Object reference not set to an instance of an object
[Ref 4C8582E7] Duplicate stacktrace, see ref for original
Could not execute post-long-event action. Exception: System.NullReferenceException: Object reference not set to an instance of an object
[Ref 4C8582E7] Duplicate stacktrace, see ref for original
Could not execute post-long-event action. Exception: System.NullReferenceException: Object reference not set to an instance of an object
[Ref 4C8582E7] Duplicate stacktrace, see ref for original
Could not execute post-long-event action. Exception: System.NullReferenceException: Object reference not set to an instance of an object
[Ref 4C8582E7] Duplicate stacktrace, see ref for original
Could not execute post-long-event action. Exception: System.NullReferenceException: Object reference not set to an instance of an object
[Ref 4C8582E7] Duplicate stacktrace, see ref for original
Could not execute post-long-event action. Exception: System.NullReferenceException: Object reference not set to an instance of an object
[Ref 4C8582E7] Duplicate stacktrace, see ref for original
Could not execute post-long-event action. Exception: System.NullReferenceException: Object reference not set to an instance of an object
[Ref 4C8582E7] Duplicate stacktrace, see ref for original
Could not execute post-long-event action. Exception: System.NullReferenceException: Object reference not set to an instance of an object
[Ref 4C8582E7] Duplicate stacktrace, see ref for original
Could not execute post-long-event action. Exception: System.NullReferenceException: Object reference not set to an instance of an object
[Ref 4C8582E7] Duplicate stacktrace, see ref for original
Could not execute post-long-event action. Exception: System.NullReferenceException: Object reference not set to an instance of an object
[Ref 4C8582E7] Duplicate stacktrace, see ref for original
Could not execute post-long-event action. Exception: System.NullReferenceException: Object reference not set to an instance of an object
[Ref 4C8582E7] Duplicate stacktrace, see ref for original
Could not execute post-long-event action. Exception: System.NullReferenceException: Object reference not set to an instance of an object
[Ref 4C8582E7] Duplicate stacktrace, see ref for original
Could not execute post-long-event action. Exception: System.NullReferenceException: Object reference not set to an instance of an object
[Ref 4C8582E7] Duplicate stacktrace, see ref for original
Could not execute post-long-event action. Exception: System.NullReferenceException: Object reference not set to an instance of an object
[Ref 4C8582E7] Duplicate stacktrace, see ref for original
Could not execute post-long-event action. Exception: System.NullReferenceException: Object reference not set to an instance of an object
[Ref 4C8582E7] Duplicate stacktrace, see ref for original
Could not execute post-long-event action. Exception: System.NullReferenceException: Object reference not set to an instance of an object
[Ref 4C8582E7] Duplicate stacktrace, see ref for original
Could not execute post-long-event action. Exception: System.NullReferenceException: Object reference not set to an instance of an object
[Ref 4C8582E7] Duplicate stacktrace, see ref for original
Could not execute post-long-event action. Exception: System.NullReferenceException: Object reference not set to an instance of an object
[Ref 4C8582E7] Duplicate stacktrace, see ref for original
Could not execute post-long-event action. Exception: System.NullReferenceException: Object reference not set to an instance of an object
[Ref 4C8582E7] Duplicate stacktrace, see ref for original
Could not execute post-long-event action. Exception: System.NullReferenceException: Object reference not set to an instance of an object
[Ref 4C8582E7] Duplicate stacktrace, see ref for original
Could not execute post-long-event action. Exception: System.NullReferenceException: Object reference not set to an instance of an object
[Ref 4C8582E7] Duplicate stacktrace, see ref for original
Could not execute post-long-event action. Exception: System.NullReferenceException: Object reference not set to an instance of an object
[Ref 4C8582E7] Duplicate stacktrace, see ref for original
Could not execute post-long-event action. Exception: System.NullReferenceException: Object reference not set to an instance of an object
[Ref 4C8582E7] Duplicate stacktrace, see ref for original
Could not execute post-long-event action. Exception: System.NullReferenceException: Object reference not set to an instance of an object
[Ref 4C8582E7] Duplicate stacktrace, see ref for original
Could not execute post-long-event action. Exception: System.NullReferenceException: Object reference not set to an instance of an object
[Ref 4C8582E7] Duplicate stacktrace, see ref for original
Could not execute post-long-event action. Exception: System.NullReferenceException: Object reference not set to an instance of an object
[Ref 4C8582E7] Duplicate stacktrace, see ref for original
Could not execute post-long-event action. Exception: System.NullReferenceException: Object reference not set to an instance of an object
[Ref 4C8582E7] Duplicate stacktrace, see ref for original
Could not execute post-long-event action. Exception: System.NullReferenceException: Object reference not set to an instance of an object
[Ref 4C8582E7] Duplicate stacktrace, see ref for original
Could not execute post-long-event action. Exception: System.NullReferenceException: Object reference not set to an instance of an object
[Ref 4C8582E7] Duplicate stacktrace, see ref for original
Could not execute post-long-event action. Exception: System.NullReferenceException: Object reference not set to an instance of an object
[Ref 4C8582E7] Duplicate stacktrace, see ref for original
Could not execute post-long-event action. Exception: System.NullReferenceException: Object reference not set to an instance of an object
[Ref 4C8582E7] Duplicate stacktrace, see ref for original
Could not execute post-long-event action. Exception: System.NullReferenceException: Object reference not set to an instance of an object
[Ref 4C8582E7] Duplicate stacktrace, see ref for original
Could not execute post-long-event action. Exception: System.NullReferenceException: Object reference not set to an instance of an object
[Ref 4C8582E7] Duplicate stacktrace, see ref for original
Could not execute post-long-event action. Exception: System.NullReferenceException: Object reference not set to an instance of an object
[Ref 4C8582E7] Duplicate stacktrace, see ref for original
Could not execute post-long-event action. Exception: System.NullReferenceException: Object reference not set to an instance of an object
[Ref 3ABE4C73]
  at Verse.Widgets.CroppedTerrainTextureRect (UnityEngine.Texture2D tex) [0x00000] in <61e4173561894da49d210260257b5097>:0 
  at RimWorld.Designator_Build.UpdateIcon () [0x0002e] in <61e4173561894da49d210260257b5097>:0 
  at RimWorld.Designator_Build.ResetStuffToDefault () [0x00007] in <61e4173561894da49d210260257b5097>:0 
RimWorld.Designator_Build..ctor(BuildableDef entDef)
  at Verse.DesignationCategoryDef.ResolveDesignators () [0x0016d] in <61e4173561894da49d210260257b5097>:0 
  at Verse.DesignationCategoryDef.<ResolveReferences>b__23_0 () [0x00000] in <61e4173561894da49d210260257b5097>:0 
  at Verse.LongEventHandler.ExecuteToExecuteWhenFinished () [0x0007c] in <61e4173561894da49d210260257b5097>:0 
Could not execute post-long-event action. Exception: System.NullReferenceException: Object reference not set to an instance of an object
[Ref 3ABE4C73] Duplicate stacktrace, see ref for original
Could not execute post-long-event action. Exception: System.NullReferenceException: Object reference not set to an instance of an object
[Ref F9832325]
  at Verse.GlobalTextureAtlasManager.TryInsertStatic (Verse.TextureAtlasGroup group, UnityEngine.Texture2D texture, UnityEngine.Texture2D mask) [0x00000] in <61e4173561894da49d210260257b5097>:0 
  at Verse.DamageGraphicData.<ResolveReferencesSpecial>b__24_0 () [0x00093] in <61e4173561894da49d210260257b5097>:0 
  at Verse.LongEventHandler.ExecuteToExecuteWhenFinished () [0x0007c] in <61e4173561894da49d210260257b5097>:0 
Could not execute post-long-event action. Exception: System.NullReferenceException: Object reference not set to an instance of an object
[Ref F9832325] Duplicate stacktrace, see ref for original
Could not execute post-long-event action. Exception: System.NullReferenceException: Object reference not set to an instance of an object
[Ref F9832325] Duplicate stacktrace, see ref for original
Could not execute post-long-event action. Exception: System.NullReferenceException: Object reference not set to an instance of an object
[Ref F9832325] Duplicate stacktrace, see ref for original
Could not execute post-long-event action. Exception: System.NullReferenceException: Object reference not set to an instance of an object
[Ref F9832325] Duplicate stacktrace, see ref for original
Could not execute post-long-event action. Exception: System.NullReferenceException: Object reference not set to an instance of an object
[Ref F9832325] Duplicate stacktrace, see ref for original
Could not execute post-long-event action. Exception: System.NullReferenceException: Object reference not set to an instance of an object
[Ref F9832325] Duplicate stacktrace, see ref for original
Could not execute post-long-event action. Exception: System.NullReferenceException: Object reference not set to an instance of an object
[Ref F9832325] Duplicate stacktrace, see ref for original
Could not execute post-long-event action. Exception: System.NullReferenceException: Object reference not set to an instance of an object
[Ref F9832325] Duplicate stacktrace, see ref for original
Could not execute post-long-event action. Exception: System.NullReferenceException: Object reference not set to an instance of an object
[Ref F9832325] Duplicate stacktrace, see ref for original
Could not execute post-long-event action. Exception: System.NullReferenceException: Object reference not set to an instance of an object
[Ref 8B6FEAF1]
  at Verse.GlobalTextureAtlasManager.TryInsertStatic (Verse.TextureAtlasGroup group, UnityEngine.Texture2D texture, UnityEngine.Texture2D mask) [0x00000] in <61e4173561894da49d210260257b5097>:0 
  at Verse.DamageGraphicData.<ResolveReferencesSpecial>b__24_0 () [0x00109] in <61e4173561894da49d210260257b5097>:0 
  at Verse.LongEventHandler.ExecuteToExecuteWhenFinished () [0x0007c] in <61e4173561894da49d210260257b5097>:0 
Could not execute post-long-event action. Exception: System.NullReferenceException: Object reference not set to an instance of an object
[Ref 1E512DA9]
  at Verse.GlobalTextureAtlasManager.TryInsertStatic (Verse.TextureAtlasGroup group, UnityEngine.Texture2D texture, UnityEngine.Texture2D mask) [0x00000] in <61e4173561894da49d210260257b5097>:0 
  at Verse.DamageGraphicData.<ResolveReferencesSpecial>b__24_0 () [0x000ce] in <61e4173561894da49d210260257b5097>:0 
  at Verse.LongEventHandler.ExecuteToExecuteWhenFinished () [0x0007c] in <61e4173561894da49d210260257b5097>:0 
Could not execute post-long-event action. Exception: System.NullReferenceException: Object reference not set to an instance of an object
[Ref F9832325] Duplicate stacktrace, see ref for original
Could not execute post-long-event action. Exception: System.NullReferenceException: Object reference not set to an instance of an object
[Ref F9832325] Duplicate stacktrace, see ref for original
Could not execute post-long-event action. Exception: System.NullReferenceException: Object reference not set to an instance of an object
[Ref F9832325] Duplicate stacktrace, see ref for original
Could not execute post-long-event action. Exception: System.NullReferenceException: Object reference not set to an instance of an object
[Ref F9832325] Duplicate stacktrace, see ref for original
Could not execute post-long-event action. Exception: System.NullReferenceException: Object reference not set to an instance of an object
[Ref F9832325] Duplicate stacktrace, see ref for original
Could not execute post-long-event action. Exception: System.NullReferenceException: Object reference not set to an instance of an object
[Ref F9832325] Duplicate stacktrace, see ref for original
Could not execute post-long-event action. Exception: System.NullReferenceException: Object reference not set to an instance of an object
[Ref F9832325] Duplicate stacktrace, see ref for original
Could not execute post-long-event action. Exception: System.NullReferenceException: Object reference not set to an instance of an object
[Ref F9832325] Duplicate stacktrace, see ref for original
Could not execute post-long-event action. Exception: System.NullReferenceException: Object reference not set to an instance of an object
[Ref F9832325] Duplicate stacktrace, see ref for original
Could not execute post-long-event action. Exception: System.NullReferenceException: Object reference not set to an instance of an object
[Ref F9832325] Duplicate stacktrace, see ref for original
Could not execute post-long-event action. Exception: System.NullReferenceException: Object reference not set to an instance of an object
[Ref F9832325] Duplicate stacktrace, see ref for original
Could not execute post-long-event action. Exception: System.NullReferenceException: Object reference not set to an instance of an object
[Ref F9832325] Duplicate stacktrace, see ref for original
Could not execute post-long-event action. Exception: System.NullReferenceException: Object reference not set to an instance of an object
[Ref F9832325] Duplicate stacktrace, see ref for original
Could not execute post-long-event action. Exception: System.NullReferenceException: Object reference not set to an instance of an object
[Ref 1E512DA9] Duplicate stacktrace, see ref for original
Could not execute post-long-event action. Exception: System.NullReferenceException: Object reference not set to an instance of an object
[Ref F9832325] Duplicate stacktrace, see ref for original
Could not execute post-long-event action. Exception: System.NullReferenceException: Object reference not set to an instance of an object
[Ref F9832325] Duplicate stacktrace, see ref for original
Could not execute post-long-event action. Exception: System.NullReferenceException: Object reference not set to an instance of an object
[Ref F9832325] Duplicate stacktrace, see ref for original
Could not execute post-long-event action. Exception: System.NullReferenceException: Object reference not set to an instance of an object
[Ref F9832325] Duplicate stacktrace, see ref for original
Could not execute post-long-event action. Exception: System.NullReferenceException: Object reference not set to an instance of an object
[Ref F9832325] Duplicate stacktrace, see ref for original
Could not execute post-long-event action. Exception: System.NullReferenceException: Object reference not set to an instance of an object
[Ref F9832325] Duplicate stacktrace, see ref for original
Could not execute post-long-event action. Exception: System.NullReferenceException: Object reference not set to an instance of an object
[Ref F9832325] Duplicate stacktrace, see ref for original
Could not execute post-long-event action. Exception: System.NullReferenceException: Object reference not set to an instance of an object
[Ref F9832325] Duplicate stacktrace, see ref for original
Could not execute post-long-event action. Exception: System.NullReferenceException: Object reference not set to an instance of an object
[Ref F9832325] Duplicate stacktrace, see ref for original
Could not execute post-long-event action. Exception: System.NullReferenceException: Object reference not set to an instance of an object
[Ref F9832325] Duplicate stacktrace, see ref for original
Could not execute post-long-event action. Exception: System.NullReferenceException: Object reference not set to an instance of an object
[Ref F9832325] Duplicate stacktrace, see ref for original
Could not execute post-long-event action. Exception: System.NullReferenceException: Object reference not set to an instance of an object
[Ref F9832325] Duplicate stacktrace, see ref for original
Could not execute post-long-event action. Exception: System.NullReferenceException: Object reference not set to an instance of an object
[Ref F9832325] Duplicate stacktrace, see ref for original
Could not execute post-long-event action. Exception: System.NullReferenceException: Object reference not set to an instance of an object
[Ref F9832325] Duplicate stacktrace, see ref for original
Could not execute post-long-event action. Exception: System.NullReferenceException: Object reference not set to an instance of an object
[Ref F9832325] Duplicate stacktrace, see ref for original
Could not execute post-long-event action. Exception: System.NullReferenceException: Object reference not set to an instance of an object
[Ref F9832325] Duplicate stacktrace, see ref for original
Could not execute post-long-event action. Exception: System.NullReferenceException: Object reference not set to an instance of an object
[Ref F9832325] Duplicate stacktrace, see ref for original
Could not execute post-long-event action. Exception: System.NullReferenceException: Object reference not set to an instance of an object
[Ref F9832325] Duplicate stacktrace, see ref for original
Could not execute post-long-event action. Exception: System.NullReferenceException: Object reference not set to an instance of an object
[Ref F9832325] Duplicate stacktrace, see ref for original
Could not execute post-long-event action. Exception: System.NullReferenceException: Object reference not set to an instance of an object
[Ref 1E512DA9] Duplicate stacktrace, see ref for original
Could not execute post-long-event action. Exception: System.NullReferenceException: Object reference not set to an instance of an object
[Ref F9832325] Duplicate stacktrace, see ref for original
Could not execute post-long-event action. Exception: System.NullReferenceException: Object reference not set to an instance of an object
[Ref 73D7834F]
  at Verse.GlobalTextureAtlasManager.TryInsertStatic (Verse.TextureAtlasGroup group, UnityEngine.Texture2D texture, UnityEngine.Texture2D mask) [0x00000] in <61e4173561894da49d210260257b5097>:0 
  at Verse.DamageGraphicData.<ResolveReferencesSpecial>b__24_0 () [0x00046] in <61e4173561894da49d210260257b5097>:0 
  at Verse.LongEventHandler.ExecuteToExecuteWhenFinished () [0x0007c] in <61e4173561894da49d210260257b5097>:0 
Could not execute post-long-event action. Exception: System.NullReferenceException: Object reference not set to an instance of an object
[Ref 73D7834F] Duplicate stacktrace, see ref for original
Could not execute post-long-event action. Exception: System.NullReferenceException: Object reference not set to an instance of an object
[Ref 73D7834F] Duplicate stacktrace, see ref for original
Could not execute post-long-event action. Exception: System.NullReferenceException: Object reference not set to an instance of an object
[Ref 73D7834F] Duplicate stacktrace, see ref for original
Could not execute post-long-event action. Exception: System.NullReferenceException: Object reference not set to an instance of an object
[Ref 73D7834F] Duplicate stacktrace, see ref for original
Could not execute post-long-event action. Exception: System.NullReferenceException: Object reference not set to an instance of an object
[Ref 73D7834F] Duplicate stacktrace, see ref for original
Could not execute post-long-event action. Exception: System.NullReferenceException: Object reference not set to an instance of an object
[Ref F9832325] Duplicate stacktrace, see ref for original
Could not execute post-long-event action. Exception: System.NullReferenceException: Object reference not set to an instance of an object
[Ref F9832325] Duplicate stacktrace, see ref for original
Could not execute post-long-event action. Exception: System.NullReferenceException: Object reference not set to an instance of an object
[Ref F9832325] Duplicate stacktrace, see ref for original
Could not execute post-long-event action. Exception: System.NullReferenceException: Object reference not set to an instance of an object
[Ref F9832325] Duplicate stacktrace, see ref for original
Could not execute post-long-event action. Exception: System.NullReferenceException: Object reference not set to an instance of an object
[Ref F9832325] Duplicate stacktrace, see ref for original
Could not execute post-long-event action. Exception: System.NullReferenceException: Object reference not set to an instance of an object
[Ref 1E512DA9] Duplicate stacktrace, see ref for original
Could not execute post-long-event action. Exception: System.NullReferenceException: Object reference not set to an instance of an object
[Ref F9832325] Duplicate stacktrace, see ref for original
Could not execute post-long-event action. Exception: System.NullReferenceException: Object reference not set to an instance of an object
[Ref F9832325] Duplicate stacktrace, see ref for original
Could not execute post-long-event action. Exception: System.NullReferenceException: Object reference not set to an instance of an object
[Ref F9832325] Duplicate stacktrace, see ref for original
Could not execute post-long-event action. Exception: System.NullReferenceException: Object reference not set to an instance of an object
[Ref F9832325] Duplicate stacktrace, see ref for original
Could not execute post-long-event action. Exception: System.NullReferenceException: Object reference not set to an instance of an object
[Ref F9832325] Duplicate stacktrace, see ref for original
Could not execute post-long-event action. Exception: System.NullReferenceException: Object reference not set to an instance of an object
[Ref F9832325] Duplicate stacktrace, see ref for original
Could not execute post-long-event action. Exception: System.NullReferenceException: Object reference not set to an instance of an object
[Ref F9832325] Duplicate stacktrace, see ref for original
Could not execute post-long-event action. Exception: System.NullReferenceException: Object reference not set to an instance of an object
[Ref F9832325] Duplicate stacktrace, see ref for original
Could not execute post-long-event action. Exception: System.NullReferenceException: Object reference not set to an instance of an object
[Ref F9832325] Duplicate stacktrace, see ref for original
Could not execute post-long-event action. Exception: System.NullReferenceException: Object reference not set to an instance of an object
[Ref F9832325] Duplicate stacktrace, see ref for original
Could not execute post-long-event action. Exception: System.NullReferenceException: Object reference not set to an instance of an object
[Ref F9832325] Duplicate stacktrace, see ref for original
Could not execute post-long-event action. Exception: System.NullReferenceException: Object reference not set to an instance of an object
[Ref F9832325] Duplicate stacktrace, see ref for original
Could not execute post-long-event action. Exception: System.NullReferenceException: Object reference not set to an instance of an object
[Ref F9832325] Duplicate stacktrace, see ref for original
Could not execute post-long-event action. Exception: System.NullReferenceException: Object reference not set to an instance of an object
[Ref F9832325] Duplicate stacktrace, see ref for original
Could not execute post-long-event action. Exception: System.NullReferenceException: Object reference not set to an instance of an object
[Ref F9832325] Duplicate stacktrace, see ref for original
Could not execute post-long-event action. Exception: System.NullReferenceException: Object reference not set to an instance of an object
[Ref F9832325] Duplicate stacktrace, see ref for original
Could not execute post-long-event action. Exception: System.NullReferenceException: Object reference not set to an instance of an object
[Ref F9832325] Duplicate stacktrace, see ref for original
Could not execute post-long-event action. Exception: System.NullReferenceException: Object reference not set to an instance of an object
[Ref F9832325] Duplicate stacktrace, see ref for original
Could not execute post-long-event action. Exception: System.NullReferenceException: Object reference not set to an instance of an object
[Ref F9832325] Duplicate stacktrace, see ref for original
Could not execute post-long-event action. Exception: System.NullReferenceException: Object reference not set to an instance of an object
[Ref F9832325] Duplicate stacktrace, see ref for original
Could not execute post-long-event action. Exception: System.NullReferenceException: Object reference not set to an instance of an object
[Ref F9832325] Duplicate stacktrace, see ref for original
Could not execute post-long-event action. Exception: System.NullReferenceException: Object reference not set to an instance of an object
[Ref F9832325] Duplicate stacktrace, see ref for original
Could not execute post-long-event action. Exception: System.NullReferenceException: Object reference not set to an instance of an object
[Ref F9832325] Duplicate stacktrace, see ref for original
Could not execute post-long-event action. Exception: System.NullReferenceException: Object reference not set to an instance of an object
[Ref F9832325] Duplicate stacktrace, see ref for original
Could not execute post-long-event action. Exception: System.NullReferenceException: Object reference not set to an instance of an object
[Ref F9832325] Duplicate stacktrace, see ref for original
Could not execute post-long-event action. Exception: System.NullReferenceException: Object reference not set to an instance of an object
[Ref F9832325] Duplicate stacktrace, see ref for original
Could not execute post-long-event action. Exception: System.NullReferenceException: Object reference not set to an instance of an object
[Ref F9832325] Duplicate stacktrace, see ref for original
Could not execute post-long-event action. Exception: System.NullReferenceException: Object reference not set to an instance of an object
[Ref F9832325] Duplicate stacktrace, see ref for original
Could not execute post-long-event action. Exception: System.NullReferenceException: Object reference not set to an instance of an object
[Ref F9832325] Duplicate stacktrace, see ref for original
Could not execute post-long-event action. Exception: System.NullReferenceException: Object reference not set to an instance of an object
[Ref F9832325] Duplicate stacktrace, see ref for original
Could not execute post-long-event action. Exception: System.NullReferenceException: Object reference not set to an instance of an object
[Ref F9832325] Duplicate stacktrace, see ref for original
Could not execute post-long-event action. Exception: System.NullReferenceException: Object reference not set to an instance of an object
[Ref F9832325] Duplicate stacktrace, see ref for original
Could not execute post-long-event action. Exception: System.NullReferenceException: Object reference not set to an instance of an object
[Ref F9832325] Duplicate stacktrace, see ref for original
Could not execute post-long-event action. Exception: System.NullReferenceException: Object reference not set to an instance of an object
[Ref F9832325] Duplicate stacktrace, see ref for original
Could not execute post-long-event action. Exception: System.NullReferenceException: Object reference not set to an instance of an object
[Ref 8B6FEAF1] Duplicate stacktrace, see ref for original
Could not execute post-long-event action. Exception: System.NullReferenceException: Object reference not set to an instance of an object
[Ref 1E512DA9] Duplicate stacktrace, see ref for original
Could not execute post-long-event action. Exception: System.NullReferenceException: Object reference not set to an instance of an object
[Ref 1E512DA9] Duplicate stacktrace, see ref for original
Could not execute post-long-event action. Exception: System.NullReferenceException: Object reference not set to an instance of an object
[Ref F9832325] Duplicate stacktrace, see ref for original
Could not execute post-long-event action. Exception: System.NullReferenceException: Object reference not set to an instance of an object
[Ref F9832325] Duplicate stacktrace, see ref for original
Could not execute post-long-event action. Exception: System.NullReferenceException: Object reference not set to an instance of an object
[Ref F9832325] Duplicate stacktrace, see ref for original
Could not execute post-long-event action. Exception: System.NullReferenceException: Object reference not set to an instance of an object
[Ref F9832325] Duplicate stacktrace, see ref for original
Could not execute post-long-event action. Exception: System.NullReferenceException: Object reference not set to an instance of an object
[Ref F9832325] Duplicate stacktrace, see ref for original
Could not execute post-long-event action. Exception: System.NullReferenceException: Object reference not set to an instance of an object
[Ref F9832325] Duplicate stacktrace, see ref for original
Could not execute post-long-event action. Exception: System.NullReferenceException: Object reference not set to an instance of an object
[Ref F9832325] Duplicate stacktrace, see ref for original
Could not execute post-long-event action. Exception: System.NullReferenceException: Object reference not set to an instance of an object
[Ref F9832325] Duplicate stacktrace, see ref for original
Could not execute post-long-event action. Exception: System.NullReferenceException: Object reference not set to an instance of an object
[Ref F9832325] Duplicate stacktrace, see ref for original
Could not execute post-long-event action. Exception: System.NullReferenceException: Object reference not set to an instance of an object
[Ref F9832325] Duplicate stacktrace, see ref for original
Could not execute post-long-event action. Exception: System.NullReferenceException: Object reference not set to an instance of an object
[Ref F9832325] Duplicate stacktrace, see ref for original
Could not execute post-long-event action. Exception: System.NullReferenceException: Object reference not set to an instance of an object
[Ref F9832325] Duplicate stacktrace, see ref for original
Could not execute post-long-event action. Exception: System.NullReferenceException: Object reference not set to an instance of an object
[Ref F9832325] Duplicate stacktrace, see ref for original
Could not execute post-long-event action. Exception: System.NullReferenceException: Object reference not set to an instance of an object
[Ref F9832325] Duplicate stacktrace, see ref for original
Could not execute post-long-event action. Exception: System.NullReferenceException: Object reference not set to an instance of an object
[Ref F9832325] Duplicate stacktrace, see ref for original
Could not execute post-long-event action. Exception: System.NullReferenceException: Object reference not set to an instance of an object
[Ref F9832325] Duplicate stacktrace, see ref for original
Could not execute post-long-event action. Exception: System.NullReferenceException: Object reference not set to an instance of an object
[Ref F9832325] Duplicate stacktrace, see ref for original
Could not execute post-long-event action. Exception: System.NullReferenceException: Object reference not set to an instance of an object
[Ref F9832325] Duplicate stacktrace, see ref for original
Could not execute post-long-event action. Exception: System.NullReferenceException: Object reference not set to an instance of an object
[Ref F9832325] Duplicate stacktrace, see ref for original
Could not execute post-long-event action. Exception: System.NullReferenceException: Object reference not set to an instance of an object
[Ref F9832325] Duplicate stacktrace, see ref for original
Could not execute post-long-event action. Exception: System.NullReferenceException: Object reference not set to an instance of an object
[Ref F9832325] Duplicate stacktrace, see ref for original
Could not execute post-long-event action. Exception: System.NullReferenceException: Object reference not set to an instance of an object
[Ref F9832325] Duplicate stacktrace, see ref for original
Could not execute post-long-event action. Exception: System.NullReferenceException: Object reference not set to an instance of an object
[Ref F9832325] Duplicate stacktrace, see ref for original
Could not execute post-long-event action. Exception: System.NullReferenceException: Object reference not set to an instance of an object
[Ref F9832325] Duplicate stacktrace, see ref for original
Could not execute post-long-event action. Exception: System.NullReferenceException: Object reference not set to an instance of an object
[Ref F9832325] Duplicate stacktrace, see ref for original
Could not execute post-long-event action. Exception: System.NullReferenceException: Object reference not set to an instance of an object
[Ref 1E512DA9] Duplicate stacktrace, see ref for original
Could not execute post-long-event action. Exception: System.NullReferenceException: Object reference not set to an instance of an object
[Ref 1E512DA9] Duplicate stacktrace, see ref for original
Could not execute post-long-event action. Exception: System.NullReferenceException: Object reference not set to an instance of an object
[Ref F9832325] Duplicate stacktrace, see ref for original
Could not execute post-long-event action. Exception: System.NullReferenceException: Object reference not set to an instance of an object
[Ref F9832325] Duplicate stacktrace, see ref for original
Could not execute post-long-event action. Exception: System.NullReferenceException: Object reference not set to an instance of an object
[Ref F9832325] Duplicate stacktrace, see ref for original
Could not execute post-long-event action. Exception: System.NullReferenceException: Object reference not set to an instance of an object
[Ref F9832325] Duplicate stacktrace, see ref for original
Could not execute post-long-event action. Exception: System.NullReferenceException: Object reference not set to an instance of an object
[Ref F9832325] Duplicate stacktrace, see ref for original
Could not execute post-long-event action. Exception: System.NullReferenceException: Object reference not set to an instance of an object
[Ref F9832325] Duplicate stacktrace, see ref for original
Could not execute post-long-event action. Exception: System.NullReferenceException: Object reference not set to an instance of an object
[Ref F9832325] Duplicate stacktrace, see ref for original
Could not execute post-long-event action. Exception: System.NullReferenceException: Object reference not set to an instance of an object
[Ref F9832325] Duplicate stacktrace, see ref for original
Could not execute post-long-event action. Exception: System.NullReferenceException: Object reference not set to an instance of an object
[Ref F9832325] Duplicate stacktrace, see ref for original
Could not execute post-long-event action. Exception: System.NullReferenceException: Object reference not set to an instance of an object
[Ref F9832325] Duplicate stacktrace, see ref for original
Could not execute post-long-event action. Exception: System.NullReferenceException: Object reference not set to an instance of an object
[Ref F9832325] Duplicate stacktrace, see ref for original
Could not execute post-long-event action. Exception: System.NullReferenceException: Object reference not set to an instance of an object
[Ref F9832325] Duplicate stacktrace, see ref for original
Could not execute post-long-event action. Exception: System.NullReferenceException: Object reference not set to an instance of an object
[Ref F9832325] Duplicate stacktrace, see ref for original
Could not execute post-long-event action. Exception: System.NullReferenceException: Object reference not set to an instance of an object
[Ref F9832325] Duplicate stacktrace, see ref for original
Could not execute post-long-event action. Exception: System.NullReferenceException: Object reference not set to an instance of an object
[Ref F9832325] Duplicate stacktrace, see ref for original
Could not execute post-long-event action. Exception: System.NullReferenceException: Object reference not set to an instance of an object
[Ref F9832325] Duplicate stacktrace, see ref for original
Could not execute post-long-event action. Exception: System.NullReferenceException: Object reference not set to an instance of an object
[Ref F9832325] Duplicate stacktrace, see ref for original
Could not execute post-long-event action. Exception: System.NullReferenceException: Object reference not set to an instance of an object
[Ref F9832325] Duplicate stacktrace, see ref for original
Could not execute post-long-event action. Exception: System.NullReferenceException: Object reference not set to an instance of an object
[Ref F9832325] Duplicate stacktrace, see ref for original
Could not execute post-long-event action. Exception: System.NullReferenceException: Object reference not set to an instance of an object
[Ref F9832325] Duplicate stacktrace, see ref for original
Could not execute post-long-event action. Exception: System.NullReferenceException: Object reference not set to an instance of an object
[Ref 1E512DA9] Duplicate stacktrace, see ref for original
Could not execute post-long-event action. Exception: System.NullReferenceException: Object reference not set to an instance of an object
[Ref 1E512DA9] Duplicate stacktrace, see ref for original
Could not execute post-long-event action. Exception: System.NullReferenceException: Object reference not set to an instance of an object
[Ref F9832325] Duplicate stacktrace, see ref for original
Could not execute post-long-event action. Exception: System.NullReferenceException: Object reference not set to an instance of an object
[Ref F9832325] Duplicate stacktrace, see ref for original
Could not execute post-long-event action. Exception: System.NullReferenceException: Object reference not set to an instance of an object
[Ref F9832325] Duplicate stacktrace, see ref for original
Could not execute post-long-event action. Exception: System.NullReferenceException: Object reference not set to an instance of an object
[Ref F9832325] Duplicate stacktrace, see ref for original
Could not execute post-long-event action. Exception: System.NullReferenceException: Object reference not set to an instance of an object
[Ref F9832325] Duplicate stacktrace, see ref for original
Could not execute post-long-event action. Exception: System.NullReferenceException: Object reference not set to an instance of an object
[Ref F9832325] Duplicate stacktrace, see ref for original
Could not execute post-long-event action. Exception: System.NullReferenceException: Object reference not set to an instance of an object
[Ref 7F081F7F]
  at Verse.GlobalTextureAtlasManager.TryInsertStatic (Verse.TextureAtlasGroup group, UnityEngine.Texture2D texture, UnityEngine.Texture2D mask) [0x00000] in <61e4173561894da49d210260257b5097>:0 
  at Verse.BuildingsDamageSectionLayerUtility.TryInsertIntoAtlas () [0x00011] in <61e4173561894da49d210260257b5097>:0 
  at Verse.GlobalTextureAtlasManager.BakeStaticAtlases () [0x00000] in <61e4173561894da49d210260257b5097>:0 
  at Verse.PlayDataLoader+<>c.<DoPlayLoad>b__4_4 () [0x00032] in <61e4173561894da49d210260257b5097>:0 
  at Verse.LongEventHandler.ExecuteToExecuteWhenFinished () [0x0007c] in <61e4173561894da49d210260257b5097>:0 
Unloading 5 Unused Serialized files (Serialized files now loaded: 5)
[PhysX] Initialized MultithreadedTaskDispatcher with 16 workers.
UnloadTime: 1.725900 ms
The shader Hidden/ColorCorrectionCurvesSimple (UnityEngine.Shader) on effect Camera (UnityStandardAssets.ImageEffects.ColorCorrectionCurves) is not supported on this platform!
The shader Hidden/ColorCorrectionCurves (UnityEngine.Shader) on effect Camera (UnityStandardAssets.ImageEffects.ColorCorrectionCurves) is not supported on this platform!
The shader Hidden/ColorCorrectionSelective (UnityEngine.Shader) on effect Camera (UnityStandardAssets.ImageEffects.ColorCorrectionCurves) is not supported on this platform!
The image effect Camera (UnityStandardAssets.ImageEffects.ColorCorrectionCurves) has been disabled as it's not supported on the current platform.
Unloading 107 unused Assets to reduce memory usage. Loaded Objects now: 23832.
Total: 159.187300 ms (FindLiveObjects: 0.968200 ms CreateObjectMapping: 0.346100 ms MarkObjects: 157.758500 ms  DeleteObjects: 0.114100 ms)

Initializing new game with mods:
  - brrainz.harmony
  - Ludeon.RimWorld
  - Ludeon.RimWorld.Royalty
  - Ludeon.RimWorld.Ideology
  - Ludeon.RimWorld.Biotech
  - Ludeon.RimWorld.Anomaly
  - Ludeon.RimWorld.Odyssey
  - m00nl1ght.MapPreview
  - choco.mapgenai.naturalprobe.n2704
Unloading 0 Unused Serialized files (Serialized files now loaded: 5)
[MapGenAI] Applied state to tile 13
[MapGenAI] Applied state to tile 13
[MapGenAI] Applied state to tile 13
[MapGenAI] Applied state to tile 13
Unloading 2 unused Assets to reduce memory usage. Loaded Objects now: 25189.
Total: 176.304400 ms (FindLiveObjects: 1.367800 ms CreateObjectMapping: 0.397500 ms MarkObjects: 174.496600 ms  DeleteObjects: 0.041600 ms)

ERROR: Shader Custom/Lightshaft shader is not supported on this GPU (none of subshaders/fallbacks are suitable)
ERROR: Shader Custom/HighlightRing shader is not supported on this GPU (none of subshaders/fallbacks are suitable)
ERROR: Shader Custom/RevenantDeath shader is not supported on this GPU (none of subshaders/fallbacks are suitable)
ERROR: Shader Custom/Mote Psychic Skip Inner shader is not supported on this GPU (none of subshaders/fallbacks are suitable)
ERROR: Shader Custom/Mote Psychic Skip Inner shader is not supported on this GPU (none of subshaders/fallbacks are suitable)
ERROR: Shader Custom/Mote Psychic Skip Ring shader is not supported on this GPU (none of subshaders/fallbacks are suitable)
ERROR: Shader Custom/Heat diffusion shader is not supported on this GPU (none of subshaders/fallbacks are suitable)
ERROR: Shader Custom/Sparks Circular shader is not supported on this GPU (none of subshaders/fallbacks are suitable)
ERROR: Shader Custom/Mote glow distorted shader is not supported on this GPU (none of subshaders/fallbacks are suitable)
ERROR: Shader Custom/Mote bouncing shader is not supported on this GPU (none of subshaders/fallbacks are suitable)
ERROR: Shader Custom/Mote bouncing rotating shader is not supported on this GPU (none of subshaders/fallbacks are suitable)
ERROR: Shader Custom/Transparent shader is not supported on this GPU (none of subshaders/fallbacks are suitable)
ERROR: Shader Custom/TransparentAnimated shader is not supported on this GPU (none of subshaders/fallbacks are suitable)
ERROR: Shader Custom/HoraxianSnake shader is not supported on this GPU (none of subshaders/fallbacks are suitable)
ERROR: Shader Custom/PsychicDistortionRibbon shader is not supported on this GPU (none of subshaders/fallbacks are suitable)
ERROR: Shader Custom/Mote glow pulse low shader is not supported on this GPU (none of subshaders/fallbacks are suitable)
ERROR: Shader Custom/TransparentColorLerp shader is not supported on this GPU (none of subshaders/fallbacks are suitable)
ERROR: Shader Custom/Ember shader is not supported on this GPU (none of subshaders/fallbacks are suitable)
ERROR: Shader Custom/Ember shader is not supported on this GPU (none of subshaders/fallbacks are suitable)
ERROR: Shader Custom/TransparentAniamtedColorLerp shader is not supported on this GPU (none of subshaders/fallbacks are suitable)
ERROR: Shader Custom/MoteHeatDistortion shader is not supported on this GPU (none of subshaders/fallbacks are suitable)
ERROR: Shader Custom/FerroBlob shader is not supported on this GPU (none of subshaders/fallbacks are suitable)
ERROR: Shader Custom/FerroWave shader is not supported on this GPU (none of subshaders/fallbacks are suitable)
ERROR: Shader Custom/Mote glow shader is not supported on this GPU (none of subshaders/fallbacks are suitable)
ERROR: Shader Custom/MoteHeatDistortionIntense shader is not supported on this GPU (none of subshaders/fallbacks are suitable)
ERROR: Shader Custom/Fish Shadow shader is not supported on this GPU (none of subshaders/fallbacks are suitable)
Resolution too small (0x0), resetting UI scale to 1.5.
[MapGenAI] Applied state to tile 13
Memory Statistics:
[ALLOC_TEMP_TLS] TLS Allocator
  StackAllocators : 
    [ALLOC_TEMP_MAIN]
      Peak usage frame count: [0-1.0 KB]: 2490 frames, [1.0 KB-2.0 KB]: 1 frames, [2.0 KB-4.0 KB]: 2 frames, [4.0 KB-8.0 KB]: 11 frames, [32.0 KB-64.0 KB]: 2 frames, [128.0 KB-256.0 KB]: 1 frames, [2.0 MB-4.0 MB]: 3 frames
      Initial Block Size 4.0 MB
      Current Block Size 4.0 MB
      Peak Allocated Bytes 3.7 MB
      Overflow Count 1
    [ALLOC_TEMP_Loading.AsyncRead]
      Initial Block Size 64.0 KB
      Current Block Size 120.0 KB
      Peak Allocated Bytes 117.2 KB
      Overflow Count 0
    [ALLOC_TEMP_Loading.PreloadManager]
      Initial Block Size 256.0 KB
      Current Block Size 256.0 KB
      Peak Allocated Bytes 3.8 KB
      Overflow Count 8
    [ALLOC_TEMP_Background Job.Worker 8]
      Initial Block Size 32.0 KB
      Current Block Size 32.0 KB
      Peak Allocated Bytes 54 B
      Overflow Count 0
    [ALLOC_TEMP_Job.Worker 6]
      Initial Block Size 256.0 KB
      Current Block Size 256.0 KB
      Peak Allocated Bytes 0 B
      Overflow Count 0
    [ALLOC_TEMP_Job.Worker 0]
      Initial Block Size 256.0 KB
      Current Block Size 256.0 KB
      Peak Allocated Bytes 0 B
      Overflow Count 0
    [ALLOC_TEMP_Background Job.Worker 10]
      Initial Block Size 32.0 KB
      Current Block Size 32.0 KB
      Peak Allocated Bytes 54 B
      Overflow Count 0
    [ALLOC_TEMP_Background Job.Worker 9]
      Initial Block Size 32.0 KB
      Current Block Size 32.0 KB
      Peak Allocated Bytes 54 B
      Overflow Count 0
    [ALLOC_TEMP_Job.Worker 5]
      Initial Block Size 256.0 KB
      Current Block Size 256.0 KB
      Peak Allocated Bytes 0 B
      Overflow Count 0
    [ALLOC_TEMP_Background Job.Worker 14]
      Initial Block Size 32.0 KB
      Current Block Size 32.0 KB
      Peak Allocated Bytes 54 B
      Overflow Count 0
    [ALLOC_TEMP_Background Job.Worker 6]
      Initial Block Size 32.0 KB
      Current Block Size 32.0 KB
      Peak Allocated Bytes 54 B
      Overflow Count 0
    [ALLOC_TEMP_Job.Worker 4]
      Initial Block Size 256.0 KB
      Current Block Size 256.0 KB
      Peak Allocated Bytes 0 B
      Overflow Count 0
    [ALLOC_TEMP_Job.Worker 14]
      Initial Block Size 256.0 KB
      Current Block Size 256.0 KB
      Peak Allocated Bytes 54 B
      Overflow Count 0
    [ALLOC_TEMP_Job.Worker 3]
      Initial Block Size 256.0 KB
      Current Block Size 256.0 KB
      Peak Allocated Bytes 0 B
      Overflow Count 0
    [ALLOC_TEMP_Job.Worker 13]
      Initial Block Size 256.0 KB
      Current Block Size 256.0 KB
      Peak Allocated Bytes 54 B
      Overflow Count 0
    [ALLOC_TEMP_Background Job.Worker 12]
      Initial Block Size 32.0 KB
      Current Block Size 32.0 KB
      Peak Allocated Bytes 54 B
      Overflow Count 0
    [ALLOC_TEMP_EnlightenWorker] x 8
      Initial Block Size 64.0 KB
      Current Block Size 64.0 KB
      Peak Allocated Bytes 54 B
      Overflow Count 0
    [ALLOC_TEMP_Background Job.Worker 15]
      Initial Block Size 32.0 KB
      Current Block Size 32.0 KB
      Peak Allocated Bytes 54 B
      Overflow Count 0
    [ALLOC_TEMP_Background Job.Worker 1]
      Initial Block Size 32.0 KB
      Current Block Size 32.0 KB
      Peak Allocated Bytes 54 B
      Overflow Count 0
    [ALLOC_TEMP_Background Job.Worker 2]
      Initial Block Size 32.0 KB
      Current Block Size 32.0 KB
      Peak Allocated Bytes 54 B
      Overflow Count 0
    [ALLOC_TEMP_Background Job.Worker 7]
      Initial Block Size 32.0 KB
      Current Block Size 32.0 KB
      Peak Allocated Bytes 54 B
      Overflow Count 0
    [ALLOC_TEMP_AssetGarbageCollectorHelper] x 15
      Initial Block Size 64.0 KB
      Current Block Size 64.0 KB
      Peak Allocated Bytes 138 B
      Overflow Count 0
    [ALLOC_TEMP_Background Job.Worker 5]
      Initial Block Size 32.0 KB
      Current Block Size 32.0 KB
      Peak Allocated Bytes 54 B
      Overflow Count 0
    [ALLOC_TEMP_Job.Worker 9]
      Initial Block Size 256.0 KB
      Current Block Size 256.0 KB
      Peak Allocated Bytes 0 B
      Overflow Count 0
    [ALLOC_TEMP_Background Job.Worker 13]
      Initial Block Size 32.0 KB
      Current Block Size 32.0 KB
      Peak Allocated Bytes 54 B
      Overflow Count 0
    [ALLOC_TEMP_Job.Worker 8]
      Initial Block Size 256.0 KB
      Current Block Size 256.0 KB
      Peak Allocated Bytes 0 B
      Overflow Count 0
    [ALLOC_TEMP_Job.Worker 7]
      Initial Block Size 256.0 KB
      Current Block Size 256.0 KB
      Peak Allocated Bytes 0 B
      Overflow Count 0
    [ALLOC_TEMP_Job.Worker 1]
      Initial Block Size 256.0 KB
      Current Block Size 256.0 KB
      Peak Allocated Bytes 507 B
      Overflow Count 0
    [ALLOC_TEMP_Job.Worker 2]
      Initial Block Size 256.0 KB
      Current Block Size 256.0 KB
      Peak Allocated Bytes 288 B
      Overflow Count 0
    [ALLOC_TEMP_Background Job.Worker 3]
      Initial Block Size 32.0 KB
      Current Block Size 32.0 KB
      Peak Allocated Bytes 54 B
      Overflow Count 0
    [ALLOC_TEMP_Background Job.Worker 11]
      Initial Block Size 32.0 KB
      Current Block Size 32.0 KB
      Peak Allocated Bytes 54 B
      Overflow Count 0
    [ALLOC_TEMP_Job.Worker 10]
      Initial Block Size 256.0 KB
      Current Block Size 256.0 KB
      Peak Allocated Bytes 54 B
      Overflow Count 0
    [ALLOC_TEMP_Background Job.Worker 0]
      Initial Block Size 32.0 KB
      Current Block Size 32.0 KB
      Peak Allocated Bytes 54 B
      Overflow Count 0
    [ALLOC_TEMP_Job.Worker 11]
      Initial Block Size 256.0 KB
      Current Block Size 256.0 KB
      Peak Allocated Bytes 54 B
      Overflow Count 0
    [ALLOC_TEMP_Job.Worker 12]
      Initial Block Size 256.0 KB
      Current Block Size 256.0 KB
      Peak Allocated Bytes 54 B
      Overflow Count 0
    [ALLOC_TEMP_Background Job.Worker 4]
      Initial Block Size 32.0 KB
      Current Block Size 32.0 KB
      Peak Allocated Bytes 54 B
      Overflow Count 0
    [ALLOC_TEMP_BatchDeleteObjects]
      Initial Block Size 64.0 KB
      Current Block Size 64.0 KB
      Peak Allocated Bytes 54 B
      Overflow Count 0
[ALLOC_DEFAULT] Dual Thread Allocator
  Peak main deferred allocation count 37901
    [ALLOC_BUCKET]
      Large Block size 4.0 MB
      Used Block count 1
      Peak Allocated bytes 4.0 MB
      Failed Allocations. Bucket layout:
        16B: 4 Subsections = 4096 buckets. Failed count: 45264
        32B: 31 Subsections = 15872 buckets. Failed count: 35254
        48B: 42 Subsections = 14336 buckets. Failed count: 67180
        64B: 36 Subsections = 9216 buckets. Failed count: 25620
        80B: 84 Subsections = 17203 buckets. Failed count: 17535
        96B: 48 Subsections = 8192 buckets. Failed count: 39726
        112B: 5 Subsections = 731 buckets. Failed count: 1824
        128B: 6 Subsections = 768 buckets. Failed count: 7395
    [ALLOC_DEFAULT_MAIN]
      Peak usage frame count: [16.0 MB-32.0 MB]: 1018 frames, [128.0 MB-256.0 MB]: 1492 frames
      Requested Block Size 16.0 MB
      Peak Block count 12
      Peak Allocated memory 205.3 MB
      Peak Large allocation bytes 23.2 MB
    [ALLOC_DEFAULT_THREAD]
      Peak usage frame count: [4.0 MB-8.0 MB]: 1 frames, [8.0 MB-16.0 MB]: 1079 frames, [16.0 MB-32.0 MB]: 510 frames, [32.0 MB-64.0 MB]: 920 frames
      Requested Block Size 16.0 MB
      Peak Block count 4
      Peak Allocated memory 62.0 MB
      Peak Large allocation bytes 0 B
[ALLOC_TEMP_JOB_1_FRAME]
  Initial Block Size 2.0 MB
  Used Block Count 0
  Overflow Count (too large) 0
  Overflow Count (full) 0
[ALLOC_TEMP_JOB_2_FRAMES]
  Initial Block Size 2.0 MB
  Used Block Count 0
  Overflow Count (too large) 0
  Overflow Count (full) 0
[ALLOC_TEMP_JOB_4_FRAMES (JobTemp)]
  Initial Block Size 2.0 MB
  Used Block Count 1
  Overflow Count (too large) 0
  Overflow Count (full) 0
[ALLOC_TEMP_JOB_ASYNC (Background)]
  Initial Block Size 1.0 MB
  Used Block Count 1
  Overflow Count (too large) 0
  Overflow Count (full) 0
[ALLOC_GFX] Dual Thread Allocator
  Peak main deferred allocation count 0
    [ALLOC_BUCKET]
      Large Block size 4.0 MB
      Used Block count 1
      Peak Allocated bytes 4.0 MB
      Failed Allocations. Bucket layout:
        16B: 4 Subsections = 4096 buckets. Failed count: 45264
        32B: 31 Subsections = 15872 buckets. Failed count: 35254
        48B: 42 Subsections = 14336 buckets. Failed count: 67180
        64B: 36 Subsections = 9216 buckets. Failed count: 25620
        80B: 84 Subsections = 17203 buckets. Failed count: 17535
        96B: 48 Subsections = 8192 buckets. Failed count: 39726
        112B: 5 Subsections = 731 buckets. Failed count: 1824
        128B: 6 Subsections = 768 buckets. Failed count: 7395
    [ALLOC_GFX_MAIN]
      Peak usage frame count: [64.0 KB-128.0 KB]: 1 frames, [2.0 MB-4.0 MB]: 1741 frames, [8.0 MB-16.0 MB]: 767 frames, [32.0 MB-64.0 MB]: 1 frames
      Requested Block Size 16.0 MB
      Peak Block count 4
      Peak Allocated memory 58.5 MB
      Peak Large allocation bytes 0 B
    [ALLOC_GFX_THREAD]
      Peak usage frame count: [0-1.0 KB]: 2510 frames
      Requested Block Size 16.0 MB
      Peak Block count 1
      Peak Allocated memory 160 B
      Peak Large allocation bytes 0 B
[ALLOC_CACHEOBJECTS] Dual Thread Allocator
  Peak main deferred allocation count 97
    [ALLOC_BUCKET]
      Large Block size 4.0 MB
      Used Block count 1
      Peak Allocated bytes 4.0 MB
      Failed Allocations. Bucket layout:
        16B: 4 Subsections = 4096 buckets. Failed count: 45264
        32B: 31 Subsections = 15872 buckets. Failed count: 35254
        48B: 42 Subsections = 14336 buckets. Failed count: 67180
        64B: 36 Subsections = 9216 buckets. Failed count: 25620
        80B: 84 Subsections = 17203 buckets. Failed count: 17535
        96B: 48 Subsections = 8192 buckets. Failed count: 39726
        112B: 5 Subsections = 731 buckets. Failed count: 1824
        128B: 6 Subsections = 768 buckets. Failed count: 7395
    [ALLOC_CACHEOBJECTS_MAIN]
      Peak usage frame count: [2.0 MB-4.0 MB]: 1 frames, [4.0 MB-8.0 MB]: 1017 frames, [8.0 MB-16.0 MB]: 1492 frames
      Requested Block Size 4.0 MB
      Peak Block count 4
      Peak Allocated memory 12.8 MB
      Peak Large allocation bytes 0 B
    [ALLOC_CACHEOBJECTS_THREAD]
      Peak usage frame count: [4.0 KB-8.0 KB]: 1598 frames, [32.0 KB-64.0 KB]: 909 frames, [64.0 KB-128.0 KB]: 1 frames, [128.0 KB-256.0 KB]: 1 frames, [0.5 MB-1.0 MB]: 1 frames
      Requested Block Size 4.0 MB
      Peak Block count 1
      Peak Allocated memory 0.6 MB
      Peak Large allocation bytes 0 B
[ALLOC_TYPETREE] Dual Thread Allocator
  Peak main deferred allocation count 0
    [ALLOC_BUCKET]
      Large Block size 4.0 MB
      Used Block count 1
      Peak Allocated bytes 4.0 MB
      Failed Allocations. Bucket layout:
        16B: 4 Subsections = 4096 buckets. Failed count: 45264
        32B: 31 Subsections = 15872 buckets. Failed count: 35254
        48B: 42 Subsections = 14336 buckets. Failed count: 67180
        64B: 36 Subsections = 9216 buckets. Failed count: 25620
        80B: 84 Subsections = 17203 buckets. Failed count: 17535
        96B: 48 Subsections = 8192 buckets. Failed count: 39726
        112B: 5 Subsections = 731 buckets. Failed count: 1824
        128B: 6 Subsections = 768 buckets. Failed count: 7395
    [ALLOC_TYPETREE_MAIN]
      Peak usage frame count: [4.0 KB-8.0 KB]: 1 frames, [8.0 KB-16.0 KB]: 1017 frames, [32.0 KB-64.0 KB]: 1492 frames
      Requested Block Size 2.0 MB
      Peak Block count 1
      Peak Allocated memory 49.6 KB
      Peak Large allocation bytes 0 B
    [ALLOC_TYPETREE_THREAD]
      Peak usage frame count: [0-1.0 KB]: 2510 frames
      Requested Block Size 2.0 MB
      Peak Block count 0
      Peak Allocated memory 0 B
      Peak Large allocation bytes 0 B
