Mono path[0] = 'C:/Users/choco/Documents/Codex/2026-09-13/new-chat-2/work/mapgenai-headless-runtime/RimWorldWin64_Data/Managed'
Mono config path = 'C:/Users/choco/Documents/Codex/2026-09-13/new-chat-2/work/mapgenai-headless-runtime/MonoBleedingEdge/etc'
[PhysX] Initialized MultithreadedTaskDispatcher with 16 workers.
Initialize engine version: 2022.3.35f1 (011206c7a712)
[Subsystems] Discovering subsystems at path C:/Users/choco/Documents/Codex/2026-09-13/new-chat-2/work/mapgenai-headless-runtime/RimWorldWin64_Data/UnitySubsystems
Forcing GfxDevice: Null
GfxDevice: creating device client; threaded=0; jobified=0
NullGfxDevice:
    Version:  NULL 1.0 [1.0]
    Renderer: Null Device
    Vendor:   Unity Technologies
Begin MonoManager ReloadAssembly
- Loaded All Assemblies, in  0.085 seconds
- Finished resetting the current domain, in  0.001 seconds
ERROR: Shader Sprites/Default shader is not supported on this GPU (none of subshaders/fallbacks are suitable)
Microsoft Media Foundation video decoding to texture disabled: graphics device is Null, only Direct3D 11 and Direct3D 12 (only on desktop) are supported for hardware-accelerated video decoding.
ERROR: Shader Sprites/Mask shader is not supported on this GPU (none of subshaders/fallbacks are suitable)
[PhysX] Initialized MultithreadedTaskDispatcher with 16 workers.
UnloadTime: 0.485300 ms
Command line arguments: -batchmode -nographics -savedatafolder=C:\Users\choco\Documents\Codex\2026-09-13\new-chat-2\work\mapgenai-headless-runtime\natural-profile-n4 -mapgenAIProbe=C:\Users\choco\Documents\Codex\2026-09-13\new-chat-2\work\mapgenai-guided\repo\docs\analysis\2026-09-23-natural-landforms\native-n4 -logFile C:\Users\choco\Documents\Codex\2026-09-13\new-chat-2\work\mapgenai-guided\repo\docs\analysis\2026-09-23-natural-landforms\native-n4\Player.log
RimWorld 1.6.4871 rev591
Save data folder overridden to C:\Users\choco\Documents\Codex\2026-09-13\new-chat-2\work\mapgenai-headless-runtime\natural-profile-n4
ERROR: Shader Custom/Cutout shader is not supported on this GPU (none of subshaders/fallbacks are suitable)
ERROR: Shader Custom/CutoutHair shader is not supported on this GPU (none of subshaders/fallbacks are suitable)
ERROR: Shader Custom/Plant cutout shader is not supported on this GPU (none of subshaders/fallbacks are suitable)
ERROR: Shader Custom/CutoutComplex shader is not supported on this GPU (none of subshaders/fallbacks are suitable)
ERROR: Shader Custom/CutoutComplexUI shader is not supported on this GPU (none of subshaders/fallbacks are suitable)
ERROR: Shader Custom/ExpandingIconUI shader is not supported on this GPU (none of subshaders/fallbacks are suitable)
ERROR: Shader Custom/CutoutComplexBlend shader is not supported on this GPU (none of subshaders/fallbacks are suitable)
ERROR: Shader Custom/CutoutSkinOverlay shader is not supported on this GPU (none of subshaders/fallbacks are suitable)
ERROR: Shader Custom/CutoutRecolor shader is not supported on this GPU (none of subshaders/fallbacks are suitable)
ERROR: Shader Custom/Wound shader is not supported on this GPU (none of subshaders/fallbacks are suitable)
ERROR: Shader Custom/WoundSkin shader is not supported on this GPU (none of subshaders/fallbacks are suitable)
ERROR: Shader Custom/CutoutSkinOverride shader is not supported on this GPU (none of subshaders/fallbacks are suitable)
ERROR: Shader Custom/CutoutFlying shader is not supported on this GPU (none of subshaders/fallbacks are suitable)
ERROR: Shader Custom/CutoutFlying01 shader is not supported on this GPU (none of subshaders/fallbacks are suitable)
ERROR: Shader Custom/FirefoamOverlay shader is not supported on this GPU (none of subshaders/fallbacks are suitable)
ERROR: Shader Custom/CutoutOverlay shader is not supported on this GPU (none of subshaders/fallbacks are suitable)
ERROR: Shader Custom/CutoutOverlay shader is not supported on this GPU (none of subshaders/fallbacks are suitable)
ERROR: Shader Custom/TerrainEdge shader is not supported on this GPU (none of subshaders/fallbacks are suitable)
ERROR: Shader Custom/Transparent shader is not supported on this GPU (none of subshaders/fallbacks are suitable)
ERROR: Shader Custom/Transparent post light shader is not supported on this GPU (none of subshaders/fallbacks are suitable)
ERROR: Shader Custom/Plant transparent shader is not supported on this GPU (none of subshaders/fallbacks are suitable)
ERROR: Shader Custom/Mote shader is not supported on this GPU (none of subshaders/fallbacks are suitable)
ERROR: Shader Custom/Mote Pulse shader is not supported on this GPU (none of subshaders/fallbacks are suitable)
ERROR: Shader Custom/Mote glow shader is not supported on this GPU (none of subshaders/fallbacks are suitable)
ERROR: Shader Custom/Mote glow pulse shader is not supported on this GPU (none of subshaders/fallbacks are suitable)
ERROR: Shader Custom/WaterDepth shader is not supported on this GPU (none of subshaders/fallbacks are suitable)
ERROR: Shader Custom/Mote glow distorted shader is not supported on this GPU (none of subshaders/fallbacks are suitable)
ERROR: Shader Custom/Mote glow distort background shader is not supported on this GPU (none of subshaders/fallbacks are suitable)
ERROR: Shader Custom/Mote proximity scanner radius shader is not supported on this GPU (none of subshaders/fallbacks are suitable)
ERROR: Shader Custom/Gas rotating shader is not supported on this GPU (none of subshaders/fallbacks are suitable)
ERROR: Shader Custom/Terrain hard shader is not supported on this GPU (none of subshaders/fallbacks are suitable)
ERROR: Shader Custom/Terrain fade shader is not supported on this GPU (none of subshaders/fallbacks are suitable)
ERROR: Shader Custom/Terrain fade rough shader is not supported on this GPU (none of subshaders/fallbacks are suitable)
ERROR: Shader Custom/Terrain water shader is not supported on this GPU (none of subshaders/fallbacks are suitable)
ERROR: Shader Custom/Terrain hard Linear burn shader is not supported on this GPU (none of subshaders/fallbacks are suitable)
ERROR: Shader Custom/Terrain fade Linear burn shader is not supported on this GPU (none of subshaders/fallbacks are suitable)
ERROR: Shader Custom/Terrain fade rough Linear burn shader is not supported on this GPU (none of subshaders/fallbacks are suitable)
ERROR: Shader Custom/Pollution Cloud shader is not supported on this GPU (none of subshaders/fallbacks are suitable)
ERROR: Shader Custom/MapEdgeTerrain shader is not supported on this GPU (none of subshaders/fallbacks are suitable)
ERROR: Shader Unlit/Texture shader is not supported on this GPU (none of subshaders/fallbacks are suitable)
WARNING: Shader Unsupported: 'Custom/WorldTerrain' - All subshaders removed
WARNING: Shader Did you use #pragma only_renderers and omit this platform?
WARNING: Shader If subshaders removal was intentional, you may have forgotten turning Fallback off?
ERROR: Shader Custom/WorldTerrain shader is not supported on this GPU (none of subshaders/fallbacks are suitable)
WARNING: Shader Unsupported: 'Custom/WorldTerrain' - All subshaders removed
WARNING: Shader Did you use #pragma only_renderers and omit this platform?
WARNING: Shader If subshaders removal was intentional, you may have forgotten turning Fallback off?
WARNING: Shader Unsupported: 'Custom/WorldOcean' - All subshaders removed
WARNING: Shader Did you use #pragma only_renderers and omit this platform?
WARNING: Shader If subshaders removal was intentional, you may have forgotten turning Fallback off?
ERROR: Shader Custom/WorldOcean shader is not supported on this GPU (none of subshaders/fallbacks are suitable)
WARNING: Shader Unsupported: 'Custom/WorldOcean' - All subshaders removed
WARNING: Shader Did you use #pragma only_renderers and omit this platform?
WARNING: Shader If subshaders removal was intentional, you may have forgotten turning Fallback off?
ERROR: Shader Custom/WorldOverlayCutout shader is not supported on this GPU (none of subshaders/fallbacks are suitable)
ERROR: Shader Custom/WorldOverlayTransparent shader is not supported on this GPU (none of subshaders/fallbacks are suitable)
WARNING: Shader Unsupported: 'Custom/WorldOverlayTransparentLit' - All subshaders removed
WARNING: Shader Did you use #pragma only_renderers and omit this platform?
WARNING: Shader If subshaders removal was intentional, you may have forgotten turning Fallback off?
ERROR: Shader Custom/WorldOverlayTransparentLit shader is not supported on this GPU (none of subshaders/fallbacks are suitable)
WARNING: Shader Unsupported: 'Custom/WorldOverlayTransparentLit' - All subshaders removed
WARNING: Shader Did you use #pragma only_renderers and omit this platform?
WARNING: Shader If subshaders removal was intentional, you may have forgotten turning Fallback off?
WARNING: Shader Unsupported: 'Custom/WorldOverlayTransparentLitPollution' - All subshaders removed
WARNING: Shader Did you use #pragma only_renderers and omit this platform?
WARNING: Shader If subshaders removal was intentional, you may have forgotten turning Fallback off?
ERROR: Shader Custom/WorldOverlayTransparentLitPollution shader is not supported on this GPU (none of subshaders/fallbacks are suitable)
WARNING: Shader Unsupported: 'Custom/WorldOverlayTransparentLitPollution' - All subshaders removed
WARNING: Shader Did you use #pragma only_renderers and omit this platform?
WARNING: Shader If subshaders removal was intentional, you may have forgotten turning Fallback off?
ERROR: Shader Custom/WorldOverlayAdditive shader is not supported on this GPU (none of subshaders/fallbacks are suitable)
ERROR: Shader Custom/WorldOverlayAdditiveTwoSided shader is not supported on this GPU (none of subshaders/fallbacks are suitable)
ERROR: Shader Custom/PlanetGlow shader is not supported on this GPU (none of subshaders/fallbacks are suitable)
WARNING: Shader Unsupported: 'Custom/Clouds' - All subshaders removed
WARNING: Shader Did you use #pragma only_renderers and omit this platform?
WARNING: Shader If subshaders removal was intentional, you may have forgotten turning Fallback off?
ERROR: Shader Custom/Clouds shader is not supported on this GPU (none of subshaders/fallbacks are suitable)
WARNING: Shader Unsupported: 'Custom/Clouds' - All subshaders removed
WARNING: Shader Did you use #pragma only_renderers and omit this platform?
WARNING: Shader If subshaders removal was intentional, you may have forgotten turning Fallback off?
ERROR: Shader Custom/MetaOverlay shader is not supported on this GPU (none of subshaders/fallbacks are suitable)
ERROR: Shader Unlit/MetaOverlayDesaturated shader is not supported on this GPU (none of subshaders/fallbacks are suitable)
ERROR: Shader Custom/Solid Color shader is not supported on this GPU (none of subshaders/fallbacks are suitable)
ERROR: Shader Custom/Solid Color Behind shader is not supported on this GPU (none of subshaders/fallbacks are suitable)
ERROR: Shader Custom/Vertex Color shader is not supported on this GPU (none of subshaders/fallbacks are suitable)
ERROR: Shader Custom/RitualStencil shader is not supported on this GPU (none of subshaders/fallbacks are suitable)
ERROR: Shader Custom/Invisible shader is not supported on this GPU (none of subshaders/fallbacks are suitable)
ERROR: Shader Custom/Silhouette shader is not supported on this GPU (none of subshaders/fallbacks are suitable)
ERROR: Shader Custom/Metalblood shader is not supported on this GPU (none of subshaders/fallbacks are suitable)
ERROR: Shader Custom/CaveExitRope shader is not supported on this GPU (none of subshaders/fallbacks are suitable)
ERROR: Shader Custom/BioferriteHarvester shader is not supported on this GPU (none of subshaders/fallbacks are suitable)
ERROR: Shader Custom/Gravship mask (texture masked) shader is not supported on this GPU (none of subshaders/fallbacks are suitable)
ERROR: Shader Custom/Indoor mask (texture masked) shader is not supported on this GPU (none of subshaders/fallbacks are suitable)
ERROR: Shader Custom/Indoor mask shader is not supported on this GPU (none of subshaders/fallbacks are suitable)
ERROR: Shader Custom/Gravship mask shader is not supported on this GPU (none of subshaders/fallbacks are suitable)
ERROR: Shader Custom/Vacuum overlay indoors shader is not supported on this GPU (none of subshaders/fallbacks are suitable)
ERROR: Shader Custom/Vacuum overlay particles shader is not supported on this GPU (none of subshaders/fallbacks are suitable)
ERROR: Shader Custom/Light overlay shader is not supported on this GPU (none of subshaders/fallbacks are suitable)
ERROR: Shader Custom/Sun shadow shader is not supported on this GPU (none of subshaders/fallbacks are suitable)
ERROR: Shader Custom/Sun shadow fade shader is not supported on this GPU (none of subshaders/fallbacks are suitable)
ERROR: Shader Custom/Edge shadow shader is not supported on this GPU (none of subshaders/fallbacks are suitable)
ERROR: Shader Custom/Shadow mask shader is not supported on this GPU (none of subshaders/fallbacks are suitable)
ERROR: Shader Custom/Roofed outdoor mask shader is not supported on this GPU (none of subshaders/fallbacks are suitable)
ERROR: Shader Custom/Fog of war shader is not supported on this GPU (none of subshaders/fallbacks are suitable)
ERROR: Shader Custom/Darkness shader is not supported on this GPU (none of subshaders/fallbacks are suitable)
ERROR: Shader Custom/Snow shader is not supported on this GPU (none of subshaders/fallbacks are suitable)
ERROR: Shader Custom/Bioluminescent spore overlay shader is not supported on this GPU (none of subshaders/fallbacks are suitable)
ERROR: Shader Custom/Rain overlay shader is not supported on this GPU (none of subshaders/fallbacks are suitable)
ERROR: Shader Custom/Unlit additive shader is not supported on this GPU (none of subshaders/fallbacks are suitable)
ERROR: Shader Custom/Fog overlay shader is not supported on this GPU (none of subshaders/fallbacks are suitable)
ERROR: Shader Custom/Moving shades overlay shader is not supported on this GPU (none of subshaders/fallbacks are suitable)
ERROR: Shader Custom/Gravship blit shader is not supported on this GPU (none of subshaders/fallbacks are suitable)
ERROR: Shader Legacy Shaders/VertexLit shader is not supported on this GPU (none of subshaders/fallbacks are suitable)
WARNING: Shader Unsupported: 'Standard' - All subshaders removed
WARNING: Shader Did you use #pragma only_renderers and omit this platform?
WARNING: Shader If subshaders removal was intentional, you may have forgotten turning Fallback off?
ERROR: Shader Standard shader is not supported on this GPU (none of subshaders/fallbacks are suitable)
WARNING: Shader Unsupported: 'Standard' - All subshaders removed
WARNING: Shader Did you use #pragma only_renderers and omit this platform?
WARNING: Shader If subshaders removal was intentional, you may have forgotten turning Fallback off?
ERROR: Shader Custom/Gravship chroma key shader is not supported on this GPU (none of subshaders/fallbacks are suitable)
ERROR: Shader Custom/Gravship shader is not supported on this GPU (none of subshaders/fallbacks are suitable)
ERROR: Shader Custom/Gravship shadow shader is not supported on this GPU (none of subshaders/fallbacks are suitable)
ERROR: Shader Custom/Gravship downwash shader is not supported on this GPU (none of subshaders/fallbacks are suitable)
ERROR: Shader Custom/Gravship distortion shader is not supported on this GPU (none of subshaders/fallbacks are suitable)
ERROR: Shader Custom/Gravship lens flare shader is not supported on this GPU (none of subshaders/fallbacks are suitable)
ERROR: Shader Custom/Mote glow flicker shader is not supported on this GPU (none of subshaders/fallbacks are suitable)
ERROR: Shader Custom/TerrainCurtain shader is not supported on this GPU (none of subshaders/fallbacks are suitable)
ERROR: Shader TextMeshPro/Mobile/Distance Field shader is not supported on this GPU (none of subshaders/fallbacks are suitable)
WARNING: Shader Unsupported: 'Custom/WorldIce' - All subshaders removed
WARNING: Shader Did you use #pragma only_renderers and omit this platform?
WARNING: Shader If subshaders removal was intentional, you may have forgotten turning Fallback off?
ERROR: Shader Custom/WorldIce shader is not supported on this GPU (none of subshaders/fallbacks are suitable)
WARNING: Shader Unsupported: 'Custom/WorldIce' - All subshaders removed
WARNING: Shader Did you use #pragma only_renderers and omit this platform?
WARNING: Shader If subshaders removal was intentional, you may have forgotten turning Fallback off?
WARNING: Shader Unsupported: 'Custom/UngeneratedPlanetParts' - All subshaders removed
WARNING: Shader Did you use #pragma only_renderers and omit this platform?
WARNING: Shader If subshaders removal was intentional, you may have forgotten turning Fallback off?
ERROR: Shader Custom/UngeneratedPlanetParts shader is not supported on this GPU (none of subshaders/fallbacks are suitable)
WARNING: Shader Unsupported: 'Custom/UngeneratedPlanetParts' - All subshaders removed
WARNING: Shader Did you use #pragma only_renderers and omit this platform?
WARNING: Shader If subshaders removal was intentional, you may have forgotten turning Fallback off?
WARNING: Shader Unsupported: 'Custom/Rivers' - All subshaders removed
WARNING: Shader Did you use #pragma only_renderers and omit this platform?
WARNING: Shader If subshaders removal was intentional, you may have forgotten turning Fallback off?
ERROR: Shader Custom/Rivers shader is not supported on this GPU (none of subshaders/fallbacks are suitable)
WARNING: Shader Unsupported: 'Custom/Rivers' - All subshaders removed
WARNING: Shader Did you use #pragma only_renderers and omit this platform?
WARNING: Shader If subshaders removal was intentional, you may have forgotten turning Fallback off?
WARNING: Shader Unsupported: 'Custom/Roads' - All subshaders removed
WARNING: Shader Did you use #pragma only_renderers and omit this platform?
WARNING: Shader If subshaders removal was intentional, you may have forgotten turning Fallback off?
ERROR: Shader Custom/Roads shader is not supported on this GPU (none of subshaders/fallbacks are suitable)
WARNING: Shader Unsupported: 'Custom/Roads' - All subshaders removed
WARNING: Shader Did you use #pragma only_renderers and omit this platform?
WARNING: Shader If subshaders removal was intentional, you may have forgotten turning Fallback off?
ERROR: Shader Custom/Stars shader is not supported on this GPU (none of subshaders/fallbacks are suitable)
ERROR: Shader Custom/Sun shader is not supported on this GPU (none of subshaders/fallbacks are suitable)
WARNING: Shader Unsupported: 'Custom/WorldVertexColor' - All subshaders removed
WARNING: Shader Did you use #pragma only_renderers and omit this platform?
WARNING: Shader If subshaders removal was intentional, you may have forgotten turning Fallback off?
ERROR: Shader Custom/WorldVertexColor shader is not supported on this GPU (none of subshaders/fallbacks are suitable)
WARNING: Shader Unsupported: 'Custom/WorldVertexColor' - All subshaders removed
WARNING: Shader Did you use #pragma only_renderers and omit this platform?
WARNING: Shader If subshaders removal was intentional, you may have forgotten turning Fallback off?
WARNING: Shader Unsupported: 'Custom/WorldVertexColorTransparent' - All subshaders removed
WARNING: Shader Did you use #pragma only_renderers and omit this platform?
WARNING: Shader If subshaders removal was intentional, you may have forgotten turning Fallback off?
ERROR: Shader Custom/WorldVertexColorTransparent shader is not supported on this GPU (none of subshaders/fallbacks are suitable)
WARNING: Shader Unsupported: 'Custom/WorldVertexColorTransparent' - All subshaders removed
WARNING: Shader Did you use #pragma only_renderers and omit this platform?
WARNING: Shader If subshaders removal was intentional, you may have forgotten turning Fallback off?
Mod Draconis Koelime Fix dependency (Draconis.Koelime) needs to have <downloadUrl> and/or <steamWorkshopUrl> specified.
Mod Draconis Koelime Fix dependency (brrainz.harmony) needs to have <downloadUrl> and/or <steamWorkshopUrl> specified.
Mod World Domination dependency (vanillaexpanded.outposts) needs to have <downloadUrl> and/or <steamWorkshopUrl> specified.
Mod World Domination dependency (oskarpotocki.vanillafactionsexpanded.core) needs to have <downloadUrl> and/or <steamWorkshopUrl> specified.
Mod World Domination dependency (brrainz.harmony) needs to have <downloadUrl> and/or <steamWorkshopUrl> specified.
Mod Paniel: The Hidden Protocol dependency (kalospacer.AhnDemi.PanieltheAutomata) needs to have <downloadUrl> and/or <steamWorkshopUrl> specified.
Mod Yuran Furshaved Continue has a dependency (RooAndGloomy.YuranRaceMod) with empty display name.
Mod Yuran Furshaved Continue dependency (RooAndGloomy.YuranRaceMod) needs to have <downloadUrl> and/or <steamWorkshopUrl> specified.
Mod Roren Facial Animation dependency (Po210.RorenRaceModOfficial) needs to have <downloadUrl> and/or <steamWorkshopUrl> specified.
Mod Ratkin Gene Expanded dependency (EoralMilk.PawnTextureOffsetAdjuster) needs to have <downloadUrl> and/or <steamWorkshopUrl> specified.
Mod Taste of Vanilla - The Alpha Mythology dependency (sarg.magicalmenagerie) needs to have <downloadUrl> and/or <steamWorkshopUrl> specified.
Tried loading mod with the same packageId multiple times: Owlchemist.MidSaverSaver. Ignoring the duplicates.
G:\SteamLibrary\steamapps\workshop\content\294100\2921585989
G:\SteamLibrary\steamapps\workshop\content\294100\3261311100
Fallback handler could not load library C:/Users/choco/Documents/Codex/2026-09-13/new-chat-2/work/mapgenai-headless-runtime/RimWorldWin64_Data/MonoBleedingEdge/data-0000025EE4135010.dll
Fallback handler could not load library C:/Users/choco/Documents/Codex/2026-09-13/new-chat-2/work/mapgenai-headless-runtime/RimWorldWin64_Data/MonoBleedingEdge/data-0000025EE43600A0.dll
Fallback handler could not load library C:/Users/choco/Documents/Codex/2026-09-13/new-chat-2/work/mapgenai-headless-runtime/RimWorldWin64_Data/MonoBleedingEdge/data-0000025EE72EC020.dll
Could not execute post-long-event action. Exception: System.NullReferenceException: Object reference not set to an instance of an object
[Ref 6DF9E34F]
  at Verse.GlobalTextureAtlasManager.TryInsertStatic (Verse.TextureAtlasGroup group, UnityEngine.Texture2D texture, UnityEngine.Texture2D mask) [0x00000] in <61e4173561894da49d210260257b5097>:0 
  at Verse.Graphic_Single.TryInsertIntoAtlas (Verse.TextureAtlasGroup groupKey) [0x00036] in <61e4173561894da49d210260257b5097>:0 
  at Verse.Graphic_Collection.TryInsertIntoAtlas (Verse.TextureAtlasGroup groupKey) [0x0000b] in <61e4173561894da49d210260257b5097>:0 
  at Verse.ThingDef.<PostLoad>b__398_0 () [0x00046] in <61e4173561894da49d210260257b5097>:0 
  at Verse.LongEventHandler.ExecuteToExecuteWhenFinished () [0x0007c] in <61e4173561894da49d210260257b5097>:0 
Could not execute post-long-event action. Exception: System.NullReferenceException: Object reference not set to an instance of an object
[Ref 4C8582E7]
  at Verse.GlobalTextureAtlasManager.TryInsertStatic (Verse.TextureAtlasGroup group, UnityEngine.Texture2D texture, UnityEngine.Texture2D mask) [0x00000] in <61e4173561894da49d210260257b5097>:0 
  at Verse.Graphic_Single.TryInsertIntoAtlas (Verse.TextureAtlasGroup groupKey) [0x00036] in <61e4173561894da49d210260257b5097>:0 
  at Verse.ThingDef.<PostLoad>b__398_0 () [0x00046] in <61e4173561894da49d210260257b5097>:0 
  at Verse.LongEventHandler.ExecuteToExecuteWhenFinished () [0x0007c] in <61e4173561894da49d210260257b5097>:0 
Could not execute post-long-event action. Exception: System.NullReferenceException: Object reference not set to an instance of an object
[Ref 6DF9E34F] Duplicate stacktrace, see ref for original
Could not execute post-long-event action. Exception: System.NullReferenceException: Object reference not set to an instance of an object
[Ref 6DF9E34F] Duplicate stacktrace, see ref for original
Could not execute post-long-event action. Exception: System.NullReferenceException: Object reference not set to an instance of an object
[Ref 6DF9E34F] Duplicate stacktrace, see ref for original
Could not execute post-long-event action. Exception: System.NullReferenceException: Object reference not set to an instance of an object
[Ref 6DF9E34F] Duplicate stacktrace, see ref for original
Could not execute post-long-event action. Exception: System.NullReferenceException: Object reference not set to an instance of an object
[Ref 6DF9E34F] Duplicate stacktrace, see ref for original
Could not execute post-long-event action. Exception: System.NullReferenceException: Object reference not set to an instance of an object
[Ref 6DF9E34F] Duplicate stacktrace, see ref for original
Could not execute post-long-event action. Exception: System.NullReferenceException: Object reference not set to an instance of an object
[Ref 6DF9E34F] Duplicate stacktrace, see ref for original
Could not execute post-long-event action. Exception: System.NullReferenceException: Object reference not set to an instance of an object
[Ref 6DF9E34F] Duplicate stacktrace, see ref for original
Could not execute post-long-event action. Exception: System.NullReferenceException: Object reference not set to an instance of an object
[Ref 6DF9E34F] Duplicate stacktrace, see ref for original
ERROR: Shader Custom/Mote psychic condition causer shader is not supported on this GPU (none of subshaders/fallbacks are suitable)
ERROR: Shader Custom/Multiply Add Scroll Pawn shader is not supported on this GPU (none of subshaders/fallbacks are suitable)
ERROR: Shader Custom/Multiply Add Scroll Circular Grayscale shader is not supported on this GPU (none of subshaders/fallbacks are suitable)
ERROR: Shader Custom/GlowAnimated shader is not supported on this GPU (none of subshaders/fallbacks are suitable)
ERROR: Shader Custom/Mote glow distort background shader is not supported on this GPU (none of subshaders/fallbacks are suitable)
ERROR: Shader Custom/Mote Psychic Warmup Neuroquake shader is not supported on this GPU (none of subshaders/fallbacks are suitable)
ERROR: Shader Custom/Multiply Scroll Circular Grayscale shader is not supported on this GPU (none of subshaders/fallbacks are suitable)
Could not execute post-long-event action. Exception: System.NullReferenceException: Object reference not set to an instance of an object
[Ref 4C8582E7] Duplicate stacktrace, see ref for original
ERROR: Shader Custom/Terrain fade rough Soft light shader is not supported on this GPU (none of subshaders/fallbacks are suitable)
ERROR: Shader Custom/Terrain fade rough Linear add shader is not supported on this GPU (none of subshaders/fallbacks are suitable)
ERROR: Shader Custom/Water depth shader is not supported on this GPU (none of subshaders/fallbacks are suitable)
ERROR: Shader Custom/Terrain water polluted shader is not supported on this GPU (none of subshaders/fallbacks are suitable)
Could not execute post-long-event action. Exception: System.NullReferenceException: Object reference not set to an instance of an object
[Ref 6DF9E34F] Duplicate stacktrace, see ref for original
Could not execute post-long-event action. Exception: System.NullReferenceException: Object reference not set to an instance of an object
[Ref 6DF9E34F] Duplicate stacktrace, see ref for original
Could not execute post-long-event action. Exception: System.NullReferenceException: Object reference not set to an instance of an object
[Ref 4C8582E7] Duplicate stacktrace, see ref for original
Could not execute post-long-event action. Exception: System.NullReferenceException: Object reference not set to an instance of an object
[Ref CF2FF030]
  at Verse.GlobalTextureAtlasManager.TryInsertStatic (Verse.TextureAtlasGroup group, UnityEngine.Texture2D texture, UnityEngine.Texture2D mask) [0x00000] in <61e4173561894da49d210260257b5097>:0 
  at Verse.Graphic_Multi.TryInsertIntoAtlas (Verse.TextureAtlasGroup groupKey) [0x00036] in <61e4173561894da49d210260257b5097>:0 
  at Verse.ThingDef.<PostLoad>b__398_0 () [0x00046] in <61e4173561894da49d210260257b5097>:0 
  at Verse.LongEventHandler.ExecuteToExecuteWhenFinished () [0x0007c] in <61e4173561894da49d210260257b5097>:0 
Could not execute post-long-event action. Exception: System.NullReferenceException: Object reference not set to an instance of an object
[Ref 6DF9E34F] Duplicate stacktrace, see ref for original
Could not execute post-long-event action. Exception: System.NullReferenceException: Object reference not set to an instance of an object
[Ref 4C8582E7] Duplicate stacktrace, see ref for original
Could not execute post-long-event action. Exception: System.NullReferenceException: Object reference not set to an instance of an object
[Ref CF2FF030] Duplicate stacktrace, see ref for original
Could not execute post-long-event action. Exception: System.NullReferenceException: Object reference not set to an instance of an object
[Ref 6DF9E34F] Duplicate stacktrace, see ref for original
Could not execute post-long-event action. Exception: System.NullReferenceException: Object reference not set to an instance of an object
[Ref CF2FF030] Duplicate stacktrace, see ref for original
Could not execute post-long-event action. Exception: System.NullReferenceException: Object reference not set to an instance of an object
[Ref 4C8582E7] Duplicate stacktrace, see ref for original
Could not execute post-long-event action. Exception: System.NullReferenceException: Object reference not set to an instance of an object
[Ref 4C8582E7] Duplicate stacktrace, see ref for original
Could not execute post-long-event action. Exception: System.NullReferenceException: Object reference not set to an instance of an object
[Ref 4C8582E7] Duplicate stacktrace, see ref for original
Could not execute post-long-event action. Exception: System.NullReferenceException: Object reference not set to an instance of an object
[Ref CF2FF030] Duplicate stacktrace, see ref for original
Could not execute post-long-event action. Exception: System.NullReferenceException: Object reference not set to an instance of an object
[Ref CF2FF030] Duplicate stacktrace, see ref for original
Could not execute post-long-event action. Exception: System.NullReferenceException: Object reference not set to an instance of an object
[Ref CF2FF030] Duplicate stacktrace, see ref for original
Could not execute post-long-event action. Exception: System.NullReferenceException: Object reference not set to an instance of an object
[Ref CF2FF030] Duplicate stacktrace, see ref for original
Could not execute post-long-event action. Exception: System.NullReferenceException: Object reference not set to an instance of an object
[Ref 6DF9E34F] Duplicate stacktrace, see ref for original
Could not execute post-long-event action. Exception: System.NullReferenceException: Object reference not set to an instance of an object
[Ref CF2FF030] Duplicate stacktrace, see ref for original
Could not execute post-long-event action. Exception: System.NullReferenceException: Object reference not set to an instance of an object
[Ref CF2FF030] Duplicate stacktrace, see ref for original
Could not execute post-long-event action. Exception: System.NullReferenceException: Object reference not set to an instance of an object
[Ref 6DF9E34F] Duplicate stacktrace, see ref for original
Could not execute post-long-event action. Exception: System.NullReferenceException: Object reference not set to an instance of an object
[Ref 6DF9E34F] Duplicate stacktrace, see ref for original
Could not execute post-long-event action. Exception: System.NullReferenceException: Object reference not set to an instance of an object
[Ref CF2FF030] Duplicate stacktrace, see ref for original
Could not execute post-long-event action. Exception: System.NullReferenceException: Object reference not set to an instance of an object
[Ref CF2FF030] Duplicate stacktrace, see ref for original
Could not execute post-long-event action. Exception: System.NullReferenceException: Object reference not set to an instance of an object
[Ref 4C8582E7] Duplicate stacktrace, see ref for original
Could not execute post-long-event action. Exception: System.NullReferenceException: Object reference not set to an instance of an object
[Ref CF2FF030] Duplicate stacktrace, see ref for original
Could not execute post-long-event action. Exception: System.NullReferenceException: Object reference not set to an instance of an object
[Ref CF2FF030] Duplicate stacktrace, see ref for original
Could not execute post-long-event action. Exception: System.NullReferenceException: Object reference not set to an instance of an object
[Ref 6DF9E34F] Duplicate stacktrace, see ref for original
Could not execute post-long-event action. Exception: System.NullReferenceException: Object reference not set to an instance of an object
[Ref CF2FF030] Duplicate stacktrace, see ref for original
Could not execute post-long-event action. Exception: System.NullReferenceException: Object reference not set to an instance of an object
[Ref CF2FF030] Duplicate stacktrace, see ref for original
Could not execute post-long-event action. Exception: System.NullReferenceException: Object reference not set to an instance of an object
[Ref 6DF9E34F] Duplicate stacktrace, see ref for original
Could not execute post-long-event action. Exception: System.NullReferenceException: Object reference not set to an instance of an object
[Ref 6DF9E34F] Duplicate stacktrace, see ref for original
Could not execute post-long-event action. Exception: System.NullReferenceException: Object reference not set to an instance of an object
[Ref 6DF9E34F] Duplicate stacktrace, see ref for original
Could not execute post-long-event action. Exception: System.NullReferenceException: Object reference not set to an instance of an object
[Ref CF2FF030] Duplicate stacktrace, see ref for original
Could not execute post-long-event action. Exception: System.NullReferenceException: Object reference not set to an instance of an object
[Ref 4C8582E7] Duplicate stacktrace, see ref for original
Could not execute post-long-event action. Exception: System.NullReferenceException: Object reference not set to an instance of an object
[Ref 4C8582E7] Duplicate stacktrace, see ref for original
Could not execute post-long-event action. Exception: System.NullReferenceException: Object reference not set to an instance of an object
[Ref 4C8582E7] Duplicate stacktrace, see ref for original
Could not execute post-long-event action. Exception: System.NullReferenceException: Object reference not set to an instance of an object
[Ref CF2FF030] Duplicate stacktrace, see ref for original
Could not execute post-long-event action. Exception: System.NullReferenceException: Object reference not set to an instance of an object
[Ref 4C8582E7] Duplicate stacktrace, see ref for original
Could not execute post-long-event action. Exception: System.NullReferenceException: Object reference not set to an instance of an object
[Ref 4C8582E7] Duplicate stacktrace, see ref for original
Could not execute post-long-event action. Exception: System.NullReferenceException: Object reference not set to an instance of an object
[Ref 6DF9E34F] Duplicate stacktrace, see ref for original
Could not execute post-long-event action. Exception: System.NullReferenceException: Object reference not set to an instance of an object
[Ref CF2FF030] Duplicate stacktrace, see ref for original
Could not execute post-long-event action. Exception: System.NullReferenceException: Object reference not set to an instance of an object
[Ref 4C8582E7] Duplicate stacktrace, see ref for original
Could not execute post-long-event action. Exception: System.NullReferenceException: Object reference not set to an instance of an object
[Ref 4C8582E7] Duplicate stacktrace, see ref for original
Could not execute post-long-event action. Exception: System.NullReferenceException: Object reference not set to an instance of an object
[Ref 6DF9E34F] Duplicate stacktrace, see ref for original
Could not execute post-long-event action. Exception: System.NullReferenceException: Object reference not set to an instance of an object
[Ref 6DF9E34F] Duplicate stacktrace, see ref for original
Could not execute post-long-event action. Exception: System.NullReferenceException: Object reference not set to an instance of an object
[Ref 6DF9E34F] Duplicate stacktrace, see ref for original
Could not execute post-long-event action. Exception: System.NullReferenceException: Object reference not set to an instance of an object
[Ref 4C8582E7] Duplicate stacktrace, see ref for original
Could not execute post-long-event action. Exception: System.NullReferenceException: Object reference not set to an instance of an object
[Ref 4C8582E7] Duplicate stacktrace, see ref for original
Could not execute post-long-event action. Exception: System.NullReferenceException: Object reference not set to an instance of an object
[Ref 4C8582E7] Duplicate stacktrace, see ref for original
Could not execute post-long-event action. Exception: System.NullReferenceException: Object reference not set to an instance of an object
[Ref 6DF9E34F] Duplicate stacktrace, see ref for original
Could not execute post-long-event action. Exception: System.NullReferenceException: Object reference not set to an instance of an object
[Ref 4C8582E7] Duplicate stacktrace, see ref for original
Could not execute post-long-event action. Exception: System.NullReferenceException: Object reference not set to an instance of an object
[Ref 6DF9E34F] Duplicate stacktrace, see ref for original
Could not execute post-long-event action. Exception: System.NullReferenceException: Object reference not set to an instance of an object
[Ref 6DF9E34F] Duplicate stacktrace, see ref for original
Could not execute post-long-event action. Exception: System.NullReferenceException: Object reference not set to an instance of an object
[Ref 5D38101A]
  at Verse.GlobalTextureAtlasManager.TryInsertStatic (Verse.TextureAtlasGroup group, UnityEngine.Texture2D texture, UnityEngine.Texture2D mask) [0x00000] in <61e4173561894da49d210260257b5097>:0 
  at Verse.Graphic_Multi.TryInsertIntoAtlas (Verse.TextureAtlasGroup groupKey) [0x00036] in <61e4173561894da49d210260257b5097>:0 
  at Verse.Graphic_Collection.TryInsertIntoAtlas (Verse.TextureAtlasGroup groupKey) [0x0000b] in <61e4173561894da49d210260257b5097>:0 
  at Verse.ThingDef.<PostLoad>b__398_0 () [0x00046] in <61e4173561894da49d210260257b5097>:0 
  at Verse.LongEventHandler.ExecuteToExecuteWhenFinished () [0x0007c] in <61e4173561894da49d210260257b5097>:0 
Could not execute post-long-event action. Exception: System.NullReferenceException: Object reference not set to an instance of an object
[Ref CF2FF030] Duplicate stacktrace, see ref for original
Could not execute post-long-event action. Exception: System.NullReferenceException: Object reference not set to an instance of an object
[Ref CF2FF030] Duplicate stacktrace, see ref for original
Could not execute post-long-event action. Exception: System.NullReferenceException: Object reference not set to an instance of an object
[Ref CF2FF030] Duplicate stacktrace, see ref for original
Could not execute post-long-event action. Exception: System.NullReferenceException: Object reference not set to an instance of an object
[Ref CF2FF030] Duplicate stacktrace, see ref for original
Could not execute post-long-event action. Exception: System.NullReferenceException: Object reference not set to an instance of an object
[Ref 4C8582E7] Duplicate stacktrace, see ref for original
Could not execute post-long-event action. Exception: System.NullReferenceException: Object reference not set to an instance of an object
[Ref CF2FF030] Duplicate stacktrace, see ref for original
Could not execute post-long-event action. Exception: System.NullReferenceException: Object reference not set to an instance of an object
[Ref CF2FF030] Duplicate stacktrace, see ref for original
Could not execute post-long-event action. Exception: System.NullReferenceException: Object reference not set to an instance of an object
[Ref 4C8582E7] Duplicate stacktrace, see ref for original
Could not execute post-long-event action. Exception: System.NullReferenceException: Object reference not set to an instance of an object
[Ref 4C8582E7] Duplicate stacktrace, see ref for original
Could not execute post-long-event action. Exception: System.NullReferenceException: Object reference not set to an instance of an object
[Ref 4C8582E7] Duplicate stacktrace, see ref for original
Could not execute post-long-event action. Exception: System.NullReferenceException: Object reference not set to an instance of an object
[Ref 4C8582E7] Duplicate stacktrace, see ref for original
Could not execute post-long-event action. Exception: System.NullReferenceException: Object reference not set to an instance of an object
[Ref 4C8582E7] Duplicate stacktrace, see ref for original
Could not execute post-long-event action. Exception: System.NullReferenceException: Object reference not set to an instance of an object
[Ref 4C8582E7] Duplicate stacktrace, see ref for original
Could not execute post-long-event action. Exception: System.NullReferenceException: Object reference not set to an instance of an object
[Ref 4C8582E7] Duplicate stacktrace, see ref for original
Could not execute post-long-event action. Exception: System.NullReferenceException: Object reference not set to an instance of an object
[Ref 4C8582E7] Duplicate stacktrace, see ref for original
Could not execute post-long-event action. Exception: System.NullReferenceException: Object reference not set to an instance of an object
[Ref 4C8582E7] Duplicate stacktrace, see ref for original
Could not execute post-long-event action. Exception: System.NullReferenceException: Object reference not set to an instance of an object
[Ref 6DF9E34F] Duplicate stacktrace, see ref for original
Could not execute post-long-event action. Exception: System.NullReferenceException: Object reference not set to an instance of an object
[Ref 6DF9E34F] Duplicate stacktrace, see ref for original
Could not execute post-long-event action. Exception: System.NullReferenceException: Object reference not set to an instance of an object
[Ref 6DF9E34F] Duplicate stacktrace, see ref for original
Could not execute post-long-event action. Exception: System.NullReferenceException: Object reference not set to an instance of an object
[Ref 6DF9E34F] Duplicate stacktrace, see ref for original
Could not execute post-long-event action. Exception: System.NullReferenceException: Object reference not set to an instance of an object
[Ref 6DF9E34F] Duplicate stacktrace, see ref for original
Could not execute post-long-event action. Exception: System.NullReferenceException: Object reference not set to an instance of an object
[Ref 4C8582E7] Duplicate stacktrace, see ref for original
Could not execute post-long-event action. Exception: System.NullReferenceException: Object reference not set to an instance of an object
[Ref 4C8582E7] Duplicate stacktrace, see ref for original
Could not execute post-long-event action. Exception: System.NullReferenceException: Object reference not set to an instance of an object
[Ref 6DF9E34F] Duplicate stacktrace, see ref for original
Could not execute post-long-event action. Exception: System.NullReferenceException: Object reference not set to an instance of an object
[Ref CF2FF030] Duplicate stacktrace, see ref for original
Could not execute post-long-event action. Exception: System.NullReferenceException: Object reference not set to an instance of an object
[Ref CF2FF030] Duplicate stacktrace, see ref for original
Could not execute post-long-event action. Exception: System.NullReferenceException: Object reference not set to an instance of an object
[Ref CF2FF030] Duplicate stacktrace, see ref for original
Could not execute post-long-event action. Exception: System.NullReferenceException: Object reference not set to an instance of an object
[Ref CF2FF030] Duplicate stacktrace, see ref for original
Could not execute post-long-event action. Exception: System.NullReferenceException: Object reference not set to an instance of an object
[Ref CF2FF030] Duplicate stacktrace, see ref for original
Could not execute post-long-event action. Exception: System.NullReferenceException: Object reference not set to an instance of an object
[Ref CF2FF030] Duplicate stacktrace, see ref for original
Could not execute post-long-event action. Exception: System.NullReferenceException: Object reference not set to an instance of an object
[Ref CF2FF030] Duplicate stacktrace, see ref for original
Could not execute post-long-event action. Exception: System.NullReferenceException: Object reference not set to an instance of an object
[Ref CF2FF030] Duplicate stacktrace, see ref for original
Could not execute post-long-event action. Exception: System.NullReferenceException: Object reference not set to an instance of an object
[Ref 4C8582E7] Duplicate stacktrace, see ref for original
Could not execute post-long-event action. Exception: System.NullReferenceException: Object reference not set to an instance of an object
[Ref 4C8582E7] Duplicate stacktrace, see ref for original
Could not execute post-long-event action. Exception: System.NullReferenceException: Object reference not set to an instance of an object
[Ref 4C8582E7] Duplicate stacktrace, see ref for original
Could not execute post-long-event action. Exception: System.NullReferenceException: Object reference not set to an instance of an object
[Ref CF2FF030] Duplicate stacktrace, see ref for original
Could not execute post-long-event action. Exception: System.NullReferenceException: Object reference not set to an instance of an object
[Ref CF2FF030] Duplicate stacktrace, see ref for original
Could not execute post-long-event action. Exception: System.NullReferenceException: Object reference not set to an instance of an object
[Ref CF2FF030] Duplicate stacktrace, see ref for original
Could not execute post-long-event action. Exception: System.NullReferenceException: Object reference not set to an instance of an object
[Ref CF2FF030] Duplicate stacktrace, see ref for original
Could not execute post-long-event action. Exception: System.NullReferenceException: Object reference not set to an instance of an object
[Ref CF2FF030] Duplicate stacktrace, see ref for original
Could not execute post-long-event action. Exception: System.NullReferenceException: Object reference not set to an instance of an object
[Ref CF2FF030] Duplicate stacktrace, see ref for original
Could not execute post-long-event action. Exception: System.NullReferenceException: Object reference not set to an instance of an object
[Ref CF2FF030] Duplicate stacktrace, see ref for original
Could not execute post-long-event action. Exception: System.NullReferenceException: Object reference not set to an instance of an object
[Ref CF2FF030] Duplicate stacktrace, see ref for original
Could not execute post-long-event action. Exception: System.NullReferenceException: Object reference not set to an instance of an object
[Ref CF2FF030] Duplicate stacktrace, see ref for original
Could not execute post-long-event action. Exception: System.NullReferenceException: Object reference not set to an instance of an object
[Ref 4C8582E7] Duplicate stacktrace, see ref for original
Could not execute post-long-event action. Exception: System.NullReferenceException: Object reference not set to an instance of an object
[Ref 4C8582E7] Duplicate stacktrace, see ref for original
Could not execute post-long-event action. Exception: System.NullReferenceException: Object reference not set to an instance of an object
[Ref 4C8582E7] Duplicate stacktrace, see ref for original
Could not execute post-long-event action. Exception: System.NullReferenceException: Object reference not set to an instance of an object
[Ref CF2FF030] Duplicate stacktrace, see ref for original
Could not execute post-long-event action. Exception: System.NullReferenceException: Object reference not set to an instance of an object
[Ref 4C8582E7] Duplicate stacktrace, see ref for original
Could not execute post-long-event action. Exception: System.NullReferenceException: Object reference not set to an instance of an object
[Ref CF2FF030] Duplicate stacktrace, see ref for original
Could not execute post-long-event action. Exception: System.NullReferenceException: Object reference not set to an instance of an object
[Ref CF2FF030] Duplicate stacktrace, see ref for original
Could not execute post-long-event action. Exception: System.NullReferenceException: Object reference not set to an instance of an object
[Ref CF2FF030] Duplicate stacktrace, see ref for original
Could not execute post-long-event action. Exception: System.NullReferenceException: Object reference not set to an instance of an object
[Ref 4C8582E7] Duplicate stacktrace, see ref for original
Could not execute post-long-event action. Exception: System.NullReferenceException: Object reference not set to an instance of an object
[Ref 4C8582E7] Duplicate stacktrace, see ref for original
Could not execute post-long-event action. Exception: System.NullReferenceException: Object reference not set to an instance of an object
[Ref CF2FF030] Duplicate stacktrace, see ref for original
Could not execute post-long-event action. Exception: System.NullReferenceException: Object reference not set to an instance of an object
[Ref 4C8582E7] Duplicate stacktrace, see ref for original
Could not execute post-long-event action. Exception: System.NullReferenceException: Object reference not set to an instance of an object
[Ref 4C8582E7] Duplicate stacktrace, see ref for original
Could not execute post-long-event action. Exception: System.NullReferenceException: Object reference not set to an instance of an object
[Ref CF2FF030] Duplicate stacktrace, see ref for original
Could not execute post-long-event action. Exception: System.NullReferenceException: Object reference not set to an instance of an object
[Ref CF2FF030] Duplicate stacktrace, see ref for original
Could not execute post-long-event action. Exception: System.NullReferenceException: Object reference not set to an instance of an object
[Ref CF2FF030] Duplicate stacktrace, see ref for original
Could not execute post-long-event action. Exception: System.NullReferenceException: Object reference not set to an instance of an object
[Ref CF2FF030] Duplicate stacktrace, see ref for original
Could not execute post-long-event action. Exception: System.NullReferenceException: Object reference not set to an instance of an object
[Ref 4C8582E7] Duplicate stacktrace, see ref for original
Could not execute post-long-event action. Exception: System.NullReferenceException: Object reference not set to an instance of an object
[Ref 4C8582E7] Duplicate stacktrace, see ref for original
Could not execute post-long-event action. Exception: System.NullReferenceException: Object reference not set to an instance of an object
[Ref 4C8582E7] Duplicate stacktrace, see ref for original
Could not execute post-long-event action. Exception: System.NullReferenceException: Object reference not set to an instance of an object
[Ref 4C8582E7] Duplicate stacktrace, see ref for original
Could not execute post-long-event action. Exception: System.NullReferenceException: Object reference not set to an instance of an object
[Ref 4C8582E7] Duplicate stacktrace, see ref for original
Could not execute post-long-event action. Exception: System.NullReferenceException: Object reference not set to an instance of an object
[Ref 1AA79EB2]
  at Verse.GlobalTextureAtlasManager.TryInsertStatic (Verse.TextureAtlasGroup group, UnityEngine.Texture2D texture, UnityEngine.Texture2D mask) [0x00000] in <61e4173561894da49d210260257b5097>:0 
  at Verse.Graphic_Single.TryInsertIntoAtlas (Verse.TextureAtlasGroup groupKey) [0x00036] in <61e4173561894da49d210260257b5097>:0 
  at Verse.Graphic_RandomRotated.TryInsertIntoAtlas (Verse.TextureAtlasGroup group) [0x00000] in <61e4173561894da49d210260257b5097>:0 
  at Verse.ThingDef.<PostLoad>b__398_0 () [0x00046] in <61e4173561894da49d210260257b5097>:0 
  at Verse.LongEventHandler.ExecuteToExecuteWhenFinished () [0x0007c] in <61e4173561894da49d210260257b5097>:0 
Could not execute post-long-event action. Exception: System.NullReferenceException: Object reference not set to an instance of an object
[Ref CF2FF030] Duplicate stacktrace, see ref for original
Could not execute post-long-event action. Exception: System.NullReferenceException: Object reference not set to an instance of an object
[Ref 1AA79EB2] Duplicate stacktrace, see ref for original
Could not execute post-long-event action. Exception: System.NullReferenceException: Object reference not set to an instance of an object
[Ref 4C8582E7] Duplicate stacktrace, see ref for original
Could not execute post-long-event action. Exception: System.NullReferenceException: Object reference not set to an instance of an object
[Ref 4C8582E7] Duplicate stacktrace, see ref for original
Could not execute post-long-event action. Exception: System.NullReferenceException: Object reference not set to an instance of an object
[Ref 4C8582E7] Duplicate stacktrace, see ref for original
Could not execute post-long-event action. Exception: System.NullReferenceException: Object reference not set to an instance of an object
[Ref CF2FF030] Duplicate stacktrace, see ref for original
Could not execute post-long-event action. Exception: System.NullReferenceException: Object reference not set to an instance of an object
[Ref 4C8582E7] Duplicate stacktrace, see ref for original
Could not execute post-long-event action. Exception: System.NullReferenceException: Object reference not set to an instance of an object
[Ref 4C8582E7] Duplicate stacktrace, see ref for original
Could not execute post-long-event action. Exception: System.NullReferenceException: Object reference not set to an instance of an object
[Ref 4C8582E7] Duplicate stacktrace, see ref for original
Could not execute post-long-event action. Exception: System.NullReferenceException: Object reference not set to an instance of an object
[Ref CF2FF030] Duplicate stacktrace, see ref for original
Could not execute post-long-event action. Exception: System.NullReferenceException: Object reference not set to an instance of an object
[Ref CF2FF030] Duplicate stacktrace, see ref for original
Could not execute post-long-event action. Exception: System.NullReferenceException: Object reference not set to an instance of an object
[Ref 4C8582E7] Duplicate stacktrace, see ref for original
Could not execute post-long-event action. Exception: System.NullReferenceException: Object reference not set to an instance of an object
[Ref 4C8582E7] Duplicate stacktrace, see ref for original
Could not execute post-long-event action. Exception: System.NullReferenceException: Object reference not set to an instance of an object
[Ref CF2FF030] Duplicate stacktrace, see ref for original
Could not execute post-long-event action. Exception: System.NullReferenceException: Object reference not set to an instance of an object
[Ref CF2FF030] Duplicate stacktrace, see ref for original
Could not execute post-long-event action. Exception: System.NullReferenceException: Object reference not set to an instance of an object
[Ref CF2FF030] Duplicate stacktrace, see ref for original
Could not execute post-long-event action. Exception: System.NullReferenceException: Object reference not set to an instance of an object
[Ref CF2FF030] Duplicate stacktrace, see ref for original
Could not execute post-long-event action. Exception: System.NullReferenceException: Object reference not set to an instance of an object
[Ref 4C8582E7] Duplicate stacktrace, see ref for original
Could not execute post-long-event action. Exception: System.NullReferenceException: Object reference not set to an instance of an object
[Ref 4C8582E7] Duplicate stacktrace, see ref for original
Could not execute post-long-event action. Exception: System.NullReferenceException: Object reference not set to an instance of an object
[Ref 4C8582E7] Duplicate stacktrace, see ref for original
Could not execute post-long-event action. Exception: System.NullReferenceException: Object reference not set to an instance of an object
[Ref 6DF9E34F] Duplicate stacktrace, see ref for original
Could not execute post-long-event action. Exception: System.NullReferenceException: Object reference not set to an instance of an object
[Ref 4C8582E7] Duplicate stacktrace, see ref for original
Could not execute post-long-event action. Exception: System.NullReferenceException: Object reference not set to an instance of an object
[Ref 4C8582E7] Duplicate stacktrace, see ref for original
Could not execute post-long-event action. Exception: System.NullReferenceException: Object reference not set to an instance of an object
[Ref 6DF9E34F] Duplicate stacktrace, see ref for original
Could not execute post-long-event action. Exception: System.NullReferenceException: Object reference not set to an instance of an object
[Ref 6DF9E34F] Duplicate stacktrace, see ref for original
Could not execute post-long-event action. Exception: System.NullReferenceException: Object reference not set to an instance of an object
[Ref 6DF9E34F] Duplicate stacktrace, see ref for original
Could not execute post-long-event action. Exception: System.NullReferenceException: Object reference not set to an instance of an object
[Ref 4C8582E7] Duplicate stacktrace, see ref for original
Could not execute post-long-event action. Exception: System.NullReferenceException: Object reference not set to an instance of an object
[Ref 4C8582E7] Duplicate stacktrace, see ref for original
Could not execute post-long-event action. Exception: System.NullReferenceException: Object reference not set to an instance of an object
[Ref 4C8582E7] Duplicate stacktrace, see ref for original
Could not execute post-long-event action. Exception: System.NullReferenceException: Object reference not set to an instance of an object
[Ref 4C8582E7] Duplicate stacktrace, see ref for original
Could not execute post-long-event action. Exception: System.NullReferenceException: Object reference not set to an instance of an object
[Ref 6DF9E34F] Duplicate stacktrace, see ref for original
Could not execute post-long-event action. Exception: System.NullReferenceException: Object reference not set to an instance of an object
[Ref 4C8582E7] Duplicate stacktrace, see ref for original
Could not execute post-long-event action. Exception: System.NullReferenceException: Object reference not set to an instance of an object
[Ref 6DF9E34F] Duplicate stacktrace, see ref for original
Could not execute post-long-event action. Exception: System.NullReferenceException: Object reference not set to an instance of an object
[Ref 6DF9E34F] Duplicate stacktrace, see ref for original
Could not execute post-long-event action. Exception: System.NullReferenceException: Object reference not set to an instance of an object
[Ref 6DF9E34F] Duplicate stacktrace, see ref for original
Could not execute post-long-event action. Exception: System.NullReferenceException: Object reference not set to an instance of an object
[Ref 4C8582E7] Duplicate stacktrace, see ref for original
Could not execute post-long-event action. Exception: System.NullReferenceException: Object reference not set to an instance of an object
[Ref 4C8582E7] Duplicate stacktrace, see ref for original
Could not execute post-long-event action. Exception: System.NullReferenceException: Object reference not set to an instance of an object
[Ref 4C8582E7] Duplicate stacktrace, see ref for original
Could not execute post-long-event action. Exception: System.NullReferenceException: Object reference not set to an instance of an object
[Ref CF2FF030] Duplicate stacktrace, see ref for original
Could not execute post-long-event action. Exception: System.NullReferenceException: Object reference not set to an instance of an object
[Ref CF2FF030] Duplicate stacktrace, see ref for original
Could not execute post-long-event action. Exception: System.NullReferenceException: Object reference not set to an instance of an object
[Ref 4C8582E7] Duplicate stacktrace, see ref for original
Could not execute post-long-event action. Exception: System.NullReferenceException: Object reference not set to an instance of an object
[Ref 4C8582E7] Duplicate stacktrace, see ref for original
Could not execute post-long-event action. Exception: System.NullReferenceException: Object reference not set to an instance of an object
[Ref CF2FF030] Duplicate stacktrace, see ref for original
Could not execute post-long-event action. Exception: System.NullReferenceException: Object reference not set to an instance of an object
[Ref 4C8582E7] Duplicate stacktrace, see ref for original
Could not execute post-long-event action. Exception: System.NullReferenceException: Object reference not set to an instance of an object
[Ref 4C8582E7] Duplicate stacktrace, see ref for original
Could not execute post-long-event action. Exception: System.NullReferenceException: Object reference not set to an instance of an object
[Ref CF2FF030] Duplicate stacktrace, see ref for original
Could not execute post-long-event action. Exception: System.NullReferenceException: Object reference not set to an instance of an object
[Ref CF2FF030] Duplicate stacktrace, see ref for original
Could not execute post-long-event action. Exception: System.NullReferenceException: Object reference not set to an instance of an object
[Ref CF2FF030] Duplicate stacktrace, see ref for original
Could not execute post-long-event action. Exception: System.NullReferenceException: Object reference not set to an instance of an object
[Ref CF2FF030] Duplicate stacktrace, see ref for original
Could not execute post-long-event action. Exception: System.NullReferenceException: Object reference not set to an instance of an object
[Ref CF2FF030] Duplicate stacktrace, see ref for original
Could not execute post-long-event action. Exception: System.NullReferenceException: Object reference not set to an instance of an object
[Ref CF2FF030] Duplicate stacktrace, see ref for original
Could not execute post-long-event action. Exception: System.NullReferenceException: Object reference not set to an instance of an object
[Ref CF2FF030] Duplicate stacktrace, see ref for original
Could not execute post-long-event action. Exception: System.NullReferenceException: Object reference not set to an instance of an object
[Ref CF2FF030] Duplicate stacktrace, see ref for original
Could not execute post-long-event action. Exception: System.NullReferenceException: Object reference not set to an instance of an object
[Ref CF2FF030] Duplicate stacktrace, see ref for original
Could not execute post-long-event action. Exception: System.NullReferenceException: Object reference not set to an instance of an object
[Ref CF2FF030] Duplicate stacktrace, see ref for original
Could not execute post-long-event action. Exception: System.NullReferenceException: Object reference not set to an instance of an object
[Ref CF2FF030] Duplicate stacktrace, see ref for original
Could not execute post-long-event action. Exception: System.NullReferenceException: Object reference not set to an instance of an object
[Ref CF2FF030] Duplicate stacktrace, see ref for original
Could not execute post-long-event action. Exception: System.NullReferenceException: Object reference not set to an instance of an object
[Ref CF2FF030] Duplicate stacktrace, see ref for original
Could not execute post-long-event action. Exception: System.NullReferenceException: Object reference not set to an instance of an object
[Ref CF2FF030] Duplicate stacktrace, see ref for original
Could not execute post-long-event action. Exception: System.NullReferenceException: Object reference not set to an instance of an object
[Ref CF2FF030] Duplicate stacktrace, see ref for original
Could not execute post-long-event action. Exception: System.NullReferenceException: Object reference not set to an instance of an object
[Ref CF2FF030] Duplicate stacktrace, see ref for original
Could not execute post-long-event action. Exception: System.NullReferenceException: Object reference not set to an instance of an object
[Ref CF2FF030] Duplicate stacktrace, see ref for original
Could not execute post-long-event action. Exception: System.NullReferenceException: Object reference not set to an instance of an object
[Ref CF2FF030] Duplicate stacktrace, see ref for original
Could not execute post-long-event action. Exception: System.NullReferenceException: Object reference not set to an instance of an object
[Ref CF2FF030] Duplicate stacktrace, see ref for original
Could not execute post-long-event action. Exception: System.NullReferenceException: Object reference not set to an instance of an object
[Ref CF2FF030] Duplicate stacktrace, see ref for original
Could not execute post-long-event action. Exception: System.NullReferenceException: Object reference not set to an instance of an object
[Ref 4C8582E7] Duplicate stacktrace, see ref for original
Could not execute post-long-event action. Exception: System.NullReferenceException: Object reference not set to an instance of an object
[Ref CF2FF030] Duplicate stacktrace, see ref for original
Could not execute post-long-event action. Exception: System.NullReferenceException: Object reference not set to an instance of an object
[Ref CF2FF030] Duplicate stacktrace, see ref for original
Could not execute post-long-event action. Exception: System.NullReferenceException: Object reference not set to an instance of an object
[Ref 4C8582E7] Duplicate stacktrace, see ref for original
Could not execute post-long-event action. Exception: System.NullReferenceException: Object reference not set to an instance of an object
[Ref 4C8582E7] Duplicate stacktrace, see ref for original
Could not execute post-long-event action. Exception: System.NullReferenceException: Object reference not set to an instance of an object
[Ref 4C8582E7] Duplicate stacktrace, see ref for original
Could not execute post-long-event action. Exception: System.NullReferenceException: Object reference not set to an instance of an object
[Ref 4C8582E7] Duplicate stacktrace, see ref for original
Could not execute post-long-event action. Exception: System.NullReferenceException: Object reference not set to an instance of an object
[Ref 4C8582E7] Duplicate stacktrace, see ref for original
Could not execute post-long-event action. Exception: System.NullReferenceException: Object reference not set to an instance of an object
[Ref 4C8582E7] Duplicate stacktrace, see ref for original
Could not execute post-long-event action. Exception: System.NullReferenceException: Object reference not set to an instance of an object
[Ref 4C8582E7] Duplicate stacktrace, see ref for original
Could not execute post-long-event action. Exception: System.NullReferenceException: Object reference not set to an instance of an object
[Ref 4C8582E7] Duplicate stacktrace, see ref for original
Could not execute post-long-event action. Exception: System.NullReferenceException: Object reference not set to an instance of an object
[Ref 4C8582E7] Duplicate stacktrace, see ref for original
Could not execute post-long-event action. Exception: System.NullReferenceException: Object reference not set to an instance of an object
[Ref 4C8582E7] Duplicate stacktrace, see ref for original
Could not execute post-long-event action. Exception: System.NullReferenceException: Object reference not set to an instance of an object
[Ref 4C8582E7] Duplicate stacktrace, see ref for original
Could not execute post-long-event action. Exception: System.NullReferenceException: Object reference not set to an instance of an object
[Ref 4C8582E7] Duplicate stacktrace, see ref for original
Could not execute post-long-event action. Exception: System.NullReferenceException: Object reference not set to an instance of an object
[Ref 4C8582E7] Duplicate stacktrace, see ref for original
Could not execute post-long-event action. Exception: System.NullReferenceException: Object reference not set to an instance of an object
[Ref CF2FF030] Duplicate stacktrace, see ref for original
Could not execute post-long-event action. Exception: System.NullReferenceException: Object reference not set to an instance of an object
[Ref CF2FF030] Duplicate stacktrace, see ref for original
Could not execute post-long-event action. Exception: System.NullReferenceException: Object reference not set to an instance of an object
[Ref CF2FF030] Duplicate stacktrace, see ref for original
Could not execute post-long-event action. Exception: System.NullReferenceException: Object reference not set to an instance of an object
[Ref CF2FF030] Duplicate stacktrace, see ref for original
Could not execute post-long-event action. Exception: System.NullReferenceException: Object reference not set to an instance of an object
[Ref CF2FF030] Duplicate stacktrace, see ref for original
Could not execute post-long-event action. Exception: System.NullReferenceException: Object reference not set to an instance of an object
[Ref 4C8582E7] Duplicate stacktrace, see ref for original
Could not execute post-long-event action. Exception: System.NullReferenceException: Object reference not set to an instance of an object
[Ref CF2FF030] Duplicate stacktrace, see ref for original
Could not execute post-long-event action. Exception: System.NullReferenceException: Object reference not set to an instance of an object
[Ref 4C8582E7] Duplicate stacktrace, see ref for original
Could not execute post-long-event action. Exception: System.NullReferenceException: Object reference not set to an instance of an object
[Ref 4C8582E7] Duplicate stacktrace, see ref for original
Could not execute post-long-event action. Exception: System.NullReferenceException: Object reference not set to an instance of an object
[Ref 4C8582E7] Duplicate stacktrace, see ref for original
Could not execute post-long-event action. Exception: System.NullReferenceException: Object reference not set to an instance of an object
[Ref CF2FF030] Duplicate stacktrace, see ref for original
Could not execute post-long-event action. Exception: System.NullReferenceException: Object reference not set to an instance of an object
[Ref CF2FF030] Duplicate stacktrace, see ref for original
Could not execute post-long-event action. Exception: System.NullReferenceException: Object reference not set to an instance of an object
[Ref 4C8582E7] Duplicate stacktrace, see ref for original
Could not execute post-long-event action. Exception: System.NullReferenceException: Object reference not set to an instance of an object
[Ref 4C8582E7] Duplicate stacktrace, see ref for original
Could not execute post-long-event action. Exception: System.NullReferenceException: Object reference not set to an instance of an object
[Ref 4C8582E7] Duplicate stacktrace, see ref for original
Could not execute post-long-event action. Exception: System.NullReferenceException: Object reference not set to an instance of an object
[Ref 4C8582E7] Duplicate stacktrace, see ref for original
Could not execute post-long-event action. Exception: System.NullReferenceException: Object reference not set to an instance of an object
[Ref 4C8582E7] Duplicate stacktrace, see ref for original
Could not execute post-long-event action. Exception: System.NullReferenceException: Object reference not set to an instance of an object
[Ref 4C8582E7] Duplicate stacktrace, see ref for original
Could not execute post-long-event action. Exception: System.NullReferenceException: Object reference not set to an instance of an object
[Ref 4C8582E7] Duplicate stacktrace, see ref for original
Could not execute post-long-event action. Exception: System.NullReferenceException: Object reference not set to an instance of an object
[Ref 4C8582E7] Duplicate stacktrace, see ref for original
Could not execute post-long-event action. Exception: System.NullReferenceException: Object reference not set to an instance of an object
[Ref 6DF9E34F] Duplicate stacktrace, see ref for original
Could not execute post-long-event action. Exception: System.NullReferenceException: Object reference not set to an instance of an object
[Ref 6DF9E34F] Duplicate stacktrace, see ref for original
Could not execute post-long-event action. Exception: System.NullReferenceException: Object reference not set to an instance of an object
[Ref 6DF9E34F] Duplicate stacktrace, see ref for original
Could not execute post-long-event action. Exception: System.NullReferenceException: Object reference not set to an instance of an object
[Ref 6DF9E34F] Duplicate stacktrace, see ref for original
Could not execute post-long-event action. Exception: System.NullReferenceException: Object reference not set to an instance of an object
[Ref 6DF9E34F] Duplicate stacktrace, see ref for original
Could not execute post-long-event action. Exception: System.NullReferenceException: Object reference not set to an instance of an object
[Ref 6DF9E34F] Duplicate stacktrace, see ref for original
Could not execute post-long-event action. Exception: System.NullReferenceException: Object reference not set to an instance of an object
[Ref 6DF9E34F] Duplicate stacktrace, see ref for original
Could not execute post-long-event action. Exception: System.NullReferenceException: Object reference not set to an instance of an object
[Ref 6DF9E34F] Duplicate stacktrace, see ref for original
Could not execute post-long-event action. Exception: System.NullReferenceException: Object reference not set to an instance of an object
[Ref 6DF9E34F] Duplicate stacktrace, see ref for original
Could not execute post-long-event action. Exception: System.NullReferenceException: Object reference not set to an instance of an object
[Ref 4C8582E7] Duplicate stacktrace, see ref for original
Could not execute post-long-event action. Exception: System.NullReferenceException: Object reference not set to an instance of an object
[Ref 6DF9E34F] Duplicate stacktrace, see ref for original
Could not execute post-long-event action. Exception: System.NullReferenceException: Object reference not set to an instance of an object
[Ref 6DF9E34F] Duplicate stacktrace, see ref for original
Could not execute post-long-event action. Exception: System.NullReferenceException: Object reference not set to an instance of an object
[Ref 4C8582E7] Duplicate stacktrace, see ref for original
Could not execute post-long-event action. Exception: System.NullReferenceException: Object reference not set to an instance of an object
[Ref 6DF9E34F] Duplicate stacktrace, see ref for original
Could not execute post-long-event action. Exception: System.NullReferenceException: Object reference not set to an instance of an object
[Ref 6DF9E34F] Duplicate stacktrace, see ref for original
Could not execute post-long-event action. Exception: System.NullReferenceException: Object reference not set to an instance of an object
[Ref 6DF9E34F] Duplicate stacktrace, see ref for original
Could not execute post-long-event action. Exception: System.NullReferenceException: Object reference not set to an instance of an object
[Ref 6DF9E34F] Duplicate stacktrace, see ref for original
Could not execute post-long-event action. Exception: System.NullReferenceException: Object reference not set to an instance of an object
[Ref 6DF9E34F] Duplicate stacktrace, see ref for original
Could not execute post-long-event action. Exception: System.NullReferenceException: Object reference not set to an instance of an object
[Ref 6DF9E34F] Duplicate stacktrace, see ref for original
Could not execute post-long-event action. Exception: System.NullReferenceException: Object reference not set to an instance of an object
[Ref 6DF9E34F] Duplicate stacktrace, see ref for original
Could not execute post-long-event action. Exception: System.NullReferenceException: Object reference not set to an instance of an object
[Ref 6DF9E34F] Duplicate stacktrace, see ref for original
Could not execute post-long-event action. Exception: System.NullReferenceException: Object reference not set to an instance of an object
[Ref 6DF9E34F] Duplicate stacktrace, see ref for original
Could not execute post-long-event action. Exception: System.NullReferenceException: Object reference not set to an instance of an object
[Ref 6DF9E34F] Duplicate stacktrace, see ref for original
Could not execute post-long-event action. Exception: System.NullReferenceException: Object reference not set to an instance of an object
[Ref 6DF9E34F] Duplicate stacktrace, see ref for original
Could not execute post-long-event action. Exception: System.NullReferenceException: Object reference not set to an instance of an object
[Ref 6DF9E34F] Duplicate stacktrace, see ref for original
Could not execute post-long-event action. Exception: System.NullReferenceException: Object reference not set to an instance of an object
[Ref 6DF9E34F] Duplicate stacktrace, see ref for original
Could not execute post-long-event action. Exception: System.NullReferenceException: Object reference not set to an instance of an object
[Ref 6DF9E34F] Duplicate stacktrace, see ref for original
Could not execute post-long-event action. Exception: System.NullReferenceException: Object reference not set to an instance of an object
[Ref 6DF9E34F] Duplicate stacktrace, see ref for original
Could not execute post-long-event action. Exception: System.NullReferenceException: Object reference not set to an instance of an object
[Ref 6DF9E34F] Duplicate stacktrace, see ref for original
Could not execute post-long-event action. Exception: System.NullReferenceException: Object reference not set to an instance of an object
[Ref 6DF9E34F] Duplicate stacktrace, see ref for original
Could not execute post-long-event action. Exception: System.NullReferenceException: Object reference not set to an instance of an object
[Ref 6DF9E34F] Duplicate stacktrace, see ref for original
Could not execute post-long-event action. Exception: System.NullReferenceException: Object reference not set to an instance of an object
[Ref 6DF9E34F] Duplicate stacktrace, see ref for original
Could not execute post-long-event action. Exception: System.NullReferenceException: Object reference not set to an instance of an object
[Ref 6DF9E34F] Duplicate stacktrace, see ref for original
Could not execute post-long-event action. Exception: System.NullReferenceException: Object reference not set to an instance of an object
[Ref 6DF9E34F] Duplicate stacktrace, see ref for original
Could not execute post-long-event action. Exception: System.NullReferenceException: Object reference not set to an instance of an object
[Ref 6DF9E34F] Duplicate stacktrace, see ref for original
Could not execute post-long-event action. Exception: System.NullReferenceException: Object reference not set to an instance of an object
[Ref 6DF9E34F] Duplicate stacktrace, see ref for original
Could not execute post-long-event action. Exception: System.NullReferenceException: Object reference not set to an instance of an object
[Ref 6DF9E34F] Duplicate stacktrace, see ref for original
Could not execute post-long-event action. Exception: System.NullReferenceException: Object reference not set to an instance of an object
[Ref 6DF9E34F] Duplicate stacktrace, see ref for original
Could not execute post-long-event action. Exception: System.NullReferenceException: Object reference not set to an instance of an object
[Ref 6DF9E34F] Duplicate stacktrace, see ref for original
Could not execute post-long-event action. Exception: System.NullReferenceException: Object reference not set to an instance of an object
[Ref 6DF9E34F] Duplicate stacktrace, see ref for original
Could not execute post-long-event action. Exception: System.NullReferenceException: Object reference not set to an instance of an object
[Ref 6DF9E34F] Duplicate stacktrace, see ref for original
Could not execute post-long-event action. Exception: System.NullReferenceException: Object reference not set to an instance of an object
[Ref 4C8582E7] Duplicate stacktrace, see ref for original
Could not execute post-long-event action. Exception: System.NullReferenceException: Object reference not set to an instance of an object
[Ref 4C8582E7] Duplicate stacktrace, see ref for original
Could not execute post-long-event action. Exception: System.NullReferenceException: Object reference not set to an instance of an object
[Ref 4C8582E7] Duplicate stacktrace, see ref for original
Could not execute post-long-event action. Exception: System.NullReferenceException: Object reference not set to an instance of an object
[Ref 4C8582E7] Duplicate stacktrace, see ref for original
Could not execute post-long-event action. Exception: System.NullReferenceException: Object reference not set to an instance of an object
[Ref 4C8582E7] Duplicate stacktrace, see ref for original
Could not execute post-long-event action. Exception: System.NullReferenceException: Object reference not set to an instance of an object
[Ref 4C8582E7] Duplicate stacktrace, see ref for original
Could not execute post-long-event action. Exception: System.NullReferenceException: Object reference not set to an instance of an object
[Ref 4C8582E7] Duplicate stacktrace, see ref for original
Could not execute post-long-event action. Exception: System.NullReferenceException: Object reference not set to an instance of an object
[Ref 4C8582E7] Duplicate stacktrace, see ref for original
Could not execute post-long-event action. Exception: System.NullReferenceException: Object reference not set to an instance of an object
[Ref 6DF9E34F] Duplicate stacktrace, see ref for original
Could not execute post-long-event action. Exception: System.NullReferenceException: Object reference not set to an instance of an object
[Ref 4C8582E7] Duplicate stacktrace, see ref for original
Could not execute post-long-event action. Exception: System.NullReferenceException: Object reference not set to an instance of an object
[Ref 4C8582E7] Duplicate stacktrace, see ref for original
Could not execute post-long-event action. Exception: System.NullReferenceException: Object reference not set to an instance of an object
[Ref 4C8582E7] Duplicate stacktrace, see ref for original
Could not execute post-long-event action. Exception: System.NullReferenceException: Object reference not set to an instance of an object
[Ref 6DF9E34F] Duplicate stacktrace, see ref for original
Could not execute post-long-event action. Exception: System.NullReferenceException: Object reference not set to an instance of an object
[Ref 6DF9E34F] Duplicate stacktrace, see ref for original
Could not execute post-long-event action. Exception: System.NullReferenceException: Object reference not set to an instance of an object
[Ref 6DF9E34F] Duplicate stacktrace, see ref for original
Could not execute post-long-event action. Exception: System.NullReferenceException: Object reference not set to an instance of an object
[Ref 6DF9E34F] Duplicate stacktrace, see ref for original
Could not execute post-long-event action. Exception: System.NullReferenceException: Object reference not set to an instance of an object
[Ref 6DF9E34F] Duplicate stacktrace, see ref for original
Could not execute post-long-event action. Exception: System.NullReferenceException: Object reference not set to an instance of an object
[Ref 6DF9E34F] Duplicate stacktrace, see ref for original
Could not execute post-long-event action. Exception: System.NullReferenceException: Object reference not set to an instance of an object
[Ref 6DF9E34F] Duplicate stacktrace, see ref for original
Could not execute post-long-event action. Exception: System.NullReferenceException: Object reference not set to an instance of an object
[Ref 6DF9E34F] Duplicate stacktrace, see ref for original
Could not execute post-long-event action. Exception: System.NullReferenceException: Object reference not set to an instance of an object
[Ref 6DF9E34F] Duplicate stacktrace, see ref for original
Could not execute post-long-event action. Exception: System.NullReferenceException: Object reference not set to an instance of an object
[Ref 6DF9E34F] Duplicate stacktrace, see ref for original
Could not execute post-long-event action. Exception: System.NullReferenceException: Object reference not set to an instance of an object
[Ref 6DF9E34F] Duplicate stacktrace, see ref for original
Could not execute post-long-event action. Exception: System.NullReferenceException: Object reference not set to an instance of an object
[Ref 6DF9E34F] Duplicate stacktrace, see ref for original
Could not execute post-long-event action. Exception: System.NullReferenceException: Object reference not set to an instance of an object
[Ref 6DF9E34F] Duplicate stacktrace, see ref for original
Could not execute post-long-event action. Exception: System.NullReferenceException: Object reference not set to an instance of an object
[Ref 6DF9E34F] Duplicate stacktrace, see ref for original
Could not execute post-long-event action. Exception: System.NullReferenceException: Object reference not set to an instance of an object
[Ref 6DF9E34F] Duplicate stacktrace, see ref for original
Could not execute post-long-event action. Exception: System.NullReferenceException: Object reference not set to an instance of an object
[Ref 6DF9E34F] Duplicate stacktrace, see ref for original
Could not execute post-long-event action. Exception: System.NullReferenceException: Object reference not set to an instance of an object
[Ref 6DF9E34F] Duplicate stacktrace, see ref for original
Could not execute post-long-event action. Exception: System.NullReferenceException: Object reference not set to an instance of an object
[Ref 4C8582E7] Duplicate stacktrace, see ref for original
Could not execute post-long-event action. Exception: System.NullReferenceException: Object reference not set to an instance of an object
[Ref 4C8582E7] Duplicate stacktrace, see ref for original
Could not execute post-long-event action. Exception: System.NullReferenceException: Object reference not set to an instance of an object
[Ref 4C8582E7] Duplicate stacktrace, see ref for original
Could not execute post-long-event action. Exception: System.NullReferenceException: Object reference not set to an instance of an object
[Ref 4C8582E7] Duplicate stacktrace, see ref for original
Could not execute post-long-event action. Exception: System.NullReferenceException: Object reference not set to an instance of an object
[Ref 4C8582E7] Duplicate stacktrace, see ref for original
Could not execute post-long-event action. Exception: System.NullReferenceException: Object reference not set to an instance of an object
[Ref 6DF9E34F] Duplicate stacktrace, see ref for original
Could not execute post-long-event action. Exception: System.NullReferenceException: Object reference not set to an instance of an object
[Ref 6DF9E34F] Duplicate stacktrace, see ref for original
Could not execute post-long-event action. Exception: System.NullReferenceException: Object reference not set to an instance of an object
[Ref 6DF9E34F] Duplicate stacktrace, see ref for original
Could not execute post-long-event action. Exception: System.NullReferenceException: Object reference not set to an instance of an object
[Ref 6DF9E34F] Duplicate stacktrace, see ref for original
Could not execute post-long-event action. Exception: System.NullReferenceException: Object reference not set to an instance of an object
[Ref 6DF9E34F] Duplicate stacktrace, see ref for original
Could not execute post-long-event action. Exception: System.NullReferenceException: Object reference not set to an instance of an object
[Ref 6DF9E34F] Duplicate stacktrace, see ref for original
Could not execute post-long-event action. Exception: System.NullReferenceException: Object reference not set to an instance of an object
[Ref 6DF9E34F] Duplicate stacktrace, see ref for original
Could not execute post-long-event action. Exception: System.NullReferenceException: Object reference not set to an instance of an object
[Ref 6DF9E34F] Duplicate stacktrace, see ref for original
Could not execute post-long-event action. Exception: System.NullReferenceException: Object reference not set to an instance of an object
[Ref 6DF9E34F] Duplicate stacktrace, see ref for original
Could not execute post-long-event action. Exception: System.NullReferenceException: Object reference not set to an instance of an object
[Ref 6DF9E34F] Duplicate stacktrace, see ref for original
Could not execute post-long-event action. Exception: System.NullReferenceException: Object reference not set to an instance of an object
[Ref 6DF9E34F] Duplicate stacktrace, see ref for original
Could not execute post-long-event action. Exception: System.NullReferenceException: Object reference not set to an instance of an object
[Ref 6DF9E34F] Duplicate stacktrace, see ref for original
Could not execute post-long-event action. Exception: System.NullReferenceException: Object reference not set to an instance of an object
[Ref 6DF9E34F] Duplicate stacktrace, see ref for original
Could not execute post-long-event action. Exception: System.NullReferenceException: Object reference not set to an instance of an object
[Ref 6DF9E34F] Duplicate stacktrace, see ref for original
Could not execute post-long-event action. Exception: System.NullReferenceException: Object reference not set to an instance of an object
[Ref 6DF9E34F] Duplicate stacktrace, see ref for original
Could not execute post-long-event action. Exception: System.NullReferenceException: Object reference not set to an instance of an object
[Ref 6DF9E34F] Duplicate stacktrace, see ref for original
Could not execute post-long-event action. Exception: System.NullReferenceException: Object reference not set to an instance of an object
[Ref 6DF9E34F] Duplicate stacktrace, see ref for original
Could not execute post-long-event action. Exception: System.NullReferenceException: Object reference not set to an instance of an object
[Ref 6DF9E34F] Duplicate stacktrace, see ref for original
Could not execute post-long-event action. Exception: System.NullReferenceException: Object reference not set to an instance of an object
[Ref 6DF9E34F] Duplicate stacktrace, see ref for original
Could not execute post-long-event action. Exception: System.NullReferenceException: Object reference not set to an instance of an object
[Ref 6DF9E34F] Duplicate stacktrace, see ref for original
Could not execute post-long-event action. Exception: System.NullReferenceException: Object reference not set to an instance of an object
[Ref 4C8582E7] Duplicate stacktrace, see ref for original
Could not execute post-long-event action. Exception: System.NullReferenceException: Object reference not set to an instance of an object
[Ref 4C8582E7] Duplicate stacktrace, see ref for original
Could not execute post-long-event action. Exception: System.NullReferenceException: Object reference not set to an instance of an object
[Ref 4C8582E7] Duplicate stacktrace, see ref for original
Could not execute post-long-event action. Exception: System.NullReferenceException: Object reference not set to an instance of an object
[Ref 4C8582E7] Duplicate stacktrace, see ref for original
Could not execute post-long-event action. Exception: System.NullReferenceException: Object reference not set to an instance of an object
[Ref 4C8582E7] Duplicate stacktrace, see ref for original
Could not execute post-long-event action. Exception: System.NullReferenceException: Object reference not set to an instance of an object
[Ref 4C8582E7] Duplicate stacktrace, see ref for original
Could not execute post-long-event action. Exception: System.NullReferenceException: Object reference not set to an instance of an object
[Ref 4C8582E7] Duplicate stacktrace, see ref for original
Could not execute post-long-event action. Exception: System.NullReferenceException: Object reference not set to an instance of an object
[Ref 4C8582E7] Duplicate stacktrace, see ref for original
Could not execute post-long-event action. Exception: System.NullReferenceException: Object reference not set to an instance of an object
[Ref 4C8582E7] Duplicate stacktrace, see ref for original
Could not execute post-long-event action. Exception: System.NullReferenceException: Object reference not set to an instance of an object
[Ref 4C8582E7] Duplicate stacktrace, see ref for original
Could not execute post-long-event action. Exception: System.NullReferenceException: Object reference not set to an instance of an object
[Ref 4C8582E7] Duplicate stacktrace, see ref for original
Could not execute post-long-event action. Exception: System.NullReferenceException: Object reference not set to an instance of an object
[Ref 4C8582E7] Duplicate stacktrace, see ref for original
Could not execute post-long-event action. Exception: System.NullReferenceException: Object reference not set to an instance of an object
[Ref 4C8582E7] Duplicate stacktrace, see ref for original
Could not execute post-long-event action. Exception: System.NullReferenceException: Object reference not set to an instance of an object
[Ref 1AA79EB2] Duplicate stacktrace, see ref for original
Could not execute post-long-event action. Exception: System.NullReferenceException: Object reference not set to an instance of an object
[Ref 1AA79EB2] Duplicate stacktrace, see ref for original
Could not execute post-long-event action. Exception: System.NullReferenceException: Object reference not set to an instance of an object
[Ref 1AA79EB2] Duplicate stacktrace, see ref for original
Could not execute post-long-event action. Exception: System.NullReferenceException: Object reference not set to an instance of an object
[Ref 1AA79EB2] Duplicate stacktrace, see ref for original
Could not execute post-long-event action. Exception: System.NullReferenceException: Object reference not set to an instance of an object
[Ref 1AA79EB2] Duplicate stacktrace, see ref for original
Could not execute post-long-event action. Exception: System.NullReferenceException: Object reference not set to an instance of an object
[Ref 1AA79EB2] Duplicate stacktrace, see ref for original
Could not execute post-long-event action. Exception: System.NullReferenceException: Object reference not set to an instance of an object
[Ref 1AA79EB2] Duplicate stacktrace, see ref for original
Could not execute post-long-event action. Exception: System.NullReferenceException: Object reference not set to an instance of an object
[Ref 1AA79EB2] Duplicate stacktrace, see ref for original
Could not execute post-long-event action. Exception: System.NullReferenceException: Object reference not set to an instance of an object
[Ref 1AA79EB2] Duplicate stacktrace, see ref for original
Could not execute post-long-event action. Exception: System.NullReferenceException: Object reference not set to an instance of an object
[Ref 1AA79EB2] Duplicate stacktrace, see ref for original
Could not execute post-long-event action. Exception: System.NullReferenceException: Object reference not set to an instance of an object
[Ref 1AA79EB2] Duplicate stacktrace, see ref for original
Could not execute post-long-event action. Exception: System.NullReferenceException: Object reference not set to an instance of an object
[Ref 1AA79EB2] Duplicate stacktrace, see ref for original
Could not execute post-long-event action. Exception: System.NullReferenceException: Object reference not set to an instance of an object
[Ref 1AA79EB2] Duplicate stacktrace, see ref for original
Could not execute post-long-event action. Exception: System.NullReferenceException: Object reference not set to an instance of an object
[Ref 1AA79EB2] Duplicate stacktrace, see ref for original
Could not execute post-long-event action. Exception: System.NullReferenceException: Object reference not set to an instance of an object
[Ref 1AA79EB2] Duplicate stacktrace, see ref for original
Could not execute post-long-event action. Exception: System.NullReferenceException: Object reference not set to an instance of an object
[Ref 1AA79EB2] Duplicate stacktrace, see ref for original
Could not execute post-long-event action. Exception: System.NullReferenceException: Object reference not set to an instance of an object
[Ref 1AA79EB2] Duplicate stacktrace, see ref for original
Could not execute post-long-event action. Exception: System.NullReferenceException: Object reference not set to an instance of an object
[Ref 1AA79EB2] Duplicate stacktrace, see ref for original
Could not execute post-long-event action. Exception: System.NullReferenceException: Object reference not set to an instance of an object
[Ref 1AA79EB2] Duplicate stacktrace, see ref for original
Could not execute post-long-event action. Exception: System.NullReferenceException: Object reference not set to an instance of an object
[Ref 1AA79EB2] Duplicate stacktrace, see ref for original
Could not execute post-long-event action. Exception: System.NullReferenceException: Object reference not set to an instance of an object
[Ref 1AA79EB2] Duplicate stacktrace, see ref for original
Could not execute post-long-event action. Exception: System.NullReferenceException: Object reference not set to an instance of an object
[Ref 1AA79EB2] Duplicate stacktrace, see ref for original
Could not execute post-long-event action. Exception: System.NullReferenceException: Object reference not set to an instance of an object
[Ref 1AA79EB2] Duplicate stacktrace, see ref for original
Could not execute post-long-event action. Exception: System.NullReferenceException: Object reference not set to an instance of an object
[Ref 1AA79EB2] Duplicate stacktrace, see ref for original
Could not execute post-long-event action. Exception: System.NullReferenceException: Object reference not set to an instance of an object
[Ref 1AA79EB2] Duplicate stacktrace, see ref for original
Could not execute post-long-event action. Exception: System.NullReferenceException: Object reference not set to an instance of an object
[Ref 1AA79EB2] Duplicate stacktrace, see ref for original
Could not execute post-long-event action. Exception: System.NullReferenceException: Object reference not set to an instance of an object
[Ref 1AA79EB2] Duplicate stacktrace, see ref for original
Could not execute post-long-event action. Exception: System.NullReferenceException: Object reference not set to an instance of an object
[Ref 1AA79EB2] Duplicate stacktrace, see ref for original
Could not execute post-long-event action. Exception: System.NullReferenceException: Object reference not set to an instance of an object
[Ref 1AA79EB2] Duplicate stacktrace, see ref for original
Could not execute post-long-event action. Exception: System.NullReferenceException: Object reference not set to an instance of an object
[Ref 1AA79EB2] Duplicate stacktrace, see ref for original
Could not execute post-long-event action. Exception: System.NullReferenceException: Object reference not set to an instance of an object
[Ref 1AA79EB2] Duplicate stacktrace, see ref for original
Could not execute post-long-event action. Exception: System.NullReferenceException: Object reference not set to an instance of an object
[Ref 1AA79EB2] Duplicate stacktrace, see ref for original
Could not execute post-long-event action. Exception: System.NullReferenceException: Object reference not set to an instance of an object
[Ref 1AA79EB2] Duplicate stacktrace, see ref for original
Could not execute post-long-event action. Exception: System.NullReferenceException: Object reference not set to an instance of an object
[Ref 4C8582E7] Duplicate stacktrace, see ref for original
Could not execute post-long-event action. Exception: System.NullReferenceException: Object reference not set to an instance of an object
[Ref 6DF9E34F] Duplicate stacktrace, see ref for original
Could not execute post-long-event action. Exception: System.NullReferenceException: Object reference not set to an instance of an object
[Ref 6DF9E34F] Duplicate stacktrace, see ref for original
Could not execute post-long-event action. Exception: System.NullReferenceException: Object reference not set to an instance of an object
[Ref 6DF9E34F] Duplicate stacktrace, see ref for original
Could not execute post-long-event action. Exception: System.NullReferenceException: Object reference not set to an instance of an object
[Ref 6DF9E34F] Duplicate stacktrace, see ref for original
Could not execute post-long-event action. Exception: System.NullReferenceException: Object reference not set to an instance of an object
[Ref 6DF9E34F] Duplicate stacktrace, see ref for original
Could not execute post-long-event action. Exception: System.NullReferenceException: Object reference not set to an instance of an object
[Ref 6DF9E34F] Duplicate stacktrace, see ref for original
Could not execute post-long-event action. Exception: System.NullReferenceException: Object reference not set to an instance of an object
[Ref 6DF9E34F] Duplicate stacktrace, see ref for original
Could not execute post-long-event action. Exception: System.NullReferenceException: Object reference not set to an instance of an object
[Ref 6DF9E34F] Duplicate stacktrace, see ref for original
Could not execute post-long-event action. Exception: System.NullReferenceException: Object reference not set to an instance of an object
[Ref 6DF9E34F] Duplicate stacktrace, see ref for original
Could not execute post-long-event action. Exception: System.NullReferenceException: Object reference not set to an instance of an object
[Ref 6DF9E34F] Duplicate stacktrace, see ref for original
Could not execute post-long-event action. Exception: System.NullReferenceException: Object reference not set to an instance of an object
[Ref 6DF9E34F] Duplicate stacktrace, see ref for original
Could not execute post-long-event action. Exception: System.NullReferenceException: Object reference not set to an instance of an object
[Ref 6DF9E34F] Duplicate stacktrace, see ref for original
Could not execute post-long-event action. Exception: System.NullReferenceException: Object reference not set to an instance of an object
[Ref 6DF9E34F] Duplicate stacktrace, see ref for original
Could not execute post-long-event action. Exception: System.NullReferenceException: Object reference not set to an instance of an object
[Ref 6DF9E34F] Duplicate stacktrace, see ref for original
Could not execute post-long-event action. Exception: System.NullReferenceException: Object reference not set to an instance of an object
[Ref 6DF9E34F] Duplicate stacktrace, see ref for original
Could not execute post-long-event action. Exception: System.NullReferenceException: Object reference not set to an instance of an object
[Ref 6DF9E34F] Duplicate stacktrace, see ref for original
Could not execute post-long-event action. Exception: System.NullReferenceException: Object reference not set to an instance of an object
[Ref 6DF9E34F] Duplicate stacktrace, see ref for original
Could not execute post-long-event action. Exception: System.NullReferenceException: Object reference not set to an instance of an object
[Ref 6DF9E34F] Duplicate stacktrace, see ref for original
Could not execute post-long-event action. Exception: System.NullReferenceException: Object reference not set to an instance of an object
[Ref 6DF9E34F] Duplicate stacktrace, see ref for original
Could not execute post-long-event action. Exception: System.NullReferenceException: Object reference not set to an instance of an object
[Ref 6DF9E34F] Duplicate stacktrace, see ref for original
Could not execute post-long-event action. Exception: System.NullReferenceException: Object reference not set to an instance of an object
[Ref 6DF9E34F] Duplicate stacktrace, see ref for original
Could not execute post-long-event action. Exception: System.NullReferenceException: Object reference not set to an instance of an object
[Ref 6DF9E34F] Duplicate stacktrace, see ref for original
Could not execute post-long-event action. Exception: System.NullReferenceException: Object reference not set to an instance of an object
[Ref 6DF9E34F] Duplicate stacktrace, see ref for original
Could not execute post-long-event action. Exception: System.NullReferenceException: Object reference not set to an instance of an object
[Ref 6DF9E34F] Duplicate stacktrace, see ref for original
Could not execute post-long-event action. Exception: System.NullReferenceException: Object reference not set to an instance of an object
[Ref 4B26416A]
  at Verse.GlobalTextureAtlasManager.TryInsertStatic (Verse.TextureAtlasGroup group, UnityEngine.Texture2D texture, UnityEngine.Texture2D mask) [0x00000] in <61e4173561894da49d210260257b5097>:0 
  at Verse.Graphic_Single.TryInsertIntoAtlas (Verse.TextureAtlasGroup groupKey) [0x00036] in <61e4173561894da49d210260257b5097>:0 
  at Verse.Graphic_Collection.TryInsertIntoAtlas (Verse.TextureAtlasGroup groupKey) [0x0000b] in <61e4173561894da49d210260257b5097>:0 
  at Verse.Graphic_RandomRotated.TryInsertIntoAtlas (Verse.TextureAtlasGroup group) [0x00000] in <61e4173561894da49d210260257b5097>:0 
  at Verse.ThingDef.<PostLoad>b__398_0 () [0x00046] in <61e4173561894da49d210260257b5097>:0 
  at Verse.LongEventHandler.ExecuteToExecuteWhenFinished () [0x0007c] in <61e4173561894da49d210260257b5097>:0 
Could not execute post-long-event action. Exception: System.NullReferenceException: Object reference not set to an instance of an object
[Ref 4B26416A] Duplicate stacktrace, see ref for original
Could not execute post-long-event action. Exception: System.NullReferenceException: Object reference not set to an instance of an object
[Ref 6DF9E34F] Duplicate stacktrace, see ref for original
Could not execute post-long-event action. Exception: System.NullReferenceException: Object reference not set to an instance of an object
[Ref 6DF9E34F] Duplicate stacktrace, see ref for original
Could not execute post-long-event action. Exception: System.NullReferenceException: Object reference not set to an instance of an object
[Ref 4C8582E7] Duplicate stacktrace, see ref for original
Could not execute post-long-event action. Exception: System.NullReferenceException: Object reference not set to an instance of an object
[Ref 4C8582E7] Duplicate stacktrace, see ref for original
Could not execute post-long-event action. Exception: System.NullReferenceException: Object reference not set to an instance of an object
[Ref 6DF9E34F] Duplicate stacktrace, see ref for original
Could not execute post-long-event action. Exception: System.NullReferenceException: Object reference not set to an instance of an object
[Ref 6DF9E34F] Duplicate stacktrace, see ref for original
Could not execute post-long-event action. Exception: System.NullReferenceException: Object reference not set to an instance of an object
[Ref 6DF9E34F] Duplicate stacktrace, see ref for original
Could not execute post-long-event action. Exception: System.NullReferenceException: Object reference not set to an instance of an object
[Ref 6DF9E34F] Duplicate stacktrace, see ref for original
Could not execute post-long-event action. Exception: System.NullReferenceException: Object reference not set to an instance of an object
[Ref 6DF9E34F] Duplicate stacktrace, see ref for original
Could not execute post-long-event action. Exception: System.NullReferenceException: Object reference not set to an instance of an object
[Ref 6DF9E34F] Duplicate stacktrace, see ref for original
Could not execute post-long-event action. Exception: System.NullReferenceException: Object reference not set to an instance of an object
[Ref 6DF9E34F] Duplicate stacktrace, see ref for original
Could not execute post-long-event action. Exception: System.NullReferenceException: Object reference not set to an instance of an object
[Ref 6DF9E34F] Duplicate stacktrace, see ref for original
Could not execute post-long-event action. Exception: System.NullReferenceException: Object reference not set to an instance of an object
[Ref 6DF9E34F] Duplicate stacktrace, see ref for original
Could not execute post-long-event action. Exception: System.NullReferenceException: Object reference not set to an instance of an object
[Ref 6DF9E34F] Duplicate stacktrace, see ref for original
Could not execute post-long-event action. Exception: System.NullReferenceException: Object reference not set to an instance of an object
[Ref 6DF9E34F] Duplicate stacktrace, see ref for original
Could not execute post-long-event action. Exception: System.NullReferenceException: Object reference not set to an instance of an object
[Ref 6DF9E34F] Duplicate stacktrace, see ref for original
Could not execute post-long-event action. Exception: System.NullReferenceException: Object reference not set to an instance of an object
[Ref 6DF9E34F] Duplicate stacktrace, see ref for original
Could not execute post-long-event action. Exception: System.NullReferenceException: Object reference not set to an instance of an object
[Ref 6DF9E34F] Duplicate stacktrace, see ref for original
Could not execute post-long-event action. Exception: System.NullReferenceException: Object reference not set to an instance of an object
[Ref 6DF9E34F] Duplicate stacktrace, see ref for original
Could not execute post-long-event action. Exception: System.NullReferenceException: Object reference not set to an instance of an object
[Ref 6DF9E34F] Duplicate stacktrace, see ref for original
Could not execute post-long-event action. Exception: System.NullReferenceException: Object reference not set to an instance of an object
[Ref 6DF9E34F] Duplicate stacktrace, see ref for original
Could not execute post-long-event action. Exception: System.NullReferenceException: Object reference not set to an instance of an object
[Ref 6DF9E34F] Duplicate stacktrace, see ref for original
Could not execute post-long-event action. Exception: System.NullReferenceException: Object reference not set to an instance of an object
[Ref 6DF9E34F] Duplicate stacktrace, see ref for original
Could not execute post-long-event action. Exception: System.NullReferenceException: Object reference not set to an instance of an object
[Ref 6DF9E34F] Duplicate stacktrace, see ref for original
Could not execute post-long-event action. Exception: System.NullReferenceException: Object reference not set to an instance of an object
[Ref 6DF9E34F] Duplicate stacktrace, see ref for original
Could not execute post-long-event action. Exception: System.NullReferenceException: Object reference not set to an instance of an object
[Ref 6DF9E34F] Duplicate stacktrace, see ref for original
Could not execute post-long-event action. Exception: System.NullReferenceException: Object reference not set to an instance of an object
[Ref 6DF9E34F] Duplicate stacktrace, see ref for original
Could not execute post-long-event action. Exception: System.NullReferenceException: Object reference not set to an instance of an object
[Ref 6DF9E34F] Duplicate stacktrace, see ref for original
Could not execute post-long-event action. Exception: System.NullReferenceException: Object reference not set to an instance of an object
[Ref 6DF9E34F] Duplicate stacktrace, see ref for original
Could not execute post-long-event action. Exception: System.NullReferenceException: Object reference not set to an instance of an object
[Ref 6DF9E34F] Duplicate stacktrace, see ref for original
Could not execute post-long-event action. Exception: System.NullReferenceException: Object reference not set to an instance of an object
[Ref 6DF9E34F] Duplicate stacktrace, see ref for original
Could not execute post-long-event action. Exception: System.NullReferenceException: Object reference not set to an instance of an object
[Ref 6DF9E34F] Duplicate stacktrace, see ref for original
Could not execute post-long-event action. Exception: System.NullReferenceException: Object reference not set to an instance of an object
[Ref 6DF9E34F] Duplicate stacktrace, see ref for original
Could not execute post-long-event action. Exception: System.NullReferenceException: Object reference not set to an instance of an object
[Ref 6DF9E34F] Duplicate stacktrace, see ref for original
Could not execute post-long-event action. Exception: System.NullReferenceException: Object reference not set to an instance of an object
[Ref 6DF9E34F] Duplicate stacktrace, see ref for original
Could not execute post-long-event action. Exception: System.NullReferenceException: Object reference not set to an instance of an object
[Ref 6DF9E34F] Duplicate stacktrace, see ref for original
Could not execute post-long-event action. Exception: System.NullReferenceException: Object reference not set to an instance of an object
[Ref 6DF9E34F] Duplicate stacktrace, see ref for original
Could not execute post-long-event action. Exception: System.NullReferenceException: Object reference not set to an instance of an object
[Ref 6DF9E34F] Duplicate stacktrace, see ref for original
Could not execute post-long-event action. Exception: System.NullReferenceException: Object reference not set to an instance of an object
[Ref 6DF9E34F] Duplicate stacktrace, see ref for original
Could not execute post-long-event action. Exception: System.NullReferenceException: Object reference not set to an instance of an object
[Ref 6DF9E34F] Duplicate stacktrace, see ref for original
Could not execute post-long-event action. Exception: System.NullReferenceException: Object reference not set to an instance of an object
[Ref 6DF9E34F] Duplicate stacktrace, see ref for original
Could not execute post-long-event action. Exception: System.NullReferenceException: Object reference not set to an instance of an object
[Ref 6DF9E34F] Duplicate stacktrace, see ref for original
Could not execute post-long-event action. Exception: System.NullReferenceException: Object reference not set to an instance of an object
[Ref 6DF9E34F] Duplicate stacktrace, see ref for original
Could not execute post-long-event action. Exception: System.NullReferenceException: Object reference not set to an instance of an object
[Ref 6DF9E34F] Duplicate stacktrace, see ref for original
Could not execute post-long-event action. Exception: System.NullReferenceException: Object reference not set to an instance of an object
[Ref 6DF9E34F] Duplicate stacktrace, see ref for original
Could not execute post-long-event action. Exception: System.NullReferenceException: Object reference not set to an instance of an object
[Ref 6DF9E34F] Duplicate stacktrace, see ref for original
Could not execute post-long-event action. Exception: System.NullReferenceException: Object reference not set to an instance of an object
[Ref 6DF9E34F] Duplicate stacktrace, see ref for original
Could not execute post-long-event action. Exception: System.NullReferenceException: Object reference not set to an instance of an object
[Ref 6DF9E34F] Duplicate stacktrace, see ref for original
Could not execute post-long-event action. Exception: System.NullReferenceException: Object reference not set to an instance of an object
[Ref 6DF9E34F] Duplicate stacktrace, see ref for original
Could not execute post-long-event action. Exception: System.NullReferenceException: Object reference not set to an instance of an object
[Ref 6DF9E34F] Duplicate stacktrace, see ref for original
Could not execute post-long-event action. Exception: System.NullReferenceException: Object reference not set to an instance of an object
[Ref 6DF9E34F] Duplicate stacktrace, see ref for original
Could not execute post-long-event action. Exception: System.NullReferenceException: Object reference not set to an instance of an object
[Ref 6DF9E34F] Duplicate stacktrace, see ref for original
Could not execute post-long-event action. Exception: System.NullReferenceException: Object reference not set to an instance of an object
[Ref 6DF9E34F] Duplicate stacktrace, see ref for original
Could not execute post-long-event action. Exception: System.NullReferenceException: Object reference not set to an instance of an object
[Ref 6DF9E34F] Duplicate stacktrace, see ref for original
Could not execute post-long-event action. Exception: System.NullReferenceException: Object reference not set to an instance of an object
[Ref 6DF9E34F] Duplicate stacktrace, see ref for original
Could not execute post-long-event action. Exception: System.NullReferenceException: Object reference not set to an instance of an object
[Ref 6DF9E34F] Duplicate stacktrace, see ref for original
Could not execute post-long-event action. Exception: System.NullReferenceException: Object reference not set to an instance of an object
[Ref 6DF9E34F] Duplicate stacktrace, see ref for original
Could not execute post-long-event action. Exception: System.NullReferenceException: Object reference not set to an instance of an object
[Ref 6DF9E34F] Duplicate stacktrace, see ref for original
Could not execute post-long-event action. Exception: System.NullReferenceException: Object reference not set to an instance of an object
[Ref 6DF9E34F] Duplicate stacktrace, see ref for original
Could not execute post-long-event action. Exception: System.NullReferenceException: Object reference not set to an instance of an object
[Ref 6DF9E34F] Duplicate stacktrace, see ref for original
Could not execute post-long-event action. Exception: System.NullReferenceException: Object reference not set to an instance of an object
[Ref 6DF9E34F] Duplicate stacktrace, see ref for original
Could not execute post-long-event action. Exception: System.NullReferenceException: Object reference not set to an instance of an object
[Ref 6DF9E34F] Duplicate stacktrace, see ref for original
Could not execute post-long-event action. Exception: System.NullReferenceException: Object reference not set to an instance of an object
[Ref 6DF9E34F] Duplicate stacktrace, see ref for original
Could not execute post-long-event action. Exception: System.NullReferenceException: Object reference not set to an instance of an object
[Ref 6DF9E34F] Duplicate stacktrace, see ref for original
Could not execute post-long-event action. Exception: System.NullReferenceException: Object reference not set to an instance of an object
[Ref 6DF9E34F] Duplicate stacktrace, see ref for original
Could not execute post-long-event action. Exception: System.NullReferenceException: Object reference not set to an instance of an object
[Ref 6DF9E34F] Duplicate stacktrace, see ref for original
Could not execute post-long-event action. Exception: System.NullReferenceException: Object reference not set to an instance of an object
[Ref 6DF9E34F] Duplicate stacktrace, see ref for original
Could not execute post-long-event action. Exception: System.NullReferenceException: Object reference not set to an instance of an object
[Ref 6DF9E34F] Duplicate stacktrace, see ref for original
Could not execute post-long-event action. Exception: System.NullReferenceException: Object reference not set to an instance of an object
[Ref 4C8582E7] Duplicate stacktrace, see ref for original
Could not execute post-long-event action. Exception: System.NullReferenceException: Object reference not set to an instance of an object
[Ref 4C8582E7] Duplicate stacktrace, see ref for original
Could not execute post-long-event action. Exception: System.NullReferenceException: Object reference not set to an instance of an object
[Ref 4C8582E7] Duplicate stacktrace, see ref for original
Could not execute post-long-event action. Exception: System.NullReferenceException: Object reference not set to an instance of an object
[Ref 4C8582E7] Duplicate stacktrace, see ref for original
Could not execute post-long-event action. Exception: System.NullReferenceException: Object reference not set to an instance of an object
[Ref 4C8582E7] Duplicate stacktrace, see ref for original
Could not execute post-long-event action. Exception: System.NullReferenceException: Object reference not set to an instance of an object
[Ref 4C8582E7] Duplicate stacktrace, see ref for original
Could not execute post-long-event action. Exception: System.NullReferenceException: Object reference not set to an instance of an object
[Ref 4C8582E7] Duplicate stacktrace, see ref for original
Could not execute post-long-event action. Exception: System.NullReferenceException: Object reference not set to an instance of an object
[Ref 4C8582E7] Duplicate stacktrace, see ref for original
Could not execute post-long-event action. Exception: System.NullReferenceException: Object reference not set to an instance of an object
[Ref 4C8582E7] Duplicate stacktrace, see ref for original
Could not execute post-long-event action. Exception: System.NullReferenceException: Object reference not set to an instance of an object
[Ref 4C8582E7] Duplicate stacktrace, see ref for original
Could not execute post-long-event action. Exception: System.NullReferenceException: Object reference not set to an instance of an object
[Ref 4C8582E7] Duplicate stacktrace, see ref for original
Could not execute post-long-event action. Exception: System.NullReferenceException: Object reference not set to an instance of an object
[Ref 4C8582E7] Duplicate stacktrace, see ref for original
Could not execute post-long-event action. Exception: System.NullReferenceException: Object reference not set to an instance of an object
[Ref 4C8582E7] Duplicate stacktrace, see ref for original
Could not execute post-long-event action. Exception: System.NullReferenceException: Object reference not set to an instance of an object
[Ref 4C8582E7] Duplicate stacktrace, see ref for original
Could not execute post-long-event action. Exception: System.NullReferenceException: Object reference not set to an instance of an object
[Ref 4C8582E7] Duplicate stacktrace, see ref for original
Could not execute post-long-event action. Exception: System.NullReferenceException: Object reference not set to an instance of an object
[Ref 4C8582E7] Duplicate stacktrace, see ref for original
Could not execute post-long-event action. Exception: System.NullReferenceException: Object reference not set to an instance of an object
[Ref 4C8582E7] Duplicate stacktrace, see ref for original
Could not execute post-long-event action. Exception: System.NullReferenceException: Object reference not set to an instance of an object
[Ref 4C8582E7] Duplicate stacktrace, see ref for original
Could not execute post-long-event action. Exception: System.NullReferenceException: Object reference not set to an instance of an object
[Ref 4C8582E7] Duplicate stacktrace, see ref for original
Could not execute post-long-event action. Exception: System.NullReferenceException: Object reference not set to an instance of an object
[Ref 4C8582E7] Duplicate stacktrace, see ref for original
Could not execute post-long-event action. Exception: System.NullReferenceException: Object reference not set to an instance of an object
[Ref 4C8582E7] Duplicate stacktrace, see ref for original
Could not execute post-long-event action. Exception: System.NullReferenceException: Object reference not set to an instance of an object
[Ref 4C8582E7] Duplicate stacktrace, see ref for original
Could not execute post-long-event action. Exception: System.NullReferenceException: Object reference not set to an instance of an object
[Ref 4C8582E7] Duplicate stacktrace, see ref for original
Could not execute post-long-event action. Exception: System.NullReferenceException: Object reference not set to an instance of an object
[Ref 4C8582E7] Duplicate stacktrace, see ref for original
Could not execute post-long-event action. Exception: System.NullReferenceException: Object reference not set to an instance of an object
[Ref 1AA79EB2] Duplicate stacktrace, see ref for original
Could not execute post-long-event action. Exception: System.NullReferenceException: Object reference not set to an instance of an object
[Ref 1AA79EB2] Duplicate stacktrace, see ref for original
Could not execute post-long-event action. Exception: System.NullReferenceException: Object reference not set to an instance of an object
[Ref 1AA79EB2] Duplicate stacktrace, see ref for original
Could not execute post-long-event action. Exception: System.NullReferenceException: Object reference not set to an instance of an object
[Ref 1AA79EB2] Duplicate stacktrace, see ref for original
Could not execute post-long-event action. Exception: System.NullReferenceException: Object reference not set to an instance of an object
[Ref 1AA79EB2] Duplicate stacktrace, see ref for original
Could not execute post-long-event action. Exception: System.NullReferenceException: Object reference not set to an instance of an object
[Ref 1AA79EB2] Duplicate stacktrace, see ref for original
Could not execute post-long-event action. Exception: System.NullReferenceException: Object reference not set to an instance of an object
[Ref 1AA79EB2] Duplicate stacktrace, see ref for original
Could not execute post-long-event action. Exception: System.NullReferenceException: Object reference not set to an instance of an object
[Ref 1AA79EB2] Duplicate stacktrace, see ref for original
Could not execute post-long-event action. Exception: System.NullReferenceException: Object reference not set to an instance of an object
[Ref 1AA79EB2] Duplicate stacktrace, see ref for original
Could not execute post-long-event action. Exception: System.NullReferenceException: Object reference not set to an instance of an object
[Ref 1AA79EB2] Duplicate stacktrace, see ref for original
Could not execute post-long-event action. Exception: System.NullReferenceException: Object reference not set to an instance of an object
[Ref 1AA79EB2] Duplicate stacktrace, see ref for original
Could not execute post-long-event action. Exception: System.NullReferenceException: Object reference not set to an instance of an object
[Ref 1AA79EB2] Duplicate stacktrace, see ref for original
Could not execute post-long-event action. Exception: System.NullReferenceException: Object reference not set to an instance of an object
[Ref 1AA79EB2] Duplicate stacktrace, see ref for original
Could not execute post-long-event action. Exception: System.NullReferenceException: Object reference not set to an instance of an object
[Ref 1AA79EB2] Duplicate stacktrace, see ref for original
Could not execute post-long-event action. Exception: System.NullReferenceException: Object reference not set to an instance of an object
[Ref 1AA79EB2] Duplicate stacktrace, see ref for original
Could not execute post-long-event action. Exception: System.NullReferenceException: Object reference not set to an instance of an object
[Ref 1AA79EB2] Duplicate stacktrace, see ref for original
Could not execute post-long-event action. Exception: System.NullReferenceException: Object reference not set to an instance of an object
[Ref 1AA79EB2] Duplicate stacktrace, see ref for original
Could not execute post-long-event action. Exception: System.NullReferenceException: Object reference not set to an instance of an object
[Ref 1AA79EB2] Duplicate stacktrace, see ref for original
Could not execute post-long-event action. Exception: System.NullReferenceException: Object reference not set to an instance of an object
[Ref 1AA79EB2] Duplicate stacktrace, see ref for original
Could not execute post-long-event action. Exception: System.NullReferenceException: Object reference not set to an instance of an object
[Ref 1AA79EB2] Duplicate stacktrace, see ref for original
Could not execute post-long-event action. Exception: System.NullReferenceException: Object reference not set to an instance of an object
[Ref 1AA79EB2] Duplicate stacktrace, see ref for original
Could not execute post-long-event action. Exception: System.NullReferenceException: Object reference not set to an instance of an object
[Ref 1AA79EB2] Duplicate stacktrace, see ref for original
Could not execute post-long-event action. Exception: System.NullReferenceException: Object reference not set to an instance of an object
[Ref 1AA79EB2] Duplicate stacktrace, see ref for original
Could not execute post-long-event action. Exception: System.NullReferenceException: Object reference not set to an instance of an object
[Ref 1AA79EB2] Duplicate stacktrace, see ref for original
Could not execute post-long-event action. Exception: System.NullReferenceException: Object reference not set to an instance of an object
[Ref 1AA79EB2] Duplicate stacktrace, see ref for original
Could not execute post-long-event action. Exception: System.NullReferenceException: Object reference not set to an instance of an object
[Ref 1AA79EB2] Duplicate stacktrace, see ref for original
Could not execute post-long-event action. Exception: System.NullReferenceException: Object reference not set to an instance of an object
[Ref 1AA79EB2] Duplicate stacktrace, see ref for original
Could not execute post-long-event action. Exception: System.NullReferenceException: Object reference not set to an instance of an object
[Ref 1AA79EB2] Duplicate stacktrace, see ref for original
Could not execute post-long-event action. Exception: System.NullReferenceException: Object reference not set to an instance of an object
[Ref 1AA79EB2] Duplicate stacktrace, see ref for original
Could not execute post-long-event action. Exception: System.NullReferenceException: Object reference not set to an instance of an object
[Ref 1AA79EB2] Duplicate stacktrace, see ref for original
Could not execute post-long-event action. Exception: System.NullReferenceException: Object reference not set to an instance of an object
[Ref 1AA79EB2] Duplicate stacktrace, see ref for original
Could not execute post-long-event action. Exception: System.NullReferenceException: Object reference not set to an instance of an object
[Ref 1AA79EB2] Duplicate stacktrace, see ref for original
Could not execute post-long-event action. Exception: System.NullReferenceException: Object reference not set to an instance of an object
[Ref 1AA79EB2] Duplicate stacktrace, see ref for original
Could not execute post-long-event action. Exception: System.NullReferenceException: Object reference not set to an instance of an object
[Ref 1AA79EB2] Duplicate stacktrace, see ref for original
Could not execute post-long-event action. Exception: System.NullReferenceException: Object reference not set to an instance of an object
[Ref 1AA79EB2] Duplicate stacktrace, see ref for original
Could not execute post-long-event action. Exception: System.NullReferenceException: Object reference not set to an instance of an object
[Ref 1AA79EB2] Duplicate stacktrace, see ref for original
Could not execute post-long-event action. Exception: System.NullReferenceException: Object reference not set to an instance of an object
[Ref 1AA79EB2] Duplicate stacktrace, see ref for original
Could not execute post-long-event action. Exception: System.NullReferenceException: Object reference not set to an instance of an object
[Ref 1AA79EB2] Duplicate stacktrace, see ref for original
Could not execute post-long-event action. Exception: System.NullReferenceException: Object reference not set to an instance of an object
[Ref 1AA79EB2] Duplicate stacktrace, see ref for original
Could not execute post-long-event action. Exception: System.NullReferenceException: Object reference not set to an instance of an object
[Ref 1AA79EB2] Duplicate stacktrace, see ref for original
ERROR: Shader Custom/Psyfocus Meditation Pulse shader is not supported on this GPU (none of subshaders/fallbacks are suitable)
ERROR: Shader Custom/Mote glow pulse link shader is not supported on this GPU (none of subshaders/fallbacks are suitable)
ERROR: Shader Custom/Mote Psychic Warmup WordOf shader is not supported on this GPU (none of subshaders/fallbacks are suitable)
ERROR: Shader Custom/Mote Psychic Warmup WordOf shader is not supported on this GPU (none of subshaders/fallbacks are suitable)
Could not execute post-long-event action. Exception: System.NullReferenceException: Object reference not set to an instance of an object
[Ref 4C8582E7] Duplicate stacktrace, see ref for original
Could not execute post-long-event action. Exception: System.NullReferenceException: Object reference not set to an instance of an object
[Ref 4C8582E7] Duplicate stacktrace, see ref for original
Could not execute post-long-event action. Exception: System.NullReferenceException: Object reference not set to an instance of an object
[Ref 4C8582E7] Duplicate stacktrace, see ref for original
Could not execute post-long-event action. Exception: System.NullReferenceException: Object reference not set to an instance of an object
[Ref 4C8582E7] Duplicate stacktrace, see ref for original
Could not execute post-long-event action. Exception: System.NullReferenceException: Object reference not set to an instance of an object
[Ref 4C8582E7] Duplicate stacktrace, see ref for original
Could not execute post-long-event action. Exception: System.NullReferenceException: Object reference not set to an instance of an object
[Ref 4C8582E7] Duplicate stacktrace, see ref for original
Could not execute post-long-event action. Exception: System.NullReferenceException: Object reference not set to an instance of an object
[Ref 4C8582E7] Duplicate stacktrace, see ref for original
Could not execute post-long-event action. Exception: System.NullReferenceException: Object reference not set to an instance of an object
[Ref 4C8582E7] Duplicate stacktrace, see ref for original
Could not execute post-long-event action. Exception: System.NullReferenceException: Object reference not set to an instance of an object
[Ref 4C8582E7] Duplicate stacktrace, see ref for original
Could not execute post-long-event action. Exception: System.NullReferenceException: Object reference not set to an instance of an object
[Ref 4C8582E7] Duplicate stacktrace, see ref for original
Could not execute post-long-event action. Exception: System.NullReferenceException: Object reference not set to an instance of an object
[Ref 4C8582E7] Duplicate stacktrace, see ref for original
Could not execute post-long-event action. Exception: System.NullReferenceException: Object reference not set to an instance of an object
[Ref 4C8582E7] Duplicate stacktrace, see ref for original
Could not execute post-long-event action. Exception: System.NullReferenceException: Object reference not set to an instance of an object
[Ref 4C8582E7] Duplicate stacktrace, see ref for original
Could not execute post-long-event action. Exception: System.NullReferenceException: Object reference not set to an instance of an object
[Ref 4C8582E7] Duplicate stacktrace, see ref for original
Could not execute post-long-event action. Exception: System.NullReferenceException: Object reference not set to an instance of an object
[Ref 4C8582E7] Duplicate stacktrace, see ref for original
Could not execute post-long-event action. Exception: System.NullReferenceException: Object reference not set to an instance of an object
[Ref 4C8582E7] Duplicate stacktrace, see ref for original
Could not execute post-long-event action. Exception: System.NullReferenceException: Object reference not set to an instance of an object
[Ref 4C8582E7] Duplicate stacktrace, see ref for original
Could not execute post-long-event action. Exception: System.NullReferenceException: Object reference not set to an instance of an object
[Ref 4C8582E7] Duplicate stacktrace, see ref for original
Could not execute post-long-event action. Exception: System.NullReferenceException: Object reference not set to an instance of an object
[Ref 4C8582E7] Duplicate stacktrace, see ref for original
Could not execute post-long-event action. Exception: System.NullReferenceException: Object reference not set to an instance of an object
[Ref 4C8582E7] Duplicate stacktrace, see ref for original
Could not execute post-long-event action. Exception: System.NullReferenceException: Object reference not set to an instance of an object
[Ref 4C8582E7] Duplicate stacktrace, see ref for original
Could not execute post-long-event action. Exception: System.NullReferenceException: Object reference not set to an instance of an object
[Ref 4C8582E7] Duplicate stacktrace, see ref for original
Could not execute post-long-event action. Exception: System.NullReferenceException: Object reference not set to an instance of an object
[Ref 4C8582E7] Duplicate stacktrace, see ref for original
Could not execute post-long-event action. Exception: System.NullReferenceException: Object reference not set to an instance of an object
[Ref 4C8582E7] Duplicate stacktrace, see ref for original
Could not execute post-long-event action. Exception: System.NullReferenceException: Object reference not set to an instance of an object
[Ref 4C8582E7] Duplicate stacktrace, see ref for original
Could not execute post-long-event action. Exception: System.NullReferenceException: Object reference not set to an instance of an object
[Ref 4C8582E7] Duplicate stacktrace, see ref for original
Could not execute post-long-event action. Exception: System.NullReferenceException: Object reference not set to an instance of an object
[Ref 4C8582E7] Duplicate stacktrace, see ref for original
Could not execute post-long-event action. Exception: System.NullReferenceException: Object reference not set to an instance of an object
[Ref 4C8582E7] Duplicate stacktrace, see ref for original
Could not execute post-long-event action. Exception: System.NullReferenceException: Object reference not set to an instance of an object
[Ref 4C8582E7] Duplicate stacktrace, see ref for original
Could not execute post-long-event action. Exception: System.NullReferenceException: Object reference not set to an instance of an object
[Ref 4C8582E7] Duplicate stacktrace, see ref for original
Could not execute post-long-event action. Exception: System.NullReferenceException: Object reference not set to an instance of an object
[Ref 4C8582E7] Duplicate stacktrace, see ref for original
Could not execute post-long-event action. Exception: System.NullReferenceException: Object reference not set to an instance of an object
[Ref 4C8582E7] Duplicate stacktrace, see ref for original
Could not execute post-long-event action. Exception: System.NullReferenceException: Object reference not set to an instance of an object
[Ref 4C8582E7] Duplicate stacktrace, see ref for original
Could not execute post-long-event action. Exception: System.NullReferenceException: Object reference not set to an instance of an object
[Ref 4C8582E7] Duplicate stacktrace, see ref for original
Could not execute post-long-event action. Exception: System.NullReferenceException: Object reference not set to an instance of an object
[Ref 4C8582E7] Duplicate stacktrace, see ref for original
Could not execute post-long-event action. Exception: System.NullReferenceException: Object reference not set to an instance of an object
[Ref 4C8582E7] Duplicate stacktrace, see ref for original
Could not execute post-long-event action. Exception: System.NullReferenceException: Object reference not set to an instance of an object
[Ref 4C8582E7] Duplicate stacktrace, see ref for original
Could not execute post-long-event action. Exception: System.NullReferenceException: Object reference not set to an instance of an object
[Ref CF2FF030] Duplicate stacktrace, see ref for original
Could not execute post-long-event action. Exception: System.NullReferenceException: Object reference not set to an instance of an object
[Ref CF2FF030] Duplicate stacktrace, see ref for original
Could not execute post-long-event action. Exception: System.NullReferenceException: Object reference not set to an instance of an object
[Ref CF2FF030] Duplicate stacktrace, see ref for original
Could not execute post-long-event action. Exception: System.NullReferenceException: Object reference not set to an instance of an object
[Ref 4C8582E7] Duplicate stacktrace, see ref for original
Could not execute post-long-event action. Exception: System.NullReferenceException: Object reference not set to an instance of an object
[Ref 4C8582E7] Duplicate stacktrace, see ref for original
Could not execute post-long-event action. Exception: System.NullReferenceException: Object reference not set to an instance of an object
[Ref 4C8582E7] Duplicate stacktrace, see ref for original
Could not execute post-long-event action. Exception: System.NullReferenceException: Object reference not set to an instance of an object
[Ref 4C8582E7] Duplicate stacktrace, see ref for original
Could not execute post-long-event action. Exception: System.NullReferenceException: Object reference not set to an instance of an object
[Ref 4C8582E7] Duplicate stacktrace, see ref for original
Could not execute post-long-event action. Exception: System.NullReferenceException: Object reference not set to an instance of an object
[Ref 4C8582E7] Duplicate stacktrace, see ref for original
Could not execute post-long-event action. Exception: System.NullReferenceException: Object reference not set to an instance of an object
[Ref 4C8582E7] Duplicate stacktrace, see ref for original
Could not execute post-long-event action. Exception: System.NullReferenceException: Object reference not set to an instance of an object
[Ref 4C8582E7] Duplicate stacktrace, see ref for original
Could not execute post-long-event action. Exception: System.NullReferenceException: Object reference not set to an instance of an object
[Ref 4C8582E7] Duplicate stacktrace, see ref for original
Could not execute post-long-event action. Exception: System.NullReferenceException: Object reference not set to an instance of an object
[Ref 4C8582E7] Duplicate stacktrace, see ref for original
Could not execute post-long-event action. Exception: System.NullReferenceException: Object reference not set to an instance of an object
[Ref 4C8582E7] Duplicate stacktrace, see ref for original
Could not execute post-long-event action. Exception: System.NullReferenceException: Object reference not set to an instance of an object
[Ref 4C8582E7] Duplicate stacktrace, see ref for original
Could not execute post-long-event action. Exception: System.NullReferenceException: Object reference not set to an instance of an object
[Ref 4C8582E7] Duplicate stacktrace, see ref for original
Could not execute post-long-event action. Exception: System.NullReferenceException: Object reference not set to an instance of an object
[Ref CF2FF030] Duplicate stacktrace, see ref for original
Could not execute post-long-event action. Exception: System.NullReferenceException: Object reference not set to an instance of an object
[Ref 4C8582E7] Duplicate stacktrace, see ref for original
Could not execute post-long-event action. Exception: System.NullReferenceException: Object reference not set to an instance of an object
[Ref CF2FF030] Duplicate stacktrace, see ref for original
Could not execute post-long-event action. Exception: System.NullReferenceException: Object reference not set to an instance of an object
[Ref 1AA79EB2] Duplicate stacktrace, see ref for original
Could not execute post-long-event action. Exception: System.NullReferenceException: Object reference not set to an instance of an object
[Ref 1AA79EB2] Duplicate stacktrace, see ref for original
Could not execute post-long-event action. Exception: System.NullReferenceException: Object reference not set to an instance of an object
[Ref 1AA79EB2] Duplicate stacktrace, see ref for original
Could not execute post-long-event action. Exception: System.NullReferenceException: Object reference not set to an instance of an object
[Ref 1AA79EB2] Duplicate stacktrace, see ref for original
Could not execute post-long-event action. Exception: System.NullReferenceException: Object reference not set to an instance of an object
[Ref 1AA79EB2] Duplicate stacktrace, see ref for original
Could not execute post-long-event action. Exception: System.NullReferenceException: Object reference not set to an instance of an object
[Ref 1AA79EB2] Duplicate stacktrace, see ref for original
Could not execute post-long-event action. Exception: System.NullReferenceException: Object reference not set to an instance of an object
[Ref 1AA79EB2] Duplicate stacktrace, see ref for original
Could not execute post-long-event action. Exception: System.NullReferenceException: Object reference not set to an instance of an object
[Ref 1AA79EB2] Duplicate stacktrace, see ref for original
Could not execute post-long-event action. Exception: System.NullReferenceException: Object reference not set to an instance of an object
[Ref 1AA79EB2] Duplicate stacktrace, see ref for original
Could not execute post-long-event action. Exception: System.NullReferenceException: Object reference not set to an instance of an object
[Ref 1AA79EB2] Duplicate stacktrace, see ref for original
Could not execute post-long-event action. Exception: System.NullReferenceException: Object reference not set to an instance of an object
[Ref 1AA79EB2] Duplicate stacktrace, see ref for original
Could not execute post-long-event action. Exception: System.NullReferenceException: Object reference not set to an instance of an object
[Ref 1AA79EB2] Duplicate stacktrace, see ref for original
Could not execute post-long-event action. Exception: System.NullReferenceException: Object reference not set to an instance of an object
[Ref 1AA79EB2] Duplicate stacktrace, see ref for original
Could not execute post-long-event action. Exception: System.NullReferenceException: Object reference not set to an instance of an object
[Ref 1AA79EB2] Duplicate stacktrace, see ref for original
Could not execute post-long-event action. Exception: System.NullReferenceException: Object reference not set to an instance of an object
[Ref 1AA79EB2] Duplicate stacktrace, see ref for original
Could not execute post-long-event action. Exception: System.NullReferenceException: Object reference not set to an instance of an object
[Ref 1AA79EB2] Duplicate stacktrace, see ref for original
Could not execute post-long-event action. Exception: System.NullReferenceException: Object reference not set to an instance of an object
[Ref 1AA79EB2] Duplicate stacktrace, see ref for original
Could not execute post-long-event action. Exception: System.NullReferenceException: Object reference not set to an instance of an object
[Ref 1AA79EB2] Duplicate stacktrace, see ref for original
Could not execute post-long-event action. Exception: System.NullReferenceException: Object reference not set to an instance of an object
[Ref 1AA79EB2] Duplicate stacktrace, see ref for original
Could not execute post-long-event action. Exception: System.NullReferenceException: Object reference not set to an instance of an object
[Ref 1AA79EB2] Duplicate stacktrace, see ref for original
Could not execute post-long-event action. Exception: System.NullReferenceException: Object reference not set to an instance of an object
[Ref 1AA79EB2] Duplicate stacktrace, see ref for original
Could not execute post-long-event action. Exception: System.NullReferenceException: Object reference not set to an instance of an object
[Ref 1AA79EB2] Duplicate stacktrace, see ref for original
Could not execute post-long-event action. Exception: System.NullReferenceException: Object reference not set to an instance of an object
[Ref 1AA79EB2] Duplicate stacktrace, see ref for original
Could not execute post-long-event action. Exception: System.NullReferenceException: Object reference not set to an instance of an object
[Ref 1AA79EB2] Duplicate stacktrace, see ref for original
Could not execute post-long-event action. Exception: System.NullReferenceException: Object reference not set to an instance of an object
[Ref 1AA79EB2] Duplicate stacktrace, see ref for original
Could not execute post-long-event action. Exception: System.NullReferenceException: Object reference not set to an instance of an object
[Ref 1AA79EB2] Duplicate stacktrace, see ref for original
Could not execute post-long-event action. Exception: System.NullReferenceException: Object reference not set to an instance of an object
[Ref 1AA79EB2] Duplicate stacktrace, see ref for original
Could not execute post-long-event action. Exception: System.NullReferenceException: Object reference not set to an instance of an object
[Ref 1AA79EB2] Duplicate stacktrace, see ref for original
Could not execute post-long-event action. Exception: System.NullReferenceException: Object reference not set to an instance of an object
[Ref 1AA79EB2] Duplicate stacktrace, see ref for original
ERROR: Shader Custom/Bullet shield psychic shader is not supported on this GPU (none of subshaders/fallbacks are suitable)
ERROR: Shader Custom/Flashstorm Psychic shader is not supported on this GPU (none of subshaders/fallbacks are suitable)
Could not execute post-long-event action. Exception: System.NullReferenceException: Object reference not set to an instance of an object
[Ref 4C8582E7] Duplicate stacktrace, see ref for original
Could not execute post-long-event action. Exception: System.NullReferenceException: Object reference not set to an instance of an object
[Ref 6DF9E34F] Duplicate stacktrace, see ref for original
Could not execute post-long-event action. Exception: System.NullReferenceException: Object reference not set to an instance of an object
[Ref 6DF9E34F] Duplicate stacktrace, see ref for original
Could not execute post-long-event action. Exception: System.NullReferenceException: Object reference not set to an instance of an object
[Ref 6DF9E34F] Duplicate stacktrace, see ref for original
Could not execute post-long-event action. Exception: System.NullReferenceException: Object reference not set to an instance of an object
[Ref 6DF9E34F] Duplicate stacktrace, see ref for original
Could not execute post-long-event action. Exception: System.NullReferenceException: Object reference not set to an instance of an object
[Ref 1AA79EB2] Duplicate stacktrace, see ref for original
Could not execute post-long-event action. Exception: System.NullReferenceException: Object reference not set to an instance of an object
[Ref 1AA79EB2] Duplicate stacktrace, see ref for original
Could not execute post-long-event action. Exception: System.NullReferenceException: Object reference not set to an instance of an object
[Ref 1AA79EB2] Duplicate stacktrace, see ref for original
Could not execute post-long-event action. Exception: System.NullReferenceException: Object reference not set to an instance of an object
[Ref 1AA79EB2] Duplicate stacktrace, see ref for original
Could not execute post-long-event action. Exception: System.NullReferenceException: Object reference not set to an instance of an object
[Ref 1AA79EB2] Duplicate stacktrace, see ref for original
Could not execute post-long-event action. Exception: System.NullReferenceException: Object reference not set to an instance of an object
[Ref 1AA79EB2] Duplicate stacktrace, see ref for original
Could not execute post-long-event action. Exception: System.NullReferenceException: Object reference not set to an instance of an object
[Ref 1AA79EB2] Duplicate stacktrace, see ref for original
Could not execute post-long-event action. Exception: System.NullReferenceException: Object reference not set to an instance of an object
[Ref 1AA79EB2] Duplicate stacktrace, see ref for original
Could not execute post-long-event action. Exception: System.NullReferenceException: Object reference not set to an instance of an object
[Ref 1AA79EB2] Duplicate stacktrace, see ref for original
Could not execute post-long-event action. Exception: System.NullReferenceException: Object reference not set to an instance of an object
[Ref 1AA79EB2] Duplicate stacktrace, see ref for original
ERROR: Shader Custom/Ritual flow rays (ritual glow) shader is not supported on this GPU (none of subshaders/fallbacks are suitable)
ERROR: Shader Custom/Ritual flow rays (ritual smoke) shader is not supported on this GPU (none of subshaders/fallbacks are suitable)
ERROR: Shader Custom/Ritual outline shader is not supported on this GPU (none of subshaders/fallbacks are suitable)
ERROR: Shader Custom/Ritual flow rays (ritual glow single ray) shader is not supported on this GPU (none of subshaders/fallbacks are suitable)
ERROR: Shader Custom/CutoutAnimated shader is not supported on this GPU (none of subshaders/fallbacks are suitable)
ERROR: Shader Custom/Additive Change Hue shader is not supported on this GPU (none of subshaders/fallbacks are suitable)
Could not execute post-long-event action. Exception: System.NullReferenceException: Object reference not set to an instance of an object
[Ref CF2FF030] Duplicate stacktrace, see ref for original
Could not execute post-long-event action. Exception: System.NullReferenceException: Object reference not set to an instance of an object
[Ref CF2FF030] Duplicate stacktrace, see ref for original
Could not execute post-long-event action. Exception: System.NullReferenceException: Object reference not set to an instance of an object
[Ref CF2FF030] Duplicate stacktrace, see ref for original
Could not execute post-long-event action. Exception: System.NullReferenceException: Object reference not set to an instance of an object
[Ref CF2FF030] Duplicate stacktrace, see ref for original
Could not execute post-long-event action. Exception: System.NullReferenceException: Object reference not set to an instance of an object
[Ref CF2FF030] Duplicate stacktrace, see ref for original
Could not execute post-long-event action. Exception: System.NullReferenceException: Object reference not set to an instance of an object
[Ref 6DF9E34F] Duplicate stacktrace, see ref for original
Could not execute post-long-event action. Exception: System.NullReferenceException: Object reference not set to an instance of an object
[Ref 4C8582E7] Duplicate stacktrace, see ref for original
Could not execute post-long-event action. Exception: System.NullReferenceException: Object reference not set to an instance of an object
[Ref CF2FF030] Duplicate stacktrace, see ref for original
Could not execute post-long-event action. Exception: System.NullReferenceException: Object reference not set to an instance of an object
[Ref CF2FF030] Duplicate stacktrace, see ref for original
Could not execute post-long-event action. Exception: System.NullReferenceException: Object reference not set to an instance of an object
[Ref CF2FF030] Duplicate stacktrace, see ref for original
Could not execute post-long-event action. Exception: System.NullReferenceException: Object reference not set to an instance of an object
[Ref CF2FF030] Duplicate stacktrace, see ref for original
Could not execute post-long-event action. Exception: System.NullReferenceException: Object reference not set to an instance of an object
[Ref 4C8582E7] Duplicate stacktrace, see ref for original
Could not execute post-long-event action. Exception: System.NullReferenceException: Object reference not set to an instance of an object
[Ref CF2FF030] Duplicate stacktrace, see ref for original
Could not execute post-long-event action. Exception: System.NullReferenceException: Object reference not set to an instance of an object
[Ref CF2FF030] Duplicate stacktrace, see ref for original
Could not execute post-long-event action. Exception: System.NullReferenceException: Object reference not set to an instance of an object
[Ref 4C8582E7] Duplicate stacktrace, see ref for original
Could not execute post-long-event action. Exception: System.NullReferenceException: Object reference not set to an instance of an object
[Ref CF2FF030] Duplicate stacktrace, see ref for original
Could not execute post-long-event action. Exception: System.NullReferenceException: Object reference not set to an instance of an object
[Ref 4C8582E7] Duplicate stacktrace, see ref for original
Could not execute post-long-event action. Exception: System.NullReferenceException: Object reference not set to an instance of an object
[Ref 4C8582E7] Duplicate stacktrace, see ref for original
Could not execute post-long-event action. Exception: System.NullReferenceException: Object reference not set to an instance of an object
[Ref CF2FF030] Duplicate stacktrace, see ref for original
Could not execute post-long-event action. Exception: System.NullReferenceException: Object reference not set to an instance of an object
[Ref CF2FF030] Duplicate stacktrace, see ref for original
Could not execute post-long-event action. Exception: System.NullReferenceException: Object reference not set to an instance of an object
[Ref CF2FF030] Duplicate stacktrace, see ref for original
Could not execute post-long-event action. Exception: System.NullReferenceException: Object reference not set to an instance of an object
[Ref 4C8582E7] Duplicate stacktrace, see ref for original
Could not execute post-long-event action. Exception: System.NullReferenceException: Object reference not set to an instance of an object
[Ref 4C8582E7] Duplicate stacktrace, see ref for original
Could not execute post-long-event action. Exception: System.NullReferenceException: Object reference not set to an instance of an object
[Ref CF2FF030] Duplicate stacktrace, see ref for original
Could not execute post-long-event action. Exception: System.NullReferenceException: Object reference not set to an instance of an object
[Ref 4C8582E7] Duplicate stacktrace, see ref for original
Could not execute post-long-event action. Exception: System.NullReferenceException: Object reference not set to an instance of an object
[Ref CF2FF030] Duplicate stacktrace, see ref for original
Could not execute post-long-event action. Exception: System.NullReferenceException: Object reference not set to an instance of an object
[Ref CF2FF030] Duplicate stacktrace, see ref for original
Could not execute post-long-event action. Exception: System.NullReferenceException: Object reference not set to an instance of an object
[Ref CF2FF030] Duplicate stacktrace, see ref for original
Could not execute post-long-event action. Exception: System.NullReferenceException: Object reference not set to an instance of an object
[Ref 4C8582E7] Duplicate stacktrace, see ref for original
Could not execute post-long-event action. Exception: System.NullReferenceException: Object reference not set to an instance of an object
[Ref CF2FF030] Duplicate stacktrace, see ref for original
Could not execute post-long-event action. Exception: System.NullReferenceException: Object reference not set to an instance of an object
[Ref CF2FF030] Duplicate stacktrace, see ref for original
Could not execute post-long-event action. Exception: System.NullReferenceException: Object reference not set to an instance of an object
[Ref 4C8582E7] Duplicate stacktrace, see ref for original
Could not execute post-long-event action. Exception: System.NullReferenceException: Object reference not set to an instance of an object
[Ref 4C8582E7] Duplicate stacktrace, see ref for original
Could not execute post-long-event action. Exception: System.NullReferenceException: Object reference not set to an instance of an object
[Ref 4C8582E7] Duplicate stacktrace, see ref for original
Could not execute post-long-event action. Exception: System.NullReferenceException: Object reference not set to an instance of an object
[Ref 6DF9E34F] Duplicate stacktrace, see ref for original
Could not execute post-long-event action. Exception: System.NullReferenceException: Object reference not set to an instance of an object
[Ref 4C8582E7] Duplicate stacktrace, see ref for original
Could not execute post-long-event action. Exception: System.NullReferenceException: Object reference not set to an instance of an object
[Ref 4C8582E7] Duplicate stacktrace, see ref for original
Could not execute post-long-event action. Exception: System.NullReferenceException: Object reference not set to an instance of an object
[Ref 4C8582E7] Duplicate stacktrace, see ref for original
Could not execute post-long-event action. Exception: System.NullReferenceException: Object reference not set to an instance of an object
[Ref 4C8582E7] Duplicate stacktrace, see ref for original
Could not execute post-long-event action. Exception: System.NullReferenceException: Object reference not set to an instance of an object
[Ref 4C8582E7] Duplicate stacktrace, see ref for original
Could not execute post-long-event action. Exception: System.NullReferenceException: Object reference not set to an instance of an object
[Ref 1AA79EB2] Duplicate stacktrace, see ref for original
Could not execute post-long-event action. Exception: System.NullReferenceException: Object reference not set to an instance of an object
[Ref 1AA79EB2] Duplicate stacktrace, see ref for original
Could not execute post-long-event action. Exception: System.NullReferenceException: Object reference not set to an instance of an object
[Ref 1AA79EB2] Duplicate stacktrace, see ref for original
Could not execute post-long-event action. Exception: System.NullReferenceException: Object reference not set to an instance of an object
[Ref 1AA79EB2] Duplicate stacktrace, see ref for original
Could not execute post-long-event action. Exception: System.NullReferenceException: Object reference not set to an instance of an object
[Ref 1AA79EB2] Duplicate stacktrace, see ref for original
Could not execute post-long-event action. Exception: System.NullReferenceException: Object reference not set to an instance of an object
[Ref 1AA79EB2] Duplicate stacktrace, see ref for original
Could not execute post-long-event action. Exception: System.NullReferenceException: Object reference not set to an instance of an object
[Ref 1AA79EB2] Duplicate stacktrace, see ref for original
Could not execute post-long-event action. Exception: System.NullReferenceException: Object reference not set to an instance of an object
[Ref 1AA79EB2] Duplicate stacktrace, see ref for original
Could not execute post-long-event action. Exception: System.NullReferenceException: Object reference not set to an instance of an object
[Ref 1AA79EB2] Duplicate stacktrace, see ref for original
Could not execute post-long-event action. Exception: System.NullReferenceException: Object reference not set to an instance of an object
[Ref 1AA79EB2] Duplicate stacktrace, see ref for original
Could not execute post-long-event action. Exception: System.NullReferenceException: Object reference not set to an instance of an object
[Ref 1AA79EB2] Duplicate stacktrace, see ref for original
Could not execute post-long-event action. Exception: System.NullReferenceException: Object reference not set to an instance of an object
[Ref 1AA79EB2] Duplicate stacktrace, see ref for original
Could not execute post-long-event action. Exception: System.NullReferenceException: Object reference not set to an instance of an object
[Ref 1AA79EB2] Duplicate stacktrace, see ref for original
Could not execute post-long-event action. Exception: System.NullReferenceException: Object reference not set to an instance of an object
[Ref 6DF9E34F] Duplicate stacktrace, see ref for original
Could not execute post-long-event action. Exception: System.NullReferenceException: Object reference not set to an instance of an object
[Ref 6DF9E34F] Duplicate stacktrace, see ref for original
Could not execute post-long-event action. Exception: System.NullReferenceException: Object reference not set to an instance of an object
[Ref 6DF9E34F] Duplicate stacktrace, see ref for original
Could not execute post-long-event action. Exception: System.NullReferenceException: Object reference not set to an instance of an object
[Ref 6DF9E34F] Duplicate stacktrace, see ref for original
Could not execute post-long-event action. Exception: System.NullReferenceException: Object reference not set to an instance of an object
[Ref 6DF9E34F] Duplicate stacktrace, see ref for original
Could not execute post-long-event action. Exception: System.NullReferenceException: Object reference not set to an instance of an object
[Ref 6DF9E34F] Duplicate stacktrace, see ref for original
Could not execute post-long-event action. Exception: System.NullReferenceException: Object reference not set to an instance of an object
[Ref 6DF9E34F] Duplicate stacktrace, see ref for original
Could not execute post-long-event action. Exception: System.NullReferenceException: Object reference not set to an instance of an object
[Ref 6DF9E34F] Duplicate stacktrace, see ref for original
Could not execute post-long-event action. Exception: System.NullReferenceException: Object reference not set to an instance of an object
[Ref 6DF9E34F] Duplicate stacktrace, see ref for original
Could not execute post-long-event action. Exception: System.NullReferenceException: Object reference not set to an instance of an object
[Ref 6DF9E34F] Duplicate stacktrace, see ref for original
Could not execute post-long-event action. Exception: System.NullReferenceException: Object reference not set to an instance of an object
[Ref 6DF9E34F] Duplicate stacktrace, see ref for original
Could not execute post-long-event action. Exception: System.NullReferenceException: Object reference not set to an instance of an object
[Ref 6DF9E34F] Duplicate stacktrace, see ref for original
Could not execute post-long-event action. Exception: System.NullReferenceException: Object reference not set to an instance of an object
[Ref 4C8582E7] Duplicate stacktrace, see ref for original
Could not execute post-long-event action. Exception: System.NullReferenceException: Object reference not set to an instance of an object
[Ref 4C8582E7] Duplicate stacktrace, see ref for original
Could not execute post-long-event action. Exception: System.NullReferenceException: Object reference not set to an instance of an object
[Ref 4C8582E7] Duplicate stacktrace, see ref for original
Could not execute post-long-event action. Exception: System.NullReferenceException: Object reference not set to an instance of an object
[Ref 4C8582E7] Duplicate stacktrace, see ref for original
Could not execute post-long-event action. Exception: System.NullReferenceException: Object reference not set to an instance of an object
[Ref 4C8582E7] Duplicate stacktrace, see ref for original
Could not execute post-long-event action. Exception: System.NullReferenceException: Object reference not set to an instance of an object
[Ref 4C8582E7] Duplicate stacktrace, see ref for original
Could not execute post-long-event action. Exception: System.NullReferenceException: Object reference not set to an instance of an object
[Ref 4C8582E7] Duplicate stacktrace, see ref for original
Could not execute post-long-event action. Exception: System.NullReferenceException: Object reference not set to an instance of an object
[Ref 4C8582E7] Duplicate stacktrace, see ref for original
Could not execute post-long-event action. Exception: System.NullReferenceException: Object reference not set to an instance of an object
[Ref 6DF9E34F] Duplicate stacktrace, see ref for original
Could not execute post-long-event action. Exception: System.NullReferenceException: Object reference not set to an instance of an object
[Ref 6DF9E34F] Duplicate stacktrace, see ref for original
Could not execute post-long-event action. Exception: System.NullReferenceException: Object reference not set to an instance of an object
[Ref 6DF9E34F] Duplicate stacktrace, see ref for original
Could not execute post-long-event action. Exception: System.NullReferenceException: Object reference not set to an instance of an object
[Ref 6DF9E34F] Duplicate stacktrace, see ref for original
Could not execute post-long-event action. Exception: System.NullReferenceException: Object reference not set to an instance of an object
[Ref 4C8582E7] Duplicate stacktrace, see ref for original
Could not execute post-long-event action. Exception: System.NullReferenceException: Object reference not set to an instance of an object
[Ref 4C8582E7] Duplicate stacktrace, see ref for original
Could not execute post-long-event action. Exception: System.NullReferenceException: Object reference not set to an instance of an object
[Ref 6DF9E34F] Duplicate stacktrace, see ref for original
Could not execute post-long-event action. Exception: System.NullReferenceException: Object reference not set to an instance of an object
[Ref 6DF9E34F] Duplicate stacktrace, see ref for original
Could not execute post-long-event action. Exception: System.NullReferenceException: Object reference not set to an instance of an object
[Ref 6DF9E34F] Duplicate stacktrace, see ref for original
ERROR: Shader Custom/Mote glow mech gestator shader is not supported on this GPU (none of subshaders/fallbacks are suitable)
ERROR: Shader Custom/Pollution Pump shader is not supported on this GPU (none of subshaders/fallbacks are suitable)
ERROR: Shader Custom/Mote glow beam shader is not supported on this GPU (none of subshaders/fallbacks are suitable)
ERROR: Shader Custom/Mote charging pulse shader is not supported on this GPU (none of subshaders/fallbacks are suitable)
ERROR: Shader Custom/Mote charging pulse shader is not supported on this GPU (none of subshaders/fallbacks are suitable)
ERROR: Shader Custom/Mote charging pulse shader is not supported on this GPU (none of subshaders/fallbacks are suitable)
ERROR: Shader Custom/Mote hellsphere target shader is not supported on this GPU (none of subshaders/fallbacks are suitable)
ERROR: Shader Custom/Mote glow soft scanner shader is not supported on this GPU (none of subshaders/fallbacks are suitable)
ERROR: Shader Custom/Subcore Encoder shader is not supported on this GPU (none of subshaders/fallbacks are suitable)
ERROR: Shader Custom/Mote glow circular scroling shader is not supported on this GPU (none of subshaders/fallbacks are suitable)
ERROR: Shader Custom/Mote glow parent rotation shader is not supported on this GPU (none of subshaders/fallbacks are suitable)
ERROR: Shader Custom/Mote Pawn Body Color shader is not supported on this GPU (none of subshaders/fallbacks are suitable)
ERROR: Shader Custom/Mote Pawn Body Glow shader is not supported on this GPU (none of subshaders/fallbacks are suitable)
ERROR: Shader Custom/Mote Apocriton Pulse shader is not supported on this GPU (none of subshaders/fallbacks are suitable)
ERROR: Shader Custom/Pawn silhouette stencil shader is not supported on this GPU (none of subshaders/fallbacks are suitable)
ERROR: Shader Custom/Pawn silhouette stencil color animated shader is not supported on this GPU (none of subshaders/fallbacks are suitable)
ERROR: Shader Custom/Ritual flow rays (ritual smoke no mask) shader is not supported on this GPU (none of subshaders/fallbacks are suitable)
Could not execute post-long-event action. Exception: System.NullReferenceException: Object reference not set to an instance of an object
[Ref 4C8582E7] Duplicate stacktrace, see ref for original
Could not execute post-long-event action. Exception: System.NullReferenceException: Object reference not set to an instance of an object
[Ref 4C8582E7] Duplicate stacktrace, see ref for original
Could not execute post-long-event action. Exception: System.NullReferenceException: Object reference not set to an instance of an object
[Ref 4C8582E7] Duplicate stacktrace, see ref for original
Could not execute post-long-event action. Exception: System.NullReferenceException: Object reference not set to an instance of an object
[Ref 4C8582E7] Duplicate stacktrace, see ref for original
Could not execute post-long-event action. Exception: System.NullReferenceException: Object reference not set to an instance of an object
[Ref 4C8582E7] Duplicate stacktrace, see ref for original
Could not execute post-long-event action. Exception: System.NullReferenceException: Object reference not set to an instance of an object
[Ref 4C8582E7] Duplicate stacktrace, see ref for original
Could not execute post-long-event action. Exception: System.NullReferenceException: Object reference not set to an instance of an object
[Ref 4C8582E7] Duplicate stacktrace, see ref for original
Could not execute post-long-event action. Exception: System.NullReferenceException: Object reference not set to an instance of an object
[Ref 4C8582E7] Duplicate stacktrace, see ref for original
Could not execute post-long-event action. Exception: System.NullReferenceException: Object reference not set to an instance of an object
[Ref 4C8582E7] Duplicate stacktrace, see ref for original
Could not execute post-long-event action. Exception: System.NullReferenceException: Object reference not set to an instance of an object
[Ref 4C8582E7] Duplicate stacktrace, see ref for original
Could not execute post-long-event action. Exception: System.NullReferenceException: Object reference not set to an instance of an object
[Ref 4C8582E7] Duplicate stacktrace, see ref for original
Could not execute post-long-event action. Exception: System.NullReferenceException: Object reference not set to an instance of an object
[Ref 4C8582E7] Duplicate stacktrace, see ref for original
Could not execute post-long-event action. Exception: System.NullReferenceException: Object reference not set to an instance of an object
[Ref 4C8582E7] Duplicate stacktrace, see ref for original
Could not execute post-long-event action. Exception: System.NullReferenceException: Object reference not set to an instance of an object
[Ref 6DF9E34F] Duplicate stacktrace, see ref for original
Could not execute post-long-event action. Exception: System.NullReferenceException: Object reference not set to an instance of an object
[Ref 4C8582E7] Duplicate stacktrace, see ref for original
Could not execute post-long-event action. Exception: System.NullReferenceException: Object reference not set to an instance of an object
[Ref CF2FF030] Duplicate stacktrace, see ref for original
Could not execute post-long-event action. Exception: System.NullReferenceException: Object reference not set to an instance of an object
[Ref CF2FF030] Duplicate stacktrace, see ref for original
Could not execute post-long-event action. Exception: System.NullReferenceException: Object reference not set to an instance of an object
[Ref CF2FF030] Duplicate stacktrace, see ref for original
Could not execute post-long-event action. Exception: System.NullReferenceException: Object reference not set to an instance of an object
[Ref CF2FF030] Duplicate stacktrace, see ref for original
Could not execute post-long-event action. Exception: System.NullReferenceException: Object reference not set to an instance of an object
[Ref CF2FF030] Duplicate stacktrace, see ref for original
Could not execute post-long-event action. Exception: System.NullReferenceException: Object reference not set to an instance of an object
[Ref CF2FF030] Duplicate stacktrace, see ref for original
Could not execute post-long-event action. Exception: System.NullReferenceException: Object reference not set to an instance of an object
[Ref 4C8582E7] Duplicate stacktrace, see ref for original
Could not execute post-long-event action. Exception: System.NullReferenceException: Object reference not set to an instance of an object
[Ref CF2FF030] Duplicate stacktrace, see ref for original
Could not execute post-long-event action. Exception: System.NullReferenceException: Object reference not set to an instance of an object
[Ref 6DF9E34F] Duplicate stacktrace, see ref for original
Could not execute post-long-event action. Exception: System.NullReferenceException: Object reference not set to an instance of an object
[Ref 4C8582E7] Duplicate stacktrace, see ref for original
Could not execute post-long-event action. Exception: System.NullReferenceException: Object reference not set to an instance of an object
[Ref CF2FF030] Duplicate stacktrace, see ref for original
Could not execute post-long-event action. Exception: System.NullReferenceException: Object reference not set to an instance of an object
[Ref CF2FF030] Duplicate stacktrace, see ref for original
Could not execute post-long-event action. Exception: System.NullReferenceException: Object reference not set to an instance of an object
[Ref 4C8582E7] Duplicate stacktrace, see ref for original
Could not execute post-long-event action. Exception: System.NullReferenceException: Object reference not set to an instance of an object
[Ref 4C8582E7] Duplicate stacktrace, see ref for original
Could not execute post-long-event action. Exception: System.NullReferenceException: Object reference not set to an instance of an object
[Ref CF2FF030] Duplicate stacktrace, see ref for original
Could not execute post-long-event action. Exception: System.NullReferenceException: Object reference not set to an instance of an object
[Ref CF2FF030] Duplicate stacktrace, see ref for original
Could not execute post-long-event action. Exception: System.NullReferenceException: Object reference not set to an instance of an object
[Ref CF2FF030] Duplicate stacktrace, see ref for original
Could not execute post-long-event action. Exception: System.NullReferenceException: Object reference not set to an instance of an object
[Ref CF2FF030] Duplicate stacktrace, see ref for original
Could not execute post-long-event action. Exception: System.NullReferenceException: Object reference not set to an instance of an object
[Ref CF2FF030] Duplicate stacktrace, see ref for original
Could not execute post-long-event action. Exception: System.NullReferenceException: Object reference not set to an instance of an object
[Ref CF2FF030] Duplicate stacktrace, see ref for original
Could not execute post-long-event action. Exception: System.NullReferenceException: Object reference not set to an instance of an object
[Ref 4C8582E7] Duplicate stacktrace, see ref for original
Could not execute post-long-event action. Exception: System.NullReferenceException: Object reference not set to an instance of an object
[Ref CF2FF030] Duplicate stacktrace, see ref for original
Could not execute post-long-event action. Exception: System.NullReferenceException: Object reference not set to an instance of an object
[Ref 4C8582E7] Duplicate stacktrace, see ref for original
Could not execute post-long-event action. Exception: System.NullReferenceException: Object reference not set to an instance of an object
[Ref 4C8582E7] Duplicate stacktrace, see ref for original
Could not execute post-long-event action. Exception: System.NullReferenceException: Object reference not set to an instance of an object
[Ref CF2FF030] Duplicate stacktrace, see ref for original
Could not execute post-long-event action. Exception: System.NullReferenceException: Object reference not set to an instance of an object
[Ref CF2FF030] Duplicate stacktrace, see ref for original
Could not execute post-long-event action. Exception: System.NullReferenceException: Object reference not set to an instance of an object
[Ref CF2FF030] Duplicate stacktrace, see ref for original
Could not execute post-long-event action. Exception: System.NullReferenceException: Object reference not set to an instance of an object
[Ref CF2FF030] Duplicate stacktrace, see ref for original
Could not execute post-long-event action. Exception: System.NullReferenceException: Object reference not set to an instance of an object
[Ref CF2FF030] Duplicate stacktrace, see ref for original
Could not execute post-long-event action. Exception: System.NullReferenceException: Object reference not set to an instance of an object
[Ref CF2FF030] Duplicate stacktrace, see ref for original
Could not execute post-long-event action. Exception: System.NullReferenceException: Object reference not set to an instance of an object
[Ref CF2FF030] Duplicate stacktrace, see ref for original
Could not execute post-long-event action. Exception: System.NullReferenceException: Object reference not set to an instance of an object
[Ref 6DF9E34F] Duplicate stacktrace, see ref for original
Could not execute post-long-event action. Exception: System.NullReferenceException: Object reference not set to an instance of an object
[Ref 6DF9E34F] Duplicate stacktrace, see ref for original
Could not execute post-long-event action. Exception: System.NullReferenceException: Object reference not set to an instance of an object
[Ref 4C8582E7] Duplicate stacktrace, see ref for original
Could not execute post-long-event action. Exception: System.NullReferenceException: Object reference not set to an instance of an object
[Ref 4C8582E7] Duplicate stacktrace, see ref for original
Could not execute post-long-event action. Exception: System.NullReferenceException: Object reference not set to an instance of an object
[Ref 4C8582E7] Duplicate stacktrace, see ref for original
Could not execute post-long-event action. Exception: System.NullReferenceException: Object reference not set to an instance of an object
[Ref 4C8582E7] Duplicate stacktrace, see ref for original
Could not execute post-long-event action. Exception: System.NullReferenceException: Object reference not set to an instance of an object
[Ref 4C8582E7] Duplicate stacktrace, see ref for original
Could not execute post-long-event action. Exception: System.NullReferenceException: Object reference not set to an instance of an object
[Ref 4C8582E7] Duplicate stacktrace, see ref for original
Could not execute post-long-event action. Exception: System.NullReferenceException: Object reference not set to an instance of an object
[Ref 4C8582E7] Duplicate stacktrace, see ref for original
Could not execute post-long-event action. Exception: System.NullReferenceException: Object reference not set to an instance of an object
[Ref 4C8582E7] Duplicate stacktrace, see ref for original
Could not execute post-long-event action. Exception: System.NullReferenceException: Object reference not set to an instance of an object
[Ref 6DF9E34F] Duplicate stacktrace, see ref for original
Could not execute post-long-event action. Exception: System.NullReferenceException: Object reference not set to an instance of an object
[Ref 6DF9E34F] Duplicate stacktrace, see ref for original
Could not execute post-long-event action. Exception: System.NullReferenceException: Object reference not set to an instance of an object
[Ref 4C8582E7] Duplicate stacktrace, see ref for original
Could not execute post-long-event action. Exception: System.NullReferenceException: Object reference not set to an instance of an object
[Ref 6DF9E34F] Duplicate stacktrace, see ref for original
Could not execute post-long-event action. Exception: System.NullReferenceException: Object reference not set to an instance of an object
[Ref 4C8582E7] Duplicate stacktrace, see ref for original
Could not execute post-long-event action. Exception: System.NullReferenceException: Object reference not set to an instance of an object
[Ref 4C8582E7] Duplicate stacktrace, see ref for original
Could not execute post-long-event action. Exception: System.NullReferenceException: Object reference not set to an instance of an object
[Ref 4C8582E7] Duplicate stacktrace, see ref for original
Could not execute post-long-event action. Exception: System.NullReferenceException: Object reference not set to an instance of an object
[Ref 1AA79EB2] Duplicate stacktrace, see ref for original
Could not execute post-long-event action. Exception: System.NullReferenceException: Object reference not set to an instance of an object
[Ref 1AA79EB2] Duplicate stacktrace, see ref for original
Could not execute post-long-event action. Exception: System.NullReferenceException: Object reference not set to an instance of an object
[Ref 1AA79EB2] Duplicate stacktrace, see ref for original
Could not execute post-long-event action. Exception: System.NullReferenceException: Object reference not set to an instance of an object
[Ref 1AA79EB2] Duplicate stacktrace, see ref for original
Could not execute post-long-event action. Exception: System.NullReferenceException: Object reference not set to an instance of an object
[Ref 1AA79EB2] Duplicate stacktrace, see ref for original
Could not execute post-long-event action. Exception: System.NullReferenceException: Object reference not set to an instance of an object
[Ref 1AA79EB2] Duplicate stacktrace, see ref for original
Could not execute post-long-event action. Exception: System.NullReferenceException: Object reference not set to an instance of an object
[Ref 1AA79EB2] Duplicate stacktrace, see ref for original
Could not execute post-long-event action. Exception: System.NullReferenceException: Object reference not set to an instance of an object
[Ref 1AA79EB2] Duplicate stacktrace, see ref for original
Could not execute post-long-event action. Exception: System.NullReferenceException: Object reference not set to an instance of an object
[Ref 1AA79EB2] Duplicate stacktrace, see ref for original
Could not execute post-long-event action. Exception: System.NullReferenceException: Object reference not set to an instance of an object
[Ref 1AA79EB2] Duplicate stacktrace, see ref for original
Could not execute post-long-event action. Exception: System.NullReferenceException: Object reference not set to an instance of an object
[Ref 1AA79EB2] Duplicate stacktrace, see ref for original
Could not execute post-long-event action. Exception: System.NullReferenceException: Object reference not set to an instance of an object
[Ref 1AA79EB2] Duplicate stacktrace, see ref for original
Could not execute post-long-event action. Exception: System.NullReferenceException: Object reference not set to an instance of an object
[Ref 1AA79EB2] Duplicate stacktrace, see ref for original
Could not execute post-long-event action. Exception: System.NullReferenceException: Object reference not set to an instance of an object
[Ref 1AA79EB2] Duplicate stacktrace, see ref for original
Could not execute post-long-event action. Exception: System.NullReferenceException: Object reference not set to an instance of an object
[Ref 1AA79EB2] Duplicate stacktrace, see ref for original
Could not execute post-long-event action. Exception: System.NullReferenceException: Object reference not set to an instance of an object
[Ref 1AA79EB2] Duplicate stacktrace, see ref for original
Could not execute post-long-event action. Exception: System.NullReferenceException: Object reference not set to an instance of an object
[Ref 1AA79EB2] Duplicate stacktrace, see ref for original
Could not execute post-long-event action. Exception: System.NullReferenceException: Object reference not set to an instance of an object
[Ref 1AA79EB2] Duplicate stacktrace, see ref for original
Could not execute post-long-event action. Exception: System.NullReferenceException: Object reference not set to an instance of an object
[Ref 1AA79EB2] Duplicate stacktrace, see ref for original
Could not execute post-long-event action. Exception: System.NullReferenceException: Object reference not set to an instance of an object
[Ref 6DF9E34F] Duplicate stacktrace, see ref for original
ERROR: Shader Custom/TransparentBelowSnow shader is not supported on this GPU (none of subshaders/fallbacks are suitable)
Could not execute post-long-event action. Exception: System.NullReferenceException: Object reference not set to an instance of an object
[Ref 6DF9E34F] Duplicate stacktrace, see ref for original
Could not execute post-long-event action. Exception: System.NullReferenceException: Object reference not set to an instance of an object
[Ref 6DF9E34F] Duplicate stacktrace, see ref for original
Could not execute post-long-event action. Exception: System.NullReferenceException: Object reference not set to an instance of an object
[Ref 6DF9E34F] Duplicate stacktrace, see ref for original
Could not execute post-long-event action. Exception: System.NullReferenceException: Object reference not set to an instance of an object
[Ref 6DF9E34F] Duplicate stacktrace, see ref for original
Could not execute post-long-event action. Exception: System.NullReferenceException: Object reference not set to an instance of an object
[Ref 6DF9E34F] Duplicate stacktrace, see ref for original
Could not execute post-long-event action. Exception: System.NullReferenceException: Object reference not set to an instance of an object
[Ref 6DF9E34F] Duplicate stacktrace, see ref for original
Could not execute post-long-event action. Exception: System.NullReferenceException: Object reference not set to an instance of an object
[Ref 6DF9E34F] Duplicate stacktrace, see ref for original
Could not execute post-long-event action. Exception: System.NullReferenceException: Object reference not set to an instance of an object
[Ref 6DF9E34F] Duplicate stacktrace, see ref for original
Could not execute post-long-event action. Exception: System.NullReferenceException: Object reference not set to an instance of an object
[Ref 6DF9E34F] Duplicate stacktrace, see ref for original
Could not execute post-long-event action. Exception: System.NullReferenceException: Object reference not set to an instance of an object
[Ref 6DF9E34F] Duplicate stacktrace, see ref for original
Could not execute post-long-event action. Exception: System.NullReferenceException: Object reference not set to an instance of an object
[Ref 6DF9E34F] Duplicate stacktrace, see ref for original
Could not execute post-long-event action. Exception: System.NullReferenceException: Object reference not set to an instance of an object
[Ref 6DF9E34F] Duplicate stacktrace, see ref for original
Could not execute post-long-event action. Exception: System.NullReferenceException: Object reference not set to an instance of an object
[Ref 6DF9E34F] Duplicate stacktrace, see ref for original
Could not execute post-long-event action. Exception: System.NullReferenceException: Object reference not set to an instance of an object
[Ref 6DF9E34F] Duplicate stacktrace, see ref for original
Could not execute post-long-event action. Exception: System.NullReferenceException: Object reference not set to an instance of an object
[Ref 1AA79EB2] Duplicate stacktrace, see ref for original
Could not execute post-long-event action. Exception: System.NullReferenceException: Object reference not set to an instance of an object
[Ref 1AA79EB2] Duplicate stacktrace, see ref for original
Could not execute post-long-event action. Exception: System.NullReferenceException: Object reference not set to an instance of an object
[Ref 1AA79EB2] Duplicate stacktrace, see ref for original
Could not execute post-long-event action. Exception: System.NullReferenceException: Object reference not set to an instance of an object
[Ref 1AA79EB2] Duplicate stacktrace, see ref for original
Could not execute post-long-event action. Exception: System.NullReferenceException: Object reference not set to an instance of an object
[Ref 1AA79EB2] Duplicate stacktrace, see ref for original
Could not execute post-long-event action. Exception: System.NullReferenceException: Object reference not set to an instance of an object
[Ref 1AA79EB2] Duplicate stacktrace, see ref for original
Could not execute post-long-event action. Exception: System.NullReferenceException: Object reference not set to an instance of an object
[Ref 1AA79EB2] Duplicate stacktrace, see ref for original
Could not execute post-long-event action. Exception: System.NullReferenceException: Object reference not set to an instance of an object
[Ref 1AA79EB2] Duplicate stacktrace, see ref for original
Could not execute post-long-event action. Exception: System.NullReferenceException: Object reference not set to an instance of an object
[Ref 1AA79EB2] Duplicate stacktrace, see ref for original
Could not execute post-long-event action. Exception: System.NullReferenceException: Object reference not set to an instance of an object
[Ref 1AA79EB2] Duplicate stacktrace, see ref for original
Could not execute post-long-event action. Exception: System.NullReferenceException: Object reference not set to an instance of an object
[Ref 1AA79EB2] Duplicate stacktrace, see ref for original
ERROR: Shader Custom/Multiply Add Scroll Circular shader is not supported on this GPU (none of subshaders/fallbacks are suitable)
ERROR: Shader Custom/Mote Psychic Warmup WordOf shader is not supported on this GPU (none of subshaders/fallbacks are suitable)
ERROR: Shader Custom/Mote Hate Chant shader is not supported on this GPU (none of subshaders/fallbacks are suitable)
ERROR: Shader Custom/Mote Hate Chant Shadow shader is not supported on this GPU (none of subshaders/fallbacks are suitable)
ERROR: Shader Custom/BioferriteHarvestPulse shader is not supported on this GPU (none of subshaders/fallbacks are suitable)
ERROR: Shader Custom/PsychicRitualCandleMote shader is not supported on this GPU (none of subshaders/fallbacks are suitable)
ERROR: Shader Custom/MoteIncineratorBeam shader is not supported on this GPU (none of subshaders/fallbacks are suitable)
ERROR: Shader Custom/Multiply Scroll Circular shader is not supported on this GPU (none of subshaders/fallbacks are suitable)
ERROR: Shader Custom/GroundFog shader is not supported on this GPU (none of subshaders/fallbacks are suitable)
ERROR: Shader Custom/VoidNodeDistortoin shader is not supported on this GPU (none of subshaders/fallbacks are suitable)
ERROR: Shader Custom/VoidNodeParallax shader is not supported on this GPU (none of subshaders/fallbacks are suitable)
Could not execute post-long-event action. Exception: System.NullReferenceException: Object reference not set to an instance of an object
[Ref 4C8582E7] Duplicate stacktrace, see ref for original
Could not execute post-long-event action. Exception: System.NullReferenceException: Object reference not set to an instance of an object
[Ref 4C8582E7] Duplicate stacktrace, see ref for original
Could not execute post-long-event action. Exception: System.NullReferenceException: Object reference not set to an instance of an object
[Ref 4C8582E7] Duplicate stacktrace, see ref for original
Could not execute post-long-event action. Exception: System.NullReferenceException: Object reference not set to an instance of an object
[Ref 4C8582E7] Duplicate stacktrace, see ref for original
Could not execute post-long-event action. Exception: System.NullReferenceException: Object reference not set to an instance of an object
[Ref 4C8582E7] Duplicate stacktrace, see ref for original
Could not execute post-long-event action. Exception: System.NullReferenceException: Object reference not set to an instance of an object
[Ref 4C8582E7] Duplicate stacktrace, see ref for original
Could not execute post-long-event action. Exception: System.NullReferenceException: Object reference not set to an instance of an object
[Ref 4C8582E7] Duplicate stacktrace, see ref for original
Could not execute post-long-event action. Exception: System.NullReferenceException: Object reference not set to an instance of an object
[Ref 6DF9E34F] Duplicate stacktrace, see ref for original
ERROR: Shader Custom/BuildingSquashNStretch shader is not supported on this GPU (none of subshaders/fallbacks are suitable)
Could not execute post-long-event action. Exception: System.NullReferenceException: Object reference not set to an instance of an object
[Ref 4C8582E7] Duplicate stacktrace, see ref for original
Could not execute post-long-event action. Exception: System.NullReferenceException: Object reference not set to an instance of an object
[Ref 4C8582E7] Duplicate stacktrace, see ref for original
Could not execute post-long-event action. Exception: System.NullReferenceException: Object reference not set to an instance of an object
[Ref 6DF9E34F] Duplicate stacktrace, see ref for original
Could not execute post-long-event action. Exception: System.NullReferenceException: Object reference not set to an instance of an object
[Ref 6DF9E34F] Duplicate stacktrace, see ref for original
Could not execute post-long-event action. Exception: System.NullReferenceException: Object reference not set to an instance of an object
[Ref 6DF9E34F] Duplicate stacktrace, see ref for original
Could not execute post-long-event action. Exception: System.NullReferenceException: Object reference not set to an instance of an object
[Ref 6DF9E34F] Duplicate stacktrace, see ref for original
Could not execute post-long-event action. Exception: System.NullReferenceException: Object reference not set to an instance of an object
[Ref 6DF9E34F] Duplicate stacktrace, see ref for original
Could not execute post-long-event action. Exception: System.NullReferenceException: Object reference not set to an instance of an object
[Ref 4C8582E7] Duplicate stacktrace, see ref for original
Could not execute post-long-event action. Exception: System.NullReferenceException: Object reference not set to an instance of an object
[Ref 6DF9E34F] Duplicate stacktrace, see ref for original
Could not execute post-long-event action. Exception: System.NullReferenceException: Object reference not set to an instance of an object
[Ref 6DF9E34F] Duplicate stacktrace, see ref for original
Could not execute post-long-event action. Exception: System.NullReferenceException: Object reference not set to an instance of an object
[Ref 4C8582E7] Duplicate stacktrace, see ref for original
Could not execute post-long-event action. Exception: System.NullReferenceException: Object reference not set to an instance of an object
[Ref 6DF9E34F] Duplicate stacktrace, see ref for original
Could not execute post-long-event action. Exception: System.NullReferenceException: Object reference not set to an instance of an object
[Ref 6DF9E34F] Duplicate stacktrace, see ref for original
Could not execute post-long-event action. Exception: System.NullReferenceException: Object reference not set to an instance of an object
[Ref CF2FF030] Duplicate stacktrace, see ref for original
Could not execute post-long-event action. Exception: System.NullReferenceException: Object reference not set to an instance of an object
[Ref 4C8582E7] Duplicate stacktrace, see ref for original
Could not execute post-long-event action. Exception: System.NullReferenceException: Object reference not set to an instance of an object
[Ref 4C8582E7] Duplicate stacktrace, see ref for original
Could not execute post-long-event action. Exception: System.NullReferenceException: Object reference not set to an instance of an object
[Ref 6DF9E34F] Duplicate stacktrace, see ref for original
Could not execute post-long-event action. Exception: System.NullReferenceException: Object reference not set to an instance of an object
[Ref 4C8582E7] Duplicate stacktrace, see ref for original
Could not execute post-long-event action. Exception: System.NullReferenceException: Object reference not set to an instance of an object
[Ref CF2FF030] Duplicate stacktrace, see ref for original
Could not execute post-long-event action. Exception: System.NullReferenceException: Object reference not set to an instance of an object
[Ref 4C8582E7] Duplicate stacktrace, see ref for original
Could not execute post-long-event action. Exception: System.NullReferenceException: Object reference not set to an instance of an object
[Ref 4C8582E7] Duplicate stacktrace, see ref for original
ERROR: Shader Custom/EndlessPit shader is not supported on this GPU (none of subshaders/fallbacks are suitable)
Could not execute post-long-event action. Exception: System.NullReferenceException: Object reference not set to an instance of an object
[Ref 4C8582E7] Duplicate stacktrace, see ref for original
ERROR: Shader Custom/BuildingWorking shader is not supported on this GPU (none of subshaders/fallbacks are suitable)
Could not execute post-long-event action. Exception: System.NullReferenceException: Object reference not set to an instance of an object
[Ref CF2FF030] Duplicate stacktrace, see ref for original
Could not execute post-long-event action. Exception: System.NullReferenceException: Object reference not set to an instance of an object
[Ref CF2FF030] Duplicate stacktrace, see ref for original
Could not execute post-long-event action. Exception: System.NullReferenceException: Object reference not set to an instance of an object
[Ref CF2FF030] Duplicate stacktrace, see ref for original
Could not execute post-long-event action. Exception: System.NullReferenceException: Object reference not set to an instance of an object
[Ref 4C8582E7] Duplicate stacktrace, see ref for original
Could not execute post-long-event action. Exception: System.NullReferenceException: Object reference not set to an instance of an object
[Ref 6DF9E34F] Duplicate stacktrace, see ref for original
Could not execute post-long-event action. Exception: System.NullReferenceException: Object reference not set to an instance of an object
[Ref 6DF9E34F] Duplicate stacktrace, see ref for original
Could not execute post-long-event action. Exception: System.NullReferenceException: Object reference not set to an instance of an object
[Ref 6DF9E34F] Duplicate stacktrace, see ref for original
Could not execute post-long-event action. Exception: System.NullReferenceException: Object reference not set to an instance of an object
[Ref 6DF9E34F] Duplicate stacktrace, see ref for original
Could not execute post-long-event action. Exception: System.NullReferenceException: Object reference not set to an instance of an object
[Ref 6DF9E34F] Duplicate stacktrace, see ref for original
Could not execute post-long-event action. Exception: System.NullReferenceException: Object reference not set to an instance of an object
[Ref 6DF9E34F] Duplicate stacktrace, see ref for original
Could not execute post-long-event action. Exception: System.NullReferenceException: Object reference not set to an instance of an object
[Ref 6DF9E34F] Duplicate stacktrace, see ref for original
Could not execute post-long-event action. Exception: System.NullReferenceException: Object reference not set to an instance of an object
[Ref 6DF9E34F] Duplicate stacktrace, see ref for original
Could not execute post-long-event action. Exception: System.NullReferenceException: Object reference not set to an instance of an object
[Ref CF2FF030] Duplicate stacktrace, see ref for original
Could not execute post-long-event action. Exception: System.NullReferenceException: Object reference not set to an instance of an object
[Ref CF2FF030] Duplicate stacktrace, see ref for original
Could not execute post-long-event action. Exception: System.NullReferenceException: Object reference not set to an instance of an object
[Ref 4C8582E7] Duplicate stacktrace, see ref for original
Could not execute post-long-event action. Exception: System.NullReferenceException: Object reference not set to an instance of an object
[Ref 4C8582E7] Duplicate stacktrace, see ref for original
Could not execute post-long-event action. Exception: System.NullReferenceException: Object reference not set to an instance of an object
[Ref 4C8582E7] Duplicate stacktrace, see ref for original
Could not execute post-long-event action. Exception: System.NullReferenceException: Object reference not set to an instance of an object
[Ref 6DF9E34F] Duplicate stacktrace, see ref for original
Could not execute post-long-event action. Exception: System.NullReferenceException: Object reference not set to an instance of an object
[Ref 4C8582E7] Duplicate stacktrace, see ref for original
Could not execute post-long-event action. Exception: System.NullReferenceException: Object reference not set to an instance of an object
[Ref 4C8582E7] Duplicate stacktrace, see ref for original
Could not execute post-long-event action. Exception: System.NullReferenceException: Object reference not set to an instance of an object
[Ref 4C8582E7] Duplicate stacktrace, see ref for original
Could not execute post-long-event action. Exception: System.NullReferenceException: Object reference not set to an instance of an object
[Ref 4C8582E7] Duplicate stacktrace, see ref for original
Could not execute post-long-event action. Exception: System.NullReferenceException: Object reference not set to an instance of an object
[Ref 4C8582E7] Duplicate stacktrace, see ref for original
Could not execute post-long-event action. Exception: System.NullReferenceException: Object reference not set to an instance of an object
[Ref 6DF9E34F] Duplicate stacktrace, see ref for original
Could not execute post-long-event action. Exception: System.NullReferenceException: Object reference not set to an instance of an object
[Ref 6DF9E34F] Duplicate stacktrace, see ref for original
Could not execute post-long-event action. Exception: System.NullReferenceException: Object reference not set to an instance of an object
[Ref 6DF9E34F] Duplicate stacktrace, see ref for original
Could not execute post-long-event action. Exception: System.NullReferenceException: Object reference not set to an instance of an object
[Ref 4C8582E7] Duplicate stacktrace, see ref for original
Could not execute post-long-event action. Exception: System.NullReferenceException: Object reference not set to an instance of an object
[Ref 6DF9E34F] Duplicate stacktrace, see ref for original
Could not execute post-long-event action. Exception: System.NullReferenceException: Object reference not set to an instance of an object
[Ref 4C8582E7] Duplicate stacktrace, see ref for original
Could not execute post-long-event action. Exception: System.NullReferenceException: Object reference not set to an instance of an object
[Ref 4C8582E7] Duplicate stacktrace, see ref for original
Could not execute post-long-event action. Exception: System.NullReferenceException: Object reference not set to an instance of an object
[Ref 6DF9E34F] Duplicate stacktrace, see ref for original
Could not execute post-long-event action. Exception: System.NullReferenceException: Object reference not set to an instance of an object
[Ref 4C8582E7] Duplicate stacktrace, see ref for original
Could not execute post-long-event action. Exception: System.NullReferenceException: Object reference not set to an instance of an object
[Ref 6DF9E34F] Duplicate stacktrace, see ref for original
Could not execute post-long-event action. Exception: System.NullReferenceException: Object reference not set to an instance of an object
[Ref 1AA79EB2] Duplicate stacktrace, see ref for original
Could not execute post-long-event action. Exception: System.NullReferenceException: Object reference not set to an instance of an object
[Ref 1AA79EB2] Duplicate stacktrace, see ref for original
Could not execute post-long-event action. Exception: System.NullReferenceException: Object reference not set to an instance of an object
[Ref 1AA79EB2] Duplicate stacktrace, see ref for original
Could not execute post-long-event action. Exception: System.NullReferenceException: Object reference not set to an instance of an object
[Ref 1AA79EB2] Duplicate stacktrace, see ref for original
Could not execute post-long-event action. Exception: System.NullReferenceException: Object reference not set to an instance of an object
[Ref 1AA79EB2] Duplicate stacktrace, see ref for original
Could not execute post-long-event action. Exception: System.NullReferenceException: Object reference not set to an instance of an object
[Ref 1AA79EB2] Duplicate stacktrace, see ref for original
Could not execute post-long-event action. Exception: System.NullReferenceException: Object reference not set to an instance of an object
[Ref 1AA79EB2] Duplicate stacktrace, see ref for original
Could not execute post-long-event action. Exception: System.NullReferenceException: Object reference not set to an instance of an object
[Ref 1AA79EB2] Duplicate stacktrace, see ref for original
Could not execute post-long-event action. Exception: System.NullReferenceException: Object reference not set to an instance of an object
[Ref 1AA79EB2] Duplicate stacktrace, see ref for original
Could not execute post-long-event action. Exception: System.NullReferenceException: Object reference not set to an instance of an object
[Ref 4C8582E7] Duplicate stacktrace, see ref for original
Could not execute post-long-event action. Exception: System.NullReferenceException: Object reference not set to an instance of an object
[Ref 4C8582E7] Duplicate stacktrace, see ref for original
Could not execute post-long-event action. Exception: System.NullReferenceException: Object reference not set to an instance of an object
[Ref 4B26416A] Duplicate stacktrace, see ref for original
Could not execute post-long-event action. Exception: System.NullReferenceException: Object reference not set to an instance of an object
[Ref 4B26416A] Duplicate stacktrace, see ref for original
Could not execute post-long-event action. Exception: System.NullReferenceException: Object reference not set to an instance of an object
[Ref 4B26416A] Duplicate stacktrace, see ref for original
Could not execute post-long-event action. Exception: System.NullReferenceException: Object reference not set to an instance of an object
[Ref 4B26416A] Duplicate stacktrace, see ref for original
Could not execute post-long-event action. Exception: System.NullReferenceException: Object reference not set to an instance of an object
[Ref 6DF9E34F] Duplicate stacktrace, see ref for original
Could not execute post-long-event action. Exception: System.NullReferenceException: Object reference not set to an instance of an object
[Ref 6DF9E34F] Duplicate stacktrace, see ref for original
Could not execute post-long-event action. Exception: System.NullReferenceException: Object reference not set to an instance of an object
[Ref 6DF9E34F] Duplicate stacktrace, see ref for original
Could not execute post-long-event action. Exception: System.NullReferenceException: Object reference not set to an instance of an object
[Ref 6DF9E34F] Duplicate stacktrace, see ref for original
Could not execute post-long-event action. Exception: System.NullReferenceException: Object reference not set to an instance of an object
[Ref 6DF9E34F] Duplicate stacktrace, see ref for original
Could not execute post-long-event action. Exception: System.NullReferenceException: Object reference not set to an instance of an object
[Ref 6DF9E34F] Duplicate stacktrace, see ref for original
Could not execute post-long-event action. Exception: System.NullReferenceException: Object reference not set to an instance of an object
[Ref 4C8582E7] Duplicate stacktrace, see ref for original
Could not execute post-long-event action. Exception: System.NullReferenceException: Object reference not set to an instance of an object
[Ref 4C8582E7] Duplicate stacktrace, see ref for original
Could not execute post-long-event action. Exception: System.NullReferenceException: Object reference not set to an instance of an object
[Ref 6DF9E34F] Duplicate stacktrace, see ref for original
Could not execute post-long-event action. Exception: System.NullReferenceException: Object reference not set to an instance of an object
[Ref 1AA79EB2] Duplicate stacktrace, see ref for original
Could not execute post-long-event action. Exception: System.NullReferenceException: Object reference not set to an instance of an object
[Ref 1AA79EB2] Duplicate stacktrace, see ref for original
Could not execute post-long-event action. Exception: System.NullReferenceException: Object reference not set to an instance of an object
[Ref 1AA79EB2] Duplicate stacktrace, see ref for original
Could not execute post-long-event action. Exception: System.NullReferenceException: Object reference not set to an instance of an object
[Ref 6DF9E34F] Duplicate stacktrace, see ref for original
Could not execute post-long-event action. Exception: System.NullReferenceException: Object reference not set to an instance of an object
[Ref 4C8582E7] Duplicate stacktrace, see ref for original
Could not execute post-long-event action. Exception: System.NullReferenceException: Object reference not set to an instance of an object
[Ref 4C8582E7] Duplicate stacktrace, see ref for original
Could not execute post-long-event action. Exception: System.NullReferenceException: Object reference not set to an instance of an object
[Ref 4C8582E7] Duplicate stacktrace, see ref for original
ERROR: Shader Custom/Terrain lava shallow shader is not supported on this GPU (none of subshaders/fallbacks are suitable)
Could not execute post-long-event action. Exception: System.NullReferenceException: Object reference not set to an instance of an object
[Ref 6DF9E34F] Duplicate stacktrace, see ref for original
Could not execute post-long-event action. Exception: System.NullReferenceException: Object reference not set to an instance of an object
[Ref CF2FF030] Duplicate stacktrace, see ref for original
Could not execute post-long-event action. Exception: System.NullReferenceException: Object reference not set to an instance of an object
[Ref 6DF9E34F] Duplicate stacktrace, see ref for original
Could not execute post-long-event action. Exception: System.NullReferenceException: Object reference not set to an instance of an object
[Ref 6DF9E34F] Duplicate stacktrace, see ref for original
Could not execute post-long-event action. Exception: System.NullReferenceException: Object reference not set to an instance of an object
[Ref 6DF9E34F] Duplicate stacktrace, see ref for original
Could not execute post-long-event action. Exception: System.NullReferenceException: Object reference not set to an instance of an object
[Ref CF2FF030] Duplicate stacktrace, see ref for original
Could not execute post-long-event action. Exception: System.NullReferenceException: Object reference not set to an instance of an object
[Ref CF2FF030] Duplicate stacktrace, see ref for original
Could not execute post-long-event action. Exception: System.NullReferenceException: Object reference not set to an instance of an object
[Ref CF2FF030] Duplicate stacktrace, see ref for original
Could not execute post-long-event action. Exception: System.NullReferenceException: Object reference not set to an instance of an object
[Ref CF2FF030] Duplicate stacktrace, see ref for original
Could not execute post-long-event action. Exception: System.NullReferenceException: Object reference not set to an instance of an object
[Ref CF2FF030] Duplicate stacktrace, see ref for original
Could not execute post-long-event action. Exception: System.NullReferenceException: Object reference not set to an instance of an object
[Ref CF2FF030] Duplicate stacktrace, see ref for original
Could not execute post-long-event action. Exception: System.NullReferenceException: Object reference not set to an instance of an object
[Ref CF2FF030] Duplicate stacktrace, see ref for original
Could not execute post-long-event action. Exception: System.NullReferenceException: Object reference not set to an instance of an object
[Ref CF2FF030] Duplicate stacktrace, see ref for original
Could not execute post-long-event action. Exception: System.NullReferenceException: Object reference not set to an instance of an object
[Ref CF2FF030] Duplicate stacktrace, see ref for original
Could not execute post-long-event action. Exception: System.NullReferenceException: Object reference not set to an instance of an object
[Ref CF2FF030] Duplicate stacktrace, see ref for original
Could not execute post-long-event action. Exception: System.NullReferenceException: Object reference not set to an instance of an object
[Ref CF2FF030] Duplicate stacktrace, see ref for original
Could not execute post-long-event action. Exception: System.NullReferenceException: Object reference not set to an instance of an object
[Ref CF2FF030] Duplicate stacktrace, see ref for original
Could not execute post-long-event action. Exception: System.NullReferenceException: Object reference not set to an instance of an object
[Ref CF2FF030] Duplicate stacktrace, see ref for original
Could not execute post-long-event action. Exception: System.NullReferenceException: Object reference not set to an instance of an object
[Ref CF2FF030] Duplicate stacktrace, see ref for original
Could not execute post-long-event action. Exception: System.NullReferenceException: Object reference not set to an instance of an object
[Ref 6DF9E34F] Duplicate stacktrace, see ref for original
Could not execute post-long-event action. Exception: System.NullReferenceException: Object reference not set to an instance of an object
[Ref 6DF9E34F] Duplicate stacktrace, see ref for original
Could not execute post-long-event action. Exception: System.NullReferenceException: Object reference not set to an instance of an object
[Ref CF2FF030] Duplicate stacktrace, see ref for original
Could not execute post-long-event action. Exception: System.NullReferenceException: Object reference not set to an instance of an object
[Ref CF2FF030] Duplicate stacktrace, see ref for original
Could not execute post-long-event action. Exception: System.NullReferenceException: Object reference not set to an instance of an object
[Ref 6DF9E34F] Duplicate stacktrace, see ref for original
Could not execute post-long-event action. Exception: System.NullReferenceException: Object reference not set to an instance of an object
[Ref CF2FF030] Duplicate stacktrace, see ref for original
Could not execute post-long-event action. Exception: System.NullReferenceException: Object reference not set to an instance of an object
[Ref CF2FF030] Duplicate stacktrace, see ref for original
Could not execute post-long-event action. Exception: System.NullReferenceException: Object reference not set to an instance of an object
[Ref 4C8582E7] Duplicate stacktrace, see ref for original
Could not execute post-long-event action. Exception: System.NullReferenceException: Object reference not set to an instance of an object
[Ref CF2FF030] Duplicate stacktrace, see ref for original
Could not execute post-long-event action. Exception: System.NullReferenceException: Object reference not set to an instance of an object
[Ref CF2FF030] Duplicate stacktrace, see ref for original
Could not execute post-long-event action. Exception: System.NullReferenceException: Object reference not set to an instance of an object
[Ref CF2FF030] Duplicate stacktrace, see ref for original
Could not execute post-long-event action. Exception: System.NullReferenceException: Object reference not set to an instance of an object
[Ref CF2FF030] Duplicate stacktrace, see ref for original
Could not execute post-long-event action. Exception: System.NullReferenceException: Object reference not set to an instance of an object
[Ref CF2FF030] Duplicate stacktrace, see ref for original
Could not execute post-long-event action. Exception: System.NullReferenceException: Object reference not set to an instance of an object
[Ref CF2FF030] Duplicate stacktrace, see ref for original
Could not execute post-long-event action. Exception: System.NullReferenceException: Object reference not set to an instance of an object
[Ref 6DF9E34F] Duplicate stacktrace, see ref for original
Could not execute post-long-event action. Exception: System.NullReferenceException: Object reference not set to an instance of an object
[Ref 6DF9E34F] Duplicate stacktrace, see ref for original
Could not execute post-long-event action. Exception: System.NullReferenceException: Object reference not set to an instance of an object
[Ref 4C8582E7] Duplicate stacktrace, see ref for original
Could not execute post-long-event action. Exception: System.NullReferenceException: Object reference not set to an instance of an object
[Ref 6DF9E34F] Duplicate stacktrace, see ref for original
Could not execute post-long-event action. Exception: System.NullReferenceException: Object reference not set to an instance of an object
[Ref 6DF9E34F] Duplicate stacktrace, see ref for original
Could not execute post-long-event action. Exception: System.NullReferenceException: Object reference not set to an instance of an object
[Ref 6DF9E34F] Duplicate stacktrace, see ref for original
Could not execute post-long-event action. Exception: System.NullReferenceException: Object reference not set to an instance of an object
[Ref 5D38101A] Duplicate stacktrace, see ref for original
Could not execute post-long-event action. Exception: System.NullReferenceException: Object reference not set to an instance of an object
[Ref 5D38101A] Duplicate stacktrace, see ref for original
Could not execute post-long-event action. Exception: System.NullReferenceException: Object reference not set to an instance of an object
[Ref 6DF9E34F] Duplicate stacktrace, see ref for original
Could not execute post-long-event action. Exception: System.NullReferenceException: Object reference not set to an instance of an object
[Ref 6DF9E34F] Duplicate stacktrace, see ref for original
Could not execute post-long-event action. Exception: System.NullReferenceException: Object reference not set to an instance of an object
[Ref 4C8582E7] Duplicate stacktrace, see ref for original
Could not execute post-long-event action. Exception: System.NullReferenceException: Object reference not set to an instance of an object
[Ref CF2FF030] Duplicate stacktrace, see ref for original
Could not execute post-long-event action. Exception: System.NullReferenceException: Object reference not set to an instance of an object
[Ref CF2FF030] Duplicate stacktrace, see ref for original
Could not execute post-long-event action. Exception: System.NullReferenceException: Object reference not set to an instance of an object
[Ref 6DF9E34F] Duplicate stacktrace, see ref for original
Could not execute post-long-event action. Exception: System.NullReferenceException: Object reference not set to an instance of an object
[Ref CF2FF030] Duplicate stacktrace, see ref for original
Could not execute post-long-event action. Exception: System.NullReferenceException: Object reference not set to an instance of an object
[Ref CF2FF030] Duplicate stacktrace, see ref for original
Could not execute post-long-event action. Exception: System.NullReferenceException: Object reference not set to an instance of an object
[Ref 6DF9E34F] Duplicate stacktrace, see ref for original
Could not execute post-long-event action. Exception: System.NullReferenceException: Object reference not set to an instance of an object
[Ref 6DF9E34F] Duplicate stacktrace, see ref for original
Could not execute post-long-event action. Exception: System.NullReferenceException: Object reference not set to an instance of an object
[Ref 6DF9E34F] Duplicate stacktrace, see ref for original
Could not execute post-long-event action. Exception: System.NullReferenceException: Object reference not set to an instance of an object
[Ref 5D38101A] Duplicate stacktrace, see ref for original
Could not execute post-long-event action. Exception: System.NullReferenceException: Object reference not set to an instance of an object
[Ref 5D38101A] Duplicate stacktrace, see ref for original
Could not execute post-long-event action. Exception: System.NullReferenceException: Object reference not set to an instance of an object
[Ref 5D38101A] Duplicate stacktrace, see ref for original
Could not execute post-long-event action. Exception: System.NullReferenceException: Object reference not set to an instance of an object
[Ref CF2FF030] Duplicate stacktrace, see ref for original
Could not execute post-long-event action. Exception: System.NullReferenceException: Object reference not set to an instance of an object
[Ref CF2FF030] Duplicate stacktrace, see ref for original
Could not execute post-long-event action. Exception: System.NullReferenceException: Object reference not set to an instance of an object
[Ref 4C8582E7] Duplicate stacktrace, see ref for original
Could not execute post-long-event action. Exception: System.NullReferenceException: Object reference not set to an instance of an object
[Ref 4C8582E7] Duplicate stacktrace, see ref for original
Could not execute post-long-event action. Exception: System.NullReferenceException: Object reference not set to an instance of an object
[Ref 4C8582E7] Duplicate stacktrace, see ref for original
Could not execute post-long-event action. Exception: System.NullReferenceException: Object reference not set to an instance of an object
[Ref 4C8582E7] Duplicate stacktrace, see ref for original
Could not execute post-long-event action. Exception: System.NullReferenceException: Object reference not set to an instance of an object
[Ref 4C8582E7] Duplicate stacktrace, see ref for original
Could not execute post-long-event action. Exception: System.NullReferenceException: Object reference not set to an instance of an object
[Ref 4C8582E7] Duplicate stacktrace, see ref for original
Could not execute post-long-event action. Exception: System.NullReferenceException: Object reference not set to an instance of an object
[Ref 4C8582E7] Duplicate stacktrace, see ref for original
Could not execute post-long-event action. Exception: System.NullReferenceException: Object reference not set to an instance of an object
[Ref 4C8582E7] Duplicate stacktrace, see ref for original
Could not execute post-long-event action. Exception: System.NullReferenceException: Object reference not set to an instance of an object
[Ref 4C8582E7] Duplicate stacktrace, see ref for original
Could not execute post-long-event action. Exception: System.NullReferenceException: Object reference not set to an instance of an object
[Ref 4C8582E7] Duplicate stacktrace, see ref for original
Could not execute post-long-event action. Exception: System.NullReferenceException: Object reference not set to an instance of an object
[Ref 4C8582E7] Duplicate stacktrace, see ref for original
Could not execute post-long-event action. Exception: System.NullReferenceException: Object reference not set to an instance of an object
[Ref 4C8582E7] Duplicate stacktrace, see ref for original
Could not execute post-long-event action. Exception: System.NullReferenceException: Object reference not set to an instance of an object
[Ref 4C8582E7] Duplicate stacktrace, see ref for original
Could not execute post-long-event action. Exception: System.NullReferenceException: Object reference not set to an instance of an object
[Ref 4C8582E7] Duplicate stacktrace, see ref for original
Could not execute post-long-event action. Exception: System.NullReferenceException: Object reference not set to an instance of an object
[Ref 4C8582E7] Duplicate stacktrace, see ref for original
Could not execute post-long-event action. Exception: System.NullReferenceException: Object reference not set to an instance of an object
[Ref 6DF9E34F] Duplicate stacktrace, see ref for original
Could not execute post-long-event action. Exception: System.NullReferenceException: Object reference not set to an instance of an object
[Ref 4C8582E7] Duplicate stacktrace, see ref for original
Could not execute post-long-event action. Exception: System.NullReferenceException: Object reference not set to an instance of an object
[Ref CF2FF030] Duplicate stacktrace, see ref for original
Could not execute post-long-event action. Exception: System.NullReferenceException: Object reference not set to an instance of an object
[Ref CF2FF030] Duplicate stacktrace, see ref for original
Could not execute post-long-event action. Exception: System.NullReferenceException: Object reference not set to an instance of an object
[Ref CF2FF030] Duplicate stacktrace, see ref for original
Could not execute post-long-event action. Exception: System.NullReferenceException: Object reference not set to an instance of an object
[Ref CF2FF030] Duplicate stacktrace, see ref for original
Could not execute post-long-event action. Exception: System.NullReferenceException: Object reference not set to an instance of an object
[Ref CF2FF030] Duplicate stacktrace, see ref for original
Could not execute post-long-event action. Exception: System.NullReferenceException: Object reference not set to an instance of an object
[Ref CF2FF030] Duplicate stacktrace, see ref for original
Could not execute post-long-event action. Exception: System.NullReferenceException: Object reference not set to an instance of an object
[Ref CF2FF030] Duplicate stacktrace, see ref for original
Could not execute post-long-event action. Exception: System.NullReferenceException: Object reference not set to an instance of an object
[Ref 4C8582E7] Duplicate stacktrace, see ref for original
Could not execute post-long-event action. Exception: System.NullReferenceException: Object reference not set to an instance of an object
[Ref 4C8582E7] Duplicate stacktrace, see ref for original
Could not execute post-long-event action. Exception: System.NullReferenceException: Object reference not set to an instance of an object
[Ref 4C8582E7] Duplicate stacktrace, see ref for original
Could not execute post-long-event action. Exception: System.NullReferenceException: Object reference not set to an instance of an object
[Ref 4C8582E7] Duplicate stacktrace, see ref for original
Could not execute post-long-event action. Exception: System.NullReferenceException: Object reference not set to an instance of an object
[Ref CF2FF030] Duplicate stacktrace, see ref for original
Could not execute post-long-event action. Exception: System.NullReferenceException: Object reference not set to an instance of an object
[Ref 4C8582E7] Duplicate stacktrace, see ref for original
Could not execute post-long-event action. Exception: System.NullReferenceException: Object reference not set to an instance of an object
[Ref CF2FF030] Duplicate stacktrace, see ref for original
Could not execute post-long-event action. Exception: System.NullReferenceException: Object reference not set to an instance of an object
[Ref 4C8582E7] Duplicate stacktrace, see ref for original
Could not execute post-long-event action. Exception: System.NullReferenceException: Object reference not set to an instance of an object
[Ref 6DF9E34F] Duplicate stacktrace, see ref for original
Could not execute post-long-event action. Exception: System.NullReferenceException: Object reference not set to an instance of an object
[Ref 6DF9E34F] Duplicate stacktrace, see ref for original
Could not execute post-long-event action. Exception: System.NullReferenceException: Object reference not set to an instance of an object
[Ref CF2FF030] Duplicate stacktrace, see ref for original
Could not execute post-long-event action. Exception: System.NullReferenceException: Object reference not set to an instance of an object
[Ref 6DF9E34F] Duplicate stacktrace, see ref for original
Could not execute post-long-event action. Exception: System.NullReferenceException: Object reference not set to an instance of an object
[Ref 6DF9E34F] Duplicate stacktrace, see ref for original
Could not execute post-long-event action. Exception: System.NullReferenceException: Object reference not set to an instance of an object
[Ref 6DF9E34F] Duplicate stacktrace, see ref for original
Could not execute post-long-event action. Exception: System.NullReferenceException: Object reference not set to an instance of an object
[Ref 6DF9E34F] Duplicate stacktrace, see ref for original
Could not execute post-long-event action. Exception: System.NullReferenceException: Object reference not set to an instance of an object
[Ref 4C8582E7] Duplicate stacktrace, see ref for original
Could not execute post-long-event action. Exception: System.NullReferenceException: Object reference not set to an instance of an object
[Ref 4C8582E7] Duplicate stacktrace, see ref for original
Could not execute post-long-event action. Exception: System.NullReferenceException: Object reference not set to an instance of an object
[Ref 4C8582E7] Duplicate stacktrace, see ref for original
Could not execute post-long-event action. Exception: System.NullReferenceException: Object reference not set to an instance of an object
[Ref 4C8582E7] Duplicate stacktrace, see ref for original
Could not execute post-long-event action. Exception: System.NullReferenceException: Object reference not set to an instance of an object
[Ref 4C8582E7] Duplicate stacktrace, see ref for original
Could not execute post-long-event action. Exception: System.NullReferenceException: Object reference not set to an instance of an object
[Ref CF2FF030] Duplicate stacktrace, see ref for original
Could not execute post-long-event action. Exception: System.NullReferenceException: Object reference not set to an instance of an object
[Ref 6DF9E34F] Duplicate stacktrace, see ref for original
Could not execute post-long-event action. Exception: System.NullReferenceException: Object reference not set to an instance of an object
[Ref 4C8582E7] Duplicate stacktrace, see ref for original
Could not execute post-long-event action. Exception: System.NullReferenceException: Object reference not set to an instance of an object
[Ref 4C8582E7] Duplicate stacktrace, see ref for original
Could not execute post-long-event action. Exception: System.NullReferenceException: Object reference not set to an instance of an object
[Ref 4C8582E7] Duplicate stacktrace, see ref for original
Could not execute post-long-event action. Exception: System.NullReferenceException: Object reference not set to an instance of an object
[Ref CF2FF030] Duplicate stacktrace, see ref for original
Could not execute post-long-event action. Exception: System.NullReferenceException: Object reference not set to an instance of an object
[Ref CF2FF030] Duplicate stacktrace, see ref for original
Could not execute post-long-event action. Exception: System.NullReferenceException: Object reference not set to an instance of an object
[Ref 4C8582E7] Duplicate stacktrace, see ref for original
Could not execute post-long-event action. Exception: System.NullReferenceException: Object reference not set to an instance of an object
[Ref 4C8582E7] Duplicate stacktrace, see ref for original
Could not execute post-long-event action. Exception: System.NullReferenceException: Object reference not set to an instance of an object
[Ref 4C8582E7] Duplicate stacktrace, see ref for original
Could not execute post-long-event action. Exception: System.NullReferenceException: Object reference not set to an instance of an object
[Ref 4C8582E7] Duplicate stacktrace, see ref for original
Could not execute post-long-event action. Exception: System.NullReferenceException: Object reference not set to an instance of an object
[Ref 4C8582E7] Duplicate stacktrace, see ref for original
Could not execute post-long-event action. Exception: System.NullReferenceException: Object reference not set to an instance of an object
[Ref CF2FF030] Duplicate stacktrace, see ref for original
Could not execute post-long-event action. Exception: System.NullReferenceException: Object reference not set to an instance of an object
[Ref CF2FF030] Duplicate stacktrace, see ref for original
Could not execute post-long-event action. Exception: System.NullReferenceException: Object reference not set to an instance of an object
[Ref CF2FF030] Duplicate stacktrace, see ref for original
Could not execute post-long-event action. Exception: System.NullReferenceException: Object reference not set to an instance of an object
[Ref CF2FF030] Duplicate stacktrace, see ref for original
Could not execute post-long-event action. Exception: System.NullReferenceException: Object reference not set to an instance of an object
[Ref CF2FF030] Duplicate stacktrace, see ref for original
Could not execute post-long-event action. Exception: System.NullReferenceException: Object reference not set to an instance of an object
[Ref CF2FF030] Duplicate stacktrace, see ref for original
Could not execute post-long-event action. Exception: System.NullReferenceException: Object reference not set to an instance of an object
[Ref 4C8582E7] Duplicate stacktrace, see ref for original
Could not execute post-long-event action. Exception: System.NullReferenceException: Object reference not set to an instance of an object
[Ref 4C8582E7] Duplicate stacktrace, see ref for original
Could not execute post-long-event action. Exception: System.NullReferenceException: Object reference not set to an instance of an object
[Ref 4C8582E7] Duplicate stacktrace, see ref for original
Could not execute post-long-event action. Exception: System.NullReferenceException: Object reference not set to an instance of an object
[Ref 4C8582E7] Duplicate stacktrace, see ref for original
Could not execute post-long-event action. Exception: System.NullReferenceException: Object reference not set to an instance of an object
[Ref 6DF9E34F] Duplicate stacktrace, see ref for original
Could not execute post-long-event action. Exception: System.NullReferenceException: Object reference not set to an instance of an object
[Ref 6DF9E34F] Duplicate stacktrace, see ref for original
Could not execute post-long-event action. Exception: System.NullReferenceException: Object reference not set to an instance of an object
[Ref 6DF9E34F] Duplicate stacktrace, see ref for original
Could not execute post-long-event action. Exception: System.NullReferenceException: Object reference not set to an instance of an object
[Ref 6DF9E34F] Duplicate stacktrace, see ref for original
Could not execute post-long-event action. Exception: System.NullReferenceException: Object reference not set to an instance of an object
[Ref 6DF9E34F] Duplicate stacktrace, see ref for original
Could not execute post-long-event action. Exception: System.NullReferenceException: Object reference not set to an instance of an object
[Ref 6DF9E34F] Duplicate stacktrace, see ref for original
Could not execute post-long-event action. Exception: System.NullReferenceException: Object reference not set to an instance of an object
[Ref 6DF9E34F] Duplicate stacktrace, see ref for original
Could not execute post-long-event action. Exception: System.NullReferenceException: Object reference not set to an instance of an object
[Ref 6DF9E34F] Duplicate stacktrace, see ref for original
Could not execute post-long-event action. Exception: System.NullReferenceException: Object reference not set to an instance of an object
[Ref 6DF9E34F] Duplicate stacktrace, see ref for original
Could not execute post-long-event action. Exception: System.NullReferenceException: Object reference not set to an instance of an object
[Ref 6DF9E34F] Duplicate stacktrace, see ref for original
Could not execute post-long-event action. Exception: System.NullReferenceException: Object reference not set to an instance of an object
[Ref 6DF9E34F] Duplicate stacktrace, see ref for original
Could not execute post-long-event action. Exception: System.NullReferenceException: Object reference not set to an instance of an object
[Ref 6DF9E34F] Duplicate stacktrace, see ref for original
Could not execute post-long-event action. Exception: System.NullReferenceException: Object reference not set to an instance of an object
[Ref 6DF9E34F] Duplicate stacktrace, see ref for original
Could not execute post-long-event action. Exception: System.NullReferenceException: Object reference not set to an instance of an object
[Ref 6DF9E34F] Duplicate stacktrace, see ref for original
Could not execute post-long-event action. Exception: System.NullReferenceException: Object reference not set to an instance of an object
[Ref 6DF9E34F] Duplicate stacktrace, see ref for original
Could not execute post-long-event action. Exception: System.NullReferenceException: Object reference not set to an instance of an object
[Ref 6DF9E34F] Duplicate stacktrace, see ref for original
Could not execute post-long-event action. Exception: System.NullReferenceException: Object reference not set to an instance of an object
[Ref 6DF9E34F] Duplicate stacktrace, see ref for original
Could not execute post-long-event action. Exception: System.NullReferenceException: Object reference not set to an instance of an object
[Ref 6DF9E34F] Duplicate stacktrace, see ref for original
Could not execute post-long-event action. Exception: System.NullReferenceException: Object reference not set to an instance of an object
[Ref 6DF9E34F] Duplicate stacktrace, see ref for original
Could not execute post-long-event action. Exception: System.NullReferenceException: Object reference not set to an instance of an object
[Ref 6DF9E34F] Duplicate stacktrace, see ref for original
Could not execute post-long-event action. Exception: System.NullReferenceException: Object reference not set to an instance of an object
[Ref 6DF9E34F] Duplicate stacktrace, see ref for original
Could not execute post-long-event action. Exception: System.NullReferenceException: Object reference not set to an instance of an object
[Ref 6DF9E34F] Duplicate stacktrace, see ref for original
Could not execute post-long-event action. Exception: System.NullReferenceException: Object reference not set to an instance of an object
[Ref 6DF9E34F] Duplicate stacktrace, see ref for original
Could not execute post-long-event action. Exception: System.NullReferenceException: Object reference not set to an instance of an object
[Ref 6DF9E34F] Duplicate stacktrace, see ref for original
Could not execute post-long-event action. Exception: System.NullReferenceException: Object reference not set to an instance of an object
[Ref 6DF9E34F] Duplicate stacktrace, see ref for original
Could not execute post-long-event action. Exception: System.NullReferenceException: Object reference not set to an instance of an object
[Ref 6DF9E34F] Duplicate stacktrace, see ref for original
Could not execute post-long-event action. Exception: System.NullReferenceException: Object reference not set to an instance of an object
[Ref 6DF9E34F] Duplicate stacktrace, see ref for original
Could not execute post-long-event action. Exception: System.NullReferenceException: Object reference not set to an instance of an object
[Ref 6DF9E34F] Duplicate stacktrace, see ref for original
Could not execute post-long-event action. Exception: System.NullReferenceException: Object reference not set to an instance of an object
[Ref 4C8582E7] Duplicate stacktrace, see ref for original
Could not execute post-long-event action. Exception: System.NullReferenceException: Object reference not set to an instance of an object
[Ref 4C8582E7] Duplicate stacktrace, see ref for original
Could not execute post-long-event action. Exception: System.NullReferenceException: Object reference not set to an instance of an object
[Ref 6DF9E34F] Duplicate stacktrace, see ref for original
Could not execute post-long-event action. Exception: System.NullReferenceException: Object reference not set to an instance of an object
[Ref 6DF9E34F] Duplicate stacktrace, see ref for original
Could not execute post-long-event action. Exception: System.NullReferenceException: Object reference not set to an instance of an object
[Ref 6DF9E34F] Duplicate stacktrace, see ref for original
Could not execute post-long-event action. Exception: System.NullReferenceException: Object reference not set to an instance of an object
[Ref 6DF9E34F] Duplicate stacktrace, see ref for original
Could not execute post-long-event action. Exception: System.NullReferenceException: Object reference not set to an instance of an object
[Ref 6DF9E34F] Duplicate stacktrace, see ref for original
Could not execute post-long-event action. Exception: System.NullReferenceException: Object reference not set to an instance of an object
[Ref 6DF9E34F] Duplicate stacktrace, see ref for original
Could not execute post-long-event action. Exception: System.NullReferenceException: Object reference not set to an instance of an object
[Ref 6DF9E34F] Duplicate stacktrace, see ref for original
Could not execute post-long-event action. Exception: System.NullReferenceException: Object reference not set to an instance of an object
[Ref 6DF9E34F] Duplicate stacktrace, see ref for original
Could not execute post-long-event action. Exception: System.NullReferenceException: Object reference not set to an instance of an object
[Ref 6DF9E34F] Duplicate stacktrace, see ref for original
Could not execute post-long-event action. Exception: System.NullReferenceException: Object reference not set to an instance of an object
[Ref 6DF9E34F] Duplicate stacktrace, see ref for original
Could not execute post-long-event action. Exception: System.NullReferenceException: Object reference not set to an instance of an object
[Ref 6DF9E34F] Duplicate stacktrace, see ref for original
Could not execute post-long-event action. Exception: System.NullReferenceException: Object reference not set to an instance of an object
[Ref 6DF9E34F] Duplicate stacktrace, see ref for original
Could not execute post-long-event action. Exception: System.NullReferenceException: Object reference not set to an instance of an object
[Ref 6DF9E34F] Duplicate stacktrace, see ref for original
Could not execute post-long-event action. Exception: System.NullReferenceException: Object reference not set to an instance of an object
[Ref 6DF9E34F] Duplicate stacktrace, see ref for original
Could not execute post-long-event action. Exception: System.NullReferenceException: Object reference not set to an instance of an object
[Ref 6DF9E34F] Duplicate stacktrace, see ref for original
Could not execute post-long-event action. Exception: System.NullReferenceException: Object reference not set to an instance of an object
[Ref 6DF9E34F] Duplicate stacktrace, see ref for original
Could not execute post-long-event action. Exception: System.NullReferenceException: Object reference not set to an instance of an object
[Ref 4C8582E7] Duplicate stacktrace, see ref for original
Could not execute post-long-event action. Exception: System.NullReferenceException: Object reference not set to an instance of an object
[Ref 6DF9E34F] Duplicate stacktrace, see ref for original
Could not execute post-long-event action. Exception: System.NullReferenceException: Object reference not set to an instance of an object
[Ref 6DF9E34F] Duplicate stacktrace, see ref for original
Could not execute post-long-event action. Exception: System.NullReferenceException: Object reference not set to an instance of an object
[Ref 6DF9E34F] Duplicate stacktrace, see ref for original
Could not execute post-long-event action. Exception: System.NullReferenceException: Object reference not set to an instance of an object
[Ref 6DF9E34F] Duplicate stacktrace, see ref for original
Could not execute post-long-event action. Exception: System.NullReferenceException: Object reference not set to an instance of an object
[Ref 6DF9E34F] Duplicate stacktrace, see ref for original
Could not execute post-long-event action. Exception: System.NullReferenceException: Object reference not set to an instance of an object
[Ref 6DF9E34F] Duplicate stacktrace, see ref for original
Could not execute post-long-event action. Exception: System.NullReferenceException: Object reference not set to an instance of an object
[Ref 6DF9E34F] Duplicate stacktrace, see ref for original
Could not execute post-long-event action. Exception: System.NullReferenceException: Object reference not set to an instance of an object
[Ref 4B26416A] Duplicate stacktrace, see ref for original
Could not execute post-long-event action. Exception: System.NullReferenceException: Object reference not set to an instance of an object
[Ref 4B26416A] Duplicate stacktrace, see ref for original
Could not execute post-long-event action. Exception: System.NullReferenceException: Object reference not set to an instance of an object
[Ref 4B26416A] Duplicate stacktrace, see ref for original
Could not execute post-long-event action. Exception: System.NullReferenceException: Object reference not set to an instance of an object
[Ref 4B26416A] Duplicate stacktrace, see ref for original
Could not execute post-long-event action. Exception: System.NullReferenceException: Object reference not set to an instance of an object
[Ref 4B26416A] Duplicate stacktrace, see ref for original
Could not execute post-long-event action. Exception: System.NullReferenceException: Object reference not set to an instance of an object
[Ref 4B26416A] Duplicate stacktrace, see ref for original
Could not execute post-long-event action. Exception: System.NullReferenceException: Object reference not set to an instance of an object
[Ref 4B26416A] Duplicate stacktrace, see ref for original
Could not execute post-long-event action. Exception: System.NullReferenceException: Object reference not set to an instance of an object
[Ref 4B26416A] Duplicate stacktrace, see ref for original
Could not execute post-long-event action. Exception: System.NullReferenceException: Object reference not set to an instance of an object
[Ref 4B26416A] Duplicate stacktrace, see ref for original
Could not execute post-long-event action. Exception: System.NullReferenceException: Object reference not set to an instance of an object
[Ref 4B26416A] Duplicate stacktrace, see ref for original
Could not execute post-long-event action. Exception: System.NullReferenceException: Object reference not set to an instance of an object
[Ref 4B26416A] Duplicate stacktrace, see ref for original
Could not execute post-long-event action. Exception: System.NullReferenceException: Object reference not set to an instance of an object
[Ref 4B26416A] Duplicate stacktrace, see ref for original
Could not execute post-long-event action. Exception: System.NullReferenceException: Object reference not set to an instance of an object
[Ref 4B26416A] Duplicate stacktrace, see ref for original
Could not execute post-long-event action. Exception: System.NullReferenceException: Object reference not set to an instance of an object
[Ref 1AA79EB2] Duplicate stacktrace, see ref for original
Could not execute post-long-event action. Exception: System.NullReferenceException: Object reference not set to an instance of an object
[Ref 1AA79EB2] Duplicate stacktrace, see ref for original
Could not execute post-long-event action. Exception: System.NullReferenceException: Object reference not set to an instance of an object
[Ref 1AA79EB2] Duplicate stacktrace, see ref for original
Could not execute post-long-event action. Exception: System.NullReferenceException: Object reference not set to an instance of an object
[Ref 1AA79EB2] Duplicate stacktrace, see ref for original
Could not execute post-long-event action. Exception: System.NullReferenceException: Object reference not set to an instance of an object
[Ref 1AA79EB2] Duplicate stacktrace, see ref for original
Could not execute post-long-event action. Exception: System.NullReferenceException: Object reference not set to an instance of an object
[Ref 6DF9E34F] Duplicate stacktrace, see ref for original
Could not execute post-long-event action. Exception: System.NullReferenceException: Object reference not set to an instance of an object
[Ref 6DF9E34F] Duplicate stacktrace, see ref for original
Could not execute post-long-event action. Exception: System.NullReferenceException: Object reference not set to an instance of an object
[Ref 6DF9E34F] Duplicate stacktrace, see ref for original
Could not execute post-long-event action. Exception: System.NullReferenceException: Object reference not set to an instance of an object
[Ref 6DF9E34F] Duplicate stacktrace, see ref for original
Could not execute post-long-event action. Exception: System.NullReferenceException: Object reference not set to an instance of an object
[Ref 6DF9E34F] Duplicate stacktrace, see ref for original
Could not execute post-long-event action. Exception: System.NullReferenceException: Object reference not set to an instance of an object
[Ref 4C8582E7] Duplicate stacktrace, see ref for original
Could not execute post-long-event action. Exception: System.NullReferenceException: Object reference not set to an instance of an object
[Ref 4C8582E7] Duplicate stacktrace, see ref for original
Could not execute post-long-event action. Exception: System.NullReferenceException: Object reference not set to an instance of an object
[Ref 4C8582E7] Duplicate stacktrace, see ref for original
Could not execute post-long-event action. Exception: System.NullReferenceException: Object reference not set to an instance of an object
[Ref 6DF9E34F] Duplicate stacktrace, see ref for original
Could not execute post-long-event action. Exception: System.NullReferenceException: Object reference not set to an instance of an object
[Ref 6DF9E34F] Duplicate stacktrace, see ref for original
Could not execute post-long-event action. Exception: System.NullReferenceException: Object reference not set to an instance of an object
[Ref 6DF9E34F] Duplicate stacktrace, see ref for original
Could not execute post-long-event action. Exception: System.NullReferenceException: Object reference not set to an instance of an object
[Ref 6DF9E34F] Duplicate stacktrace, see ref for original
Could not execute post-long-event action. Exception: System.NullReferenceException: Object reference not set to an instance of an object
[Ref 6DF9E34F] Duplicate stacktrace, see ref for original
Could not execute post-long-event action. Exception: System.NullReferenceException: Object reference not set to an instance of an object
[Ref 6DF9E34F] Duplicate stacktrace, see ref for original
Could not execute post-long-event action. Exception: System.NullReferenceException: Object reference not set to an instance of an object
[Ref 6DF9E34F] Duplicate stacktrace, see ref for original
Could not execute post-long-event action. Exception: System.NullReferenceException: Object reference not set to an instance of an object
[Ref 6DF9E34F] Duplicate stacktrace, see ref for original
Could not execute post-long-event action. Exception: System.NullReferenceException: Object reference not set to an instance of an object
[Ref 6DF9E34F] Duplicate stacktrace, see ref for original
Could not execute post-long-event action. Exception: System.NullReferenceException: Object reference not set to an instance of an object
[Ref 6DF9E34F] Duplicate stacktrace, see ref for original
Could not execute post-long-event action. Exception: System.NullReferenceException: Object reference not set to an instance of an object
[Ref 6DF9E34F] Duplicate stacktrace, see ref for original
Could not execute post-long-event action. Exception: System.NullReferenceException: Object reference not set to an instance of an object
[Ref 6DF9E34F] Duplicate stacktrace, see ref for original
Could not execute post-long-event action. Exception: System.NullReferenceException: Object reference not set to an instance of an object
[Ref 6DF9E34F] Duplicate stacktrace, see ref for original
Could not execute post-long-event action. Exception: System.NullReferenceException: Object reference not set to an instance of an object
[Ref 6DF9E34F] Duplicate stacktrace, see ref for original
Could not execute post-long-event action. Exception: System.NullReferenceException: Object reference not set to an instance of an object
[Ref 6DF9E34F] Duplicate stacktrace, see ref for original
Could not execute post-long-event action. Exception: System.NullReferenceException: Object reference not set to an instance of an object
[Ref 6DF9E34F] Duplicate stacktrace, see ref for original
Could not execute post-long-event action. Exception: System.NullReferenceException: Object reference not set to an instance of an object
[Ref 6DF9E34F] Duplicate stacktrace, see ref for original
Could not execute post-long-event action. Exception: System.NullReferenceException: Object reference not set to an instance of an object
[Ref 6DF9E34F] Duplicate stacktrace, see ref for original
Could not execute post-long-event action. Exception: System.NullReferenceException: Object reference not set to an instance of an object
[Ref 6DF9E34F] Duplicate stacktrace, see ref for original
Could not execute post-long-event action. Exception: System.NullReferenceException: Object reference not set to an instance of an object
[Ref 6DF9E34F] Duplicate stacktrace, see ref for original
Could not execute post-long-event action. Exception: System.NullReferenceException: Object reference not set to an instance of an object
[Ref 6DF9E34F] Duplicate stacktrace, see ref for original
Could not execute post-long-event action. Exception: System.NullReferenceException: Object reference not set to an instance of an object
[Ref 6DF9E34F] Duplicate stacktrace, see ref for original
Could not execute post-long-event action. Exception: System.NullReferenceException: Object reference not set to an instance of an object
[Ref 6DF9E34F] Duplicate stacktrace, see ref for original
Could not execute post-long-event action. Exception: System.NullReferenceException: Object reference not set to an instance of an object
[Ref 6DF9E34F] Duplicate stacktrace, see ref for original
Could not execute post-long-event action. Exception: System.NullReferenceException: Object reference not set to an instance of an object
[Ref 6DF9E34F] Duplicate stacktrace, see ref for original
Could not execute post-long-event action. Exception: System.NullReferenceException: Object reference not set to an instance of an object
[Ref 6DF9E34F] Duplicate stacktrace, see ref for original
Could not execute post-long-event action. Exception: System.NullReferenceException: Object reference not set to an instance of an object
[Ref 1AA79EB2] Duplicate stacktrace, see ref for original
Could not execute post-long-event action. Exception: System.NullReferenceException: Object reference not set to an instance of an object
[Ref 1AA79EB2] Duplicate stacktrace, see ref for original
ERROR: Shader Custom/Edgedetect shader is not supported on this GPU (none of subshaders/fallbacks are suitable)
Could not execute post-long-event action. Exception: System.NullReferenceException: Object reference not set to an instance of an object
[Ref 4C8582E7] Duplicate stacktrace, see ref for original
Could not execute post-long-event action. Exception: System.NullReferenceException: Object reference not set to an instance of an object
[Ref 6DF9E34F] Duplicate stacktrace, see ref for original
Could not execute post-long-event action. Exception: System.NullReferenceException: Object reference not set to an instance of an object
[Ref 6DF9E34F] Duplicate stacktrace, see ref for original
Could not execute post-long-event action. Exception: System.NullReferenceException: Object reference not set to an instance of an object
[Ref 6DF9E34F] Duplicate stacktrace, see ref for original
Could not execute post-long-event action. Exception: System.NullReferenceException: Object reference not set to an instance of an object
[Ref CF2FF030] Duplicate stacktrace, see ref for original
Could not execute post-long-event action. Exception: System.NullReferenceException: Object reference not set to an instance of an object
[Ref CF2FF030] Duplicate stacktrace, see ref for original
Could not execute post-long-event action. Exception: System.NullReferenceException: Object reference not set to an instance of an object
[Ref CF2FF030] Duplicate stacktrace, see ref for original
Could not execute post-long-event action. Exception: System.NullReferenceException: Object reference not set to an instance of an object
[Ref CF2FF030] Duplicate stacktrace, see ref for original
Could not execute post-long-event action. Exception: System.NullReferenceException: Object reference not set to an instance of an object
[Ref CF2FF030] Duplicate stacktrace, see ref for original
Could not execute post-long-event action. Exception: System.NullReferenceException: Object reference not set to an instance of an object
[Ref CF2FF030] Duplicate stacktrace, see ref for original
Could not execute post-long-event action. Exception: System.NullReferenceException: Object reference not set to an instance of an object
[Ref CF2FF030] Duplicate stacktrace, see ref for original
Could not execute post-long-event action. Exception: System.NullReferenceException: Object reference not set to an instance of an object
[Ref CF2FF030] Duplicate stacktrace, see ref for original
Could not execute post-long-event action. Exception: System.NullReferenceException: Object reference not set to an instance of an object
[Ref CF2FF030] Duplicate stacktrace, see ref for original
Could not execute post-long-event action. Exception: System.NullReferenceException: Object reference not set to an instance of an object
[Ref CF2FF030] Duplicate stacktrace, see ref for original
Could not execute post-long-event action. Exception: System.NullReferenceException: Object reference not set to an instance of an object
[Ref CF2FF030] Duplicate stacktrace, see ref for original
Could not execute post-long-event action. Exception: System.NullReferenceException: Object reference not set to an instance of an object
[Ref CF2FF030] Duplicate stacktrace, see ref for original
Could not execute post-long-event action. Exception: System.NullReferenceException: Object reference not set to an instance of an object
[Ref CF2FF030] Duplicate stacktrace, see ref for original
Could not execute post-long-event action. Exception: System.NullReferenceException: Object reference not set to an instance of an object
[Ref CF2FF030] Duplicate stacktrace, see ref for original
Could not execute post-long-event action. Exception: System.NullReferenceException: Object reference not set to an instance of an object
[Ref 4C8582E7] Duplicate stacktrace, see ref for original
Could not execute post-long-event action. Exception: System.NullReferenceException: Object reference not set to an instance of an object
[Ref 4C8582E7] Duplicate stacktrace, see ref for original
Could not execute post-long-event action. Exception: System.NullReferenceException: Object reference not set to an instance of an object
[Ref 4C8582E7] Duplicate stacktrace, see ref for original
Could not execute post-long-event action. Exception: System.NullReferenceException: Object reference not set to an instance of an object
[Ref 4C8582E7] Duplicate stacktrace, see ref for original
Could not execute post-long-event action. Exception: System.NullReferenceException: Object reference not set to an instance of an object
[Ref 4C8582E7] Duplicate stacktrace, see ref for original
Could not execute post-long-event action. Exception: System.NullReferenceException: Object reference not set to an instance of an object
[Ref CF2FF030] Duplicate stacktrace, see ref for original
Could not execute post-long-event action. Exception: System.NullReferenceException: Object reference not set to an instance of an object
[Ref CF2FF030] Duplicate stacktrace, see ref for original
Could not execute post-long-event action. Exception: System.NullReferenceException: Object reference not set to an instance of an object
[Ref CF2FF030] Duplicate stacktrace, see ref for original
Could not execute post-long-event action. Exception: System.NullReferenceException: Object reference not set to an instance of an object
[Ref CF2FF030] Duplicate stacktrace, see ref for original
Could not execute post-long-event action. Exception: System.NullReferenceException: Object reference not set to an instance of an object
[Ref CF2FF030] Duplicate stacktrace, see ref for original
Could not execute post-long-event action. Exception: System.NullReferenceException: Object reference not set to an instance of an object
[Ref CF2FF030] Duplicate stacktrace, see ref for original
Could not execute post-long-event action. Exception: System.NullReferenceException: Object reference not set to an instance of an object
[Ref CF2FF030] Duplicate stacktrace, see ref for original
Could not execute post-long-event action. Exception: System.NullReferenceException: Object reference not set to an instance of an object
[Ref CF2FF030] Duplicate stacktrace, see ref for original
Could not execute post-long-event action. Exception: System.NullReferenceException: Object reference not set to an instance of an object
[Ref CF2FF030] Duplicate stacktrace, see ref for original
Could not execute post-long-event action. Exception: System.NullReferenceException: Object reference not set to an instance of an object
[Ref CF2FF030] Duplicate stacktrace, see ref for original
Could not execute post-long-event action. Exception: System.NullReferenceException: Object reference not set to an instance of an object
[Ref CF2FF030] Duplicate stacktrace, see ref for original
Could not execute post-long-event action. Exception: System.NullReferenceException: Object reference not set to an instance of an object
[Ref CF2FF030] Duplicate stacktrace, see ref for original
Could not execute post-long-event action. Exception: System.NullReferenceException: Object reference not set to an instance of an object
[Ref CF2FF030] Duplicate stacktrace, see ref for original
Could not execute post-long-event action. Exception: System.NullReferenceException: Object reference not set to an instance of an object
[Ref CF2FF030] Duplicate stacktrace, see ref for original
Could not execute post-long-event action. Exception: System.NullReferenceException: Object reference not set to an instance of an object
[Ref CF2FF030] Duplicate stacktrace, see ref for original
Could not execute post-long-event action. Exception: System.NullReferenceException: Object reference not set to an instance of an object
[Ref CF2FF030] Duplicate stacktrace, see ref for original
Could not execute post-long-event action. Exception: System.NullReferenceException: Object reference not set to an instance of an object
[Ref CF2FF030] Duplicate stacktrace, see ref for original
Could not execute post-long-event action. Exception: System.NullReferenceException: Object reference not set to an instance of an object
[Ref CF2FF030] Duplicate stacktrace, see ref for original
Could not execute post-long-event action. Exception: System.NullReferenceException: Object reference not set to an instance of an object
[Ref 4C8582E7] Duplicate stacktrace, see ref for original
Could not execute post-long-event action. Exception: System.NullReferenceException: Object reference not set to an instance of an object
[Ref 4C8582E7] Duplicate stacktrace, see ref for original
Could not execute post-long-event action. Exception: System.NullReferenceException: Object reference not set to an instance of an object
[Ref 4C8582E7] Duplicate stacktrace, see ref for original
Could not execute post-long-event action. Exception: System.NullReferenceException: Object reference not set to an instance of an object
[Ref 4C8582E7] Duplicate stacktrace, see ref for original
Could not execute post-long-event action. Exception: System.NullReferenceException: Object reference not set to an instance of an object
[Ref 4C8582E7] Duplicate stacktrace, see ref for original
Could not execute post-long-event action. Exception: System.NullReferenceException: Object reference not set to an instance of an object
[Ref 4C8582E7] Duplicate stacktrace, see ref for original
Could not execute post-long-event action. Exception: System.NullReferenceException: Object reference not set to an instance of an object
[Ref CF2FF030] Duplicate stacktrace, see ref for original
Could not execute post-long-event action. Exception: System.NullReferenceException: Object reference not set to an instance of an object
[Ref CF2FF030] Duplicate stacktrace, see ref for original
Could not execute post-long-event action. Exception: System.NullReferenceException: Object reference not set to an instance of an object
[Ref 4C8582E7] Duplicate stacktrace, see ref for original
Could not execute post-long-event action. Exception: System.NullReferenceException: Object reference not set to an instance of an object
[Ref 4C8582E7] Duplicate stacktrace, see ref for original
Could not execute post-long-event action. Exception: System.NullReferenceException: Object reference not set to an instance of an object
[Ref CF2FF030] Duplicate stacktrace, see ref for original
Could not execute post-long-event action. Exception: System.NullReferenceException: Object reference not set to an instance of an object
[Ref CF2FF030] Duplicate stacktrace, see ref for original
Could not execute post-long-event action. Exception: System.NullReferenceException: Object reference not set to an instance of an object
[Ref CF2FF030] Duplicate stacktrace, see ref for original
Could not execute post-long-event action. Exception: System.NullReferenceException: Object reference not set to an instance of an object
[Ref CF2FF030] Duplicate stacktrace, see ref for original
Could not execute post-long-event action. Exception: System.NullReferenceException: Object reference not set to an instance of an object
[Ref CF2FF030] Duplicate stacktrace, see ref for original
Could not execute post-long-event action. Exception: System.NullReferenceException: Object reference not set to an instance of an object
[Ref CF2FF030] Duplicate stacktrace, see ref for original
Could not execute post-long-event action. Exception: System.NullReferenceException: Object reference not set to an instance of an object
[Ref 4C8582E7] Duplicate stacktrace, see ref for original
Could not execute post-long-event action. Exception: System.NullReferenceException: Object reference not set to an instance of an object
[Ref 4C8582E7] Duplicate stacktrace, see ref for original
Could not execute post-long-event action. Exception: System.NullReferenceException: Object reference not set to an instance of an object
[Ref 4C8582E7] Duplicate stacktrace, see ref for original
Could not execute post-long-event action. Exception: System.NullReferenceException: Object reference not set to an instance of an object
[Ref 4C8582E7] Duplicate stacktrace, see ref for original
Could not execute post-long-event action. Exception: System.NullReferenceException: Object reference not set to an instance of an object
[Ref CF2FF030] Duplicate stacktrace, see ref for original
Could not execute post-long-event action. Exception: System.NullReferenceException: Object reference not set to an instance of an object
[Ref CF2FF030] Duplicate stacktrace, see ref for original
Could not execute post-long-event action. Exception: System.NullReferenceException: Object reference not set to an instance of an object
[Ref 4C8582E7] Duplicate stacktrace, see ref for original
Could not execute post-long-event action. Exception: System.NullReferenceException: Object reference not set to an instance of an object
[Ref 4C8582E7] Duplicate stacktrace, see ref for original
Could not execute post-long-event action. Exception: System.NullReferenceException: Object reference not set to an instance of an object
[Ref 4C8582E7] Duplicate stacktrace, see ref for original
Could not execute post-long-event action. Exception: System.NullReferenceException: Object reference not set to an instance of an object
[Ref 4C8582E7] Duplicate stacktrace, see ref for original
Could not execute post-long-event action. Exception: System.NullReferenceException: Object reference not set to an instance of an object
[Ref CF2FF030] Duplicate stacktrace, see ref for original
Could not execute post-long-event action. Exception: System.NullReferenceException: Object reference not set to an instance of an object
[Ref CF2FF030] Duplicate stacktrace, see ref for original
Could not execute post-long-event action. Exception: System.NullReferenceException: Object reference not set to an instance of an object
[Ref CF2FF030] Duplicate stacktrace, see ref for original
Could not execute post-long-event action. Exception: System.NullReferenceException: Object reference not set to an instance of an object
[Ref CF2FF030] Duplicate stacktrace, see ref for original
Could not execute post-long-event action. Exception: System.NullReferenceException: Object reference not set to an instance of an object
[Ref CF2FF030] Duplicate stacktrace, see ref for original
Could not execute post-long-event action. Exception: System.NullReferenceException: Object reference not set to an instance of an object
[Ref CF2FF030] Duplicate stacktrace, see ref for original
Could not execute post-long-event action. Exception: System.NullReferenceException: Object reference not set to an instance of an object
[Ref CF2FF030] Duplicate stacktrace, see ref for original
Could not execute post-long-event action. Exception: System.NullReferenceException: Object reference not set to an instance of an object
[Ref 4C8582E7] Duplicate stacktrace, see ref for original
Could not execute post-long-event action. Exception: System.NullReferenceException: Object reference not set to an instance of an object
[Ref 4C8582E7] Duplicate stacktrace, see ref for original
Could not execute post-long-event action. Exception: System.NullReferenceException: Object reference not set to an instance of an object
[Ref 4C8582E7] Duplicate stacktrace, see ref for original
Could not execute post-long-event action. Exception: System.NullReferenceException: Object reference not set to an instance of an object
[Ref 4C8582E7] Duplicate stacktrace, see ref for original
Could not execute post-long-event action. Exception: System.NullReferenceException: Object reference not set to an instance of an object
[Ref 4C8582E7] Duplicate stacktrace, see ref for original
Could not execute post-long-event action. Exception: System.NullReferenceException: Object reference not set to an instance of an object
[Ref 4C8582E7] Duplicate stacktrace, see ref for original
Could not execute post-long-event action. Exception: System.NullReferenceException: Object reference not set to an instance of an object
[Ref CF2FF030] Duplicate stacktrace, see ref for original
Could not execute post-long-event action. Exception: System.NullReferenceException: Object reference not set to an instance of an object
[Ref 4C8582E7] Duplicate stacktrace, see ref for original
Could not execute post-long-event action. Exception: System.NullReferenceException: Object reference not set to an instance of an object
[Ref 4C8582E7] Duplicate stacktrace, see ref for original
Could not execute post-long-event action. Exception: System.NullReferenceException: Object reference not set to an instance of an object
[Ref 4C8582E7] Duplicate stacktrace, see ref for original
Could not execute post-long-event action. Exception: System.NullReferenceException: Object reference not set to an instance of an object
[Ref 4C8582E7] Duplicate stacktrace, see ref for original
Could not execute post-long-event action. Exception: System.NullReferenceException: Object reference not set to an instance of an object
[Ref CF2FF030] Duplicate stacktrace, see ref for original
Could not execute post-long-event action. Exception: System.NullReferenceException: Object reference not set to an instance of an object
[Ref CF2FF030] Duplicate stacktrace, see ref for original
Could not execute post-long-event action. Exception: System.NullReferenceException: Object reference not set to an instance of an object
[Ref 4C8582E7] Duplicate stacktrace, see ref for original
Could not execute post-long-event action. Exception: System.NullReferenceException: Object reference not set to an instance of an object
[Ref 4C8582E7] Duplicate stacktrace, see ref for original
Could not execute post-long-event action. Exception: System.NullReferenceException: Object reference not set to an instance of an object
[Ref 4C8582E7] Duplicate stacktrace, see ref for original
Could not execute post-long-event action. Exception: System.NullReferenceException: Object reference not set to an instance of an object
[Ref CF2FF030] Duplicate stacktrace, see ref for original
Could not execute post-long-event action. Exception: System.NullReferenceException: Object reference not set to an instance of an object
[Ref CF2FF030] Duplicate stacktrace, see ref for original
Could not execute post-long-event action. Exception: System.NullReferenceException: Object reference not set to an instance of an object
[Ref CF2FF030] Duplicate stacktrace, see ref for original
Could not execute post-long-event action. Exception: System.NullReferenceException: Object reference not set to an instance of an object
[Ref CF2FF030] Duplicate stacktrace, see ref for original
Could not execute post-long-event action. Exception: System.NullReferenceException: Object reference not set to an instance of an object
[Ref CF2FF030] Duplicate stacktrace, see ref for original
Could not execute post-long-event action. Exception: System.NullReferenceException: Object reference not set to an instance of an object
[Ref CF2FF030] Duplicate stacktrace, see ref for original
Could not execute post-long-event action. Exception: System.NullReferenceException: Object reference not set to an instance of an object
[Ref 4C8582E7] Duplicate stacktrace, see ref for original
Could not execute post-long-event action. Exception: System.NullReferenceException: Object reference not set to an instance of an object
[Ref 4C8582E7] Duplicate stacktrace, see ref for original
Could not execute post-long-event action. Exception: System.NullReferenceException: Object reference not set to an instance of an object
[Ref 4C8582E7] Duplicate stacktrace, see ref for original
Could not execute post-long-event action. Exception: System.NullReferenceException: Object reference not set to an instance of an object
[Ref 6DF9E34F] Duplicate stacktrace, see ref for original
Could not execute post-long-event action. Exception: System.NullReferenceException: Object reference not set to an instance of an object
[Ref 4C8582E7] Duplicate stacktrace, see ref for original
Could not execute post-long-event action. Exception: System.NullReferenceException: Object reference not set to an instance of an object
[Ref 4C8582E7] Duplicate stacktrace, see ref for original
Could not execute post-long-event action. Exception: System.NullReferenceException: Object reference not set to an instance of an object
[Ref 4C8582E7] Duplicate stacktrace, see ref for original
Could not execute post-long-event action. Exception: System.NullReferenceException: Object reference not set to an instance of an object
[Ref 4C8582E7] Duplicate stacktrace, see ref for original
Could not execute post-long-event action. Exception: System.NullReferenceException: Object reference not set to an instance of an object
[Ref 4C8582E7] Duplicate stacktrace, see ref for original
Could not execute post-long-event action. Exception: System.NullReferenceException: Object reference not set to an instance of an object
[Ref 4C8582E7] Duplicate stacktrace, see ref for original
Could not execute post-long-event action. Exception: System.NullReferenceException: Object reference not set to an instance of an object
[Ref 4C8582E7] Duplicate stacktrace, see ref for original
Could not execute post-long-event action. Exception: System.NullReferenceException: Object reference not set to an instance of an object
[Ref CF2FF030] Duplicate stacktrace, see ref for original
Could not execute post-long-event action. Exception: System.NullReferenceException: Object reference not set to an instance of an object
[Ref CF2FF030] Duplicate stacktrace, see ref for original
Could not execute post-long-event action. Exception: System.NullReferenceException: Object reference not set to an instance of an object
[Ref CF2FF030] Duplicate stacktrace, see ref for original
Could not execute post-long-event action. Exception: System.NullReferenceException: Object reference not set to an instance of an object
[Ref 4C8582E7] Duplicate stacktrace, see ref for original
Could not execute post-long-event action. Exception: System.NullReferenceException: Object reference not set to an instance of an object
[Ref 4C8582E7] Duplicate stacktrace, see ref for original
Could not execute post-long-event action. Exception: System.NullReferenceException: Object reference not set to an instance of an object
[Ref CF2FF030] Duplicate stacktrace, see ref for original
Could not execute post-long-event action. Exception: System.NullReferenceException: Object reference not set to an instance of an object
[Ref 4C8582E7] Duplicate stacktrace, see ref for original
Could not execute post-long-event action. Exception: System.NullReferenceException: Object reference not set to an instance of an object
[Ref 4C8582E7] Duplicate stacktrace, see ref for original
Could not execute post-long-event action. Exception: System.NullReferenceException: Object reference not set to an instance of an object
[Ref CF2FF030] Duplicate stacktrace, see ref for original
Could not execute post-long-event action. Exception: System.NullReferenceException: Object reference not set to an instance of an object
[Ref CF2FF030] Duplicate stacktrace, see ref for original
Could not execute post-long-event action. Exception: System.NullReferenceException: Object reference not set to an instance of an object
[Ref CF2FF030] Duplicate stacktrace, see ref for original
Could not execute post-long-event action. Exception: System.NullReferenceException: Object reference not set to an instance of an object
[Ref CF2FF030] Duplicate stacktrace, see ref for original
Could not execute post-long-event action. Exception: System.NullReferenceException: Object reference not set to an instance of an object
[Ref CF2FF030] Duplicate stacktrace, see ref for original
Could not execute post-long-event action. Exception: System.NullReferenceException: Object reference not set to an instance of an object
[Ref CF2FF030] Duplicate stacktrace, see ref for original
Could not execute post-long-event action. Exception: System.NullReferenceException: Object reference not set to an instance of an object
[Ref CF2FF030] Duplicate stacktrace, see ref for original
Could not execute post-long-event action. Exception: System.NullReferenceException: Object reference not set to an instance of an object
[Ref CF2FF030] Duplicate stacktrace, see ref for original
Could not execute post-long-event action. Exception: System.NullReferenceException: Object reference not set to an instance of an object
[Ref CF2FF030] Duplicate stacktrace, see ref for original
Could not execute post-long-event action. Exception: System.NullReferenceException: Object reference not set to an instance of an object
[Ref CF2FF030] Duplicate stacktrace, see ref for original
Could not execute post-long-event action. Exception: System.NullReferenceException: Object reference not set to an instance of an object
[Ref CF2FF030] Duplicate stacktrace, see ref for original
Could not execute post-long-event action. Exception: System.NullReferenceException: Object reference not set to an instance of an object
[Ref CF2FF030] Duplicate stacktrace, see ref for original
Could not execute post-long-event action. Exception: System.NullReferenceException: Object reference not set to an instance of an object
[Ref CF2FF030] Duplicate stacktrace, see ref for original
Could not execute post-long-event action. Exception: System.NullReferenceException: Object reference not set to an instance of an object
[Ref CF2FF030] Duplicate stacktrace, see ref for original
Could not execute post-long-event action. Exception: System.NullReferenceException: Object reference not set to an instance of an object
[Ref CF2FF030] Duplicate stacktrace, see ref for original
Could not execute post-long-event action. Exception: System.NullReferenceException: Object reference not set to an instance of an object
[Ref CF2FF030] Duplicate stacktrace, see ref for original
Could not execute post-long-event action. Exception: System.NullReferenceException: Object reference not set to an instance of an object
[Ref CF2FF030] Duplicate stacktrace, see ref for original
Could not execute post-long-event action. Exception: System.NullReferenceException: Object reference not set to an instance of an object
[Ref CF2FF030] Duplicate stacktrace, see ref for original
Could not execute post-long-event action. Exception: System.NullReferenceException: Object reference not set to an instance of an object
[Ref CF2FF030] Duplicate stacktrace, see ref for original
Could not execute post-long-event action. Exception: System.NullReferenceException: Object reference not set to an instance of an object
[Ref CF2FF030] Duplicate stacktrace, see ref for original
Could not execute post-long-event action. Exception: System.NullReferenceException: Object reference not set to an instance of an object
[Ref CF2FF030] Duplicate stacktrace, see ref for original
Could not execute post-long-event action. Exception: System.NullReferenceException: Object reference not set to an instance of an object
[Ref CF2FF030] Duplicate stacktrace, see ref for original
Could not execute post-long-event action. Exception: System.NullReferenceException: Object reference not set to an instance of an object
[Ref CF2FF030] Duplicate stacktrace, see ref for original
Could not execute post-long-event action. Exception: System.NullReferenceException: Object reference not set to an instance of an object
[Ref CF2FF030] Duplicate stacktrace, see ref for original
Could not execute post-long-event action. Exception: System.NullReferenceException: Object reference not set to an instance of an object
[Ref CF2FF030] Duplicate stacktrace, see ref for original
Could not execute post-long-event action. Exception: System.NullReferenceException: Object reference not set to an instance of an object
[Ref CF2FF030] Duplicate stacktrace, see ref for original
Could not execute post-long-event action. Exception: System.NullReferenceException: Object reference not set to an instance of an object
[Ref CF2FF030] Duplicate stacktrace, see ref for original
Could not execute post-long-event action. Exception: System.NullReferenceException: Object reference not set to an instance of an object
[Ref CF2FF030] Duplicate stacktrace, see ref for original
Could not execute post-long-event action. Exception: System.NullReferenceException: Object reference not set to an instance of an object
[Ref CF2FF030] Duplicate stacktrace, see ref for original
Could not execute post-long-event action. Exception: System.NullReferenceException: Object reference not set to an instance of an object
[Ref CF2FF030] Duplicate stacktrace, see ref for original
Could not execute post-long-event action. Exception: System.NullReferenceException: Object reference not set to an instance of an object
[Ref CF2FF030] Duplicate stacktrace, see ref for original
Could not execute post-long-event action. Exception: System.NullReferenceException: Object reference not set to an instance of an object
[Ref CF2FF030] Duplicate stacktrace, see ref for original
Could not execute post-long-event action. Exception: System.NullReferenceException: Object reference not set to an instance of an object
[Ref CF2FF030] Duplicate stacktrace, see ref for original
Could not execute post-long-event action. Exception: System.NullReferenceException: Object reference not set to an instance of an object
[Ref CF2FF030] Duplicate stacktrace, see ref for original
Could not execute post-long-event action. Exception: System.NullReferenceException: Object reference not set to an instance of an object
[Ref CF2FF030] Duplicate stacktrace, see ref for original
Could not execute post-long-event action. Exception: System.NullReferenceException: Object reference not set to an instance of an object
[Ref 4C8582E7] Duplicate stacktrace, see ref for original
Could not execute post-long-event action. Exception: System.NullReferenceException: Object reference not set to an instance of an object
[Ref 4C8582E7] Duplicate stacktrace, see ref for original
Could not execute post-long-event action. Exception: System.NullReferenceException: Object reference not set to an instance of an object
[Ref CF2FF030] Duplicate stacktrace, see ref for original
Could not execute post-long-event action. Exception: System.NullReferenceException: Object reference not set to an instance of an object
[Ref CF2FF030] Duplicate stacktrace, see ref for original
Could not execute post-long-event action. Exception: System.NullReferenceException: Object reference not set to an instance of an object
[Ref 4C8582E7] Duplicate stacktrace, see ref for original
Could not execute post-long-event action. Exception: System.NullReferenceException: Object reference not set to an instance of an object
[Ref 4C8582E7] Duplicate stacktrace, see ref for original
Could not execute post-long-event action. Exception: System.NullReferenceException: Object reference not set to an instance of an object
[Ref 4C8582E7] Duplicate stacktrace, see ref for original
Could not execute post-long-event action. Exception: System.NullReferenceException: Object reference not set to an instance of an object
[Ref 4C8582E7] Duplicate stacktrace, see ref for original
Could not execute post-long-event action. Exception: System.NullReferenceException: Object reference not set to an instance of an object
[Ref 4C8582E7] Duplicate stacktrace, see ref for original
Could not execute post-long-event action. Exception: System.NullReferenceException: Object reference not set to an instance of an object
[Ref 4C8582E7] Duplicate stacktrace, see ref for original
Could not execute post-long-event action. Exception: System.NullReferenceException: Object reference not set to an instance of an object
[Ref 4C8582E7] Duplicate stacktrace, see ref for original
Could not execute post-long-event action. Exception: System.NullReferenceException: Object reference not set to an instance of an object
[Ref 4C8582E7] Duplicate stacktrace, see ref for original
Could not execute post-long-event action. Exception: System.NullReferenceException: Object reference not set to an instance of an object
[Ref 4C8582E7] Duplicate stacktrace, see ref for original
Could not execute post-long-event action. Exception: System.NullReferenceException: Object reference not set to an instance of an object
[Ref 4C8582E7] Duplicate stacktrace, see ref for original
Could not execute post-long-event action. Exception: System.NullReferenceException: Object reference not set to an instance of an object
[Ref 4C8582E7] Duplicate stacktrace, see ref for original
Could not execute post-long-event action. Exception: System.NullReferenceException: Object reference not set to an instance of an object
[Ref 4C8582E7] Duplicate stacktrace, see ref for original
Could not execute post-long-event action. Exception: System.NullReferenceException: Object reference not set to an instance of an object
[Ref 4C8582E7] Duplicate stacktrace, see ref for original
Could not execute post-long-event action. Exception: System.NullReferenceException: Object reference not set to an instance of an object
[Ref 4C8582E7] Duplicate stacktrace, see ref for original
Could not execute post-long-event action. Exception: System.NullReferenceException: Object reference not set to an instance of an object
[Ref 4C8582E7] Duplicate stacktrace, see ref for original
Could not execute post-long-event action. Exception: System.NullReferenceException: Object reference not set to an instance of an object
[Ref 4C8582E7] Duplicate stacktrace, see ref for original
Could not execute post-long-event action. Exception: System.NullReferenceException: Object reference not set to an instance of an object
[Ref 4C8582E7] Duplicate stacktrace, see ref for original
Could not execute post-long-event action. Exception: System.NullReferenceException: Object reference not set to an instance of an object
[Ref 4C8582E7] Duplicate stacktrace, see ref for original
Could not execute post-long-event action. Exception: System.NullReferenceException: Object reference not set to an instance of an object
[Ref 4C8582E7] Duplicate stacktrace, see ref for original
Could not execute post-long-event action. Exception: System.NullReferenceException: Object reference not set to an instance of an object
[Ref 4C8582E7] Duplicate stacktrace, see ref for original
Could not execute post-long-event action. Exception: System.NullReferenceException: Object reference not set to an instance of an object
[Ref 4C8582E7] Duplicate stacktrace, see ref for original
Could not execute post-long-event action. Exception: System.NullReferenceException: Object reference not set to an instance of an object
[Ref 4C8582E7] Duplicate stacktrace, see ref for original
Could not execute post-long-event action. Exception: System.NullReferenceException: Object reference not set to an instance of an object
[Ref 4C8582E7] Duplicate stacktrace, see ref for original
Could not execute post-long-event action. Exception: System.NullReferenceException: Object reference not set to an instance of an object
[Ref CF2FF030] Duplicate stacktrace, see ref for original
Could not execute post-long-event action. Exception: System.NullReferenceException: Object reference not set to an instance of an object
[Ref CF2FF030] Duplicate stacktrace, see ref for original
Could not execute post-long-event action. Exception: System.NullReferenceException: Object reference not set to an instance of an object
[Ref CF2FF030] Duplicate stacktrace, see ref for original
Could not execute post-long-event action. Exception: System.NullReferenceException: Object reference not set to an instance of an object
[Ref CF2FF030] Duplicate stacktrace, see ref for original
Could not execute post-long-event action. Exception: System.NullReferenceException: Object reference not set to an instance of an object
[Ref CF2FF030] Duplicate stacktrace, see ref for original
Could not execute post-long-event action. Exception: System.NullReferenceException: Object reference not set to an instance of an object
[Ref 4C8582E7] Duplicate stacktrace, see ref for original
Could not execute post-long-event action. Exception: System.NullReferenceException: Object reference not set to an instance of an object
[Ref CF2FF030] Duplicate stacktrace, see ref for original
Could not execute post-long-event action. Exception: System.NullReferenceException: Object reference not set to an instance of an object
[Ref 4C8582E7] Duplicate stacktrace, see ref for original
Could not execute post-long-event action. Exception: System.NullReferenceException: Object reference not set to an instance of an object
[Ref 4C8582E7] Duplicate stacktrace, see ref for original
Could not execute post-long-event action. Exception: System.NullReferenceException: Object reference not set to an instance of an object
[Ref 4C8582E7] Duplicate stacktrace, see ref for original
Could not execute post-long-event action. Exception: System.NullReferenceException: Object reference not set to an instance of an object
[Ref 4C8582E7] Duplicate stacktrace, see ref for original
Could not execute post-long-event action. Exception: System.NullReferenceException: Object reference not set to an instance of an object
[Ref CF2FF030] Duplicate stacktrace, see ref for original
Could not execute post-long-event action. Exception: System.NullReferenceException: Object reference not set to an instance of an object
[Ref CF2FF030] Duplicate stacktrace, see ref for original
Could not execute post-long-event action. Exception: System.NullReferenceException: Object reference not set to an instance of an object
[Ref 6DF9E34F] Duplicate stacktrace, see ref for original
Could not execute post-long-event action. Exception: System.NullReferenceException: Object reference not set to an instance of an object
[Ref 6DF9E34F] Duplicate stacktrace, see ref for original
Could not execute post-long-event action. Exception: System.NullReferenceException: Object reference not set to an instance of an object
[Ref 6DF9E34F] Duplicate stacktrace, see ref for original
Could not execute post-long-event action. Exception: System.NullReferenceException: Object reference not set to an instance of an object
[Ref 6DF9E34F] Duplicate stacktrace, see ref for original
Could not execute post-long-event action. Exception: System.NullReferenceException: Object reference not set to an instance of an object
[Ref 6DF9E34F] Duplicate stacktrace, see ref for original
Could not execute post-long-event action. Exception: System.NullReferenceException: Object reference not set to an instance of an object
[Ref 6DF9E34F] Duplicate stacktrace, see ref for original
Could not execute post-long-event action. Exception: System.NullReferenceException: Object reference not set to an instance of an object
[Ref 6DF9E34F] Duplicate stacktrace, see ref for original
Could not execute post-long-event action. Exception: System.NullReferenceException: Object reference not set to an instance of an object
[Ref 6DF9E34F] Duplicate stacktrace, see ref for original
Could not execute post-long-event action. Exception: System.NullReferenceException: Object reference not set to an instance of an object
[Ref 6DF9E34F] Duplicate stacktrace, see ref for original
Could not execute post-long-event action. Exception: System.NullReferenceException: Object reference not set to an instance of an object
[Ref 6DF9E34F] Duplicate stacktrace, see ref for original
Could not execute post-long-event action. Exception: System.NullReferenceException: Object reference not set to an instance of an object
[Ref 6DF9E34F] Duplicate stacktrace, see ref for original
Could not execute post-long-event action. Exception: System.NullReferenceException: Object reference not set to an instance of an object
[Ref 6DF9E34F] Duplicate stacktrace, see ref for original
Could not execute post-long-event action. Exception: System.NullReferenceException: Object reference not set to an instance of an object
[Ref CF2FF030] Duplicate stacktrace, see ref for original
Could not execute post-long-event action. Exception: System.NullReferenceException: Object reference not set to an instance of an object
[Ref CF2FF030] Duplicate stacktrace, see ref for original
Could not execute post-long-event action. Exception: System.NullReferenceException: Object reference not set to an instance of an object
[Ref CF2FF030] Duplicate stacktrace, see ref for original
Could not execute post-long-event action. Exception: System.NullReferenceException: Object reference not set to an instance of an object
[Ref CF2FF030] Duplicate stacktrace, see ref for original
Could not execute post-long-event action. Exception: System.NullReferenceException: Object reference not set to an instance of an object
[Ref CF2FF030] Duplicate stacktrace, see ref for original
Could not execute post-long-event action. Exception: System.NullReferenceException: Object reference not set to an instance of an object
[Ref CF2FF030] Duplicate stacktrace, see ref for original
Could not execute post-long-event action. Exception: System.NullReferenceException: Object reference not set to an instance of an object
[Ref 4C8582E7] Duplicate stacktrace, see ref for original
Could not execute post-long-event action. Exception: System.NullReferenceException: Object reference not set to an instance of an object
[Ref 4C8582E7] Duplicate stacktrace, see ref for original
Could not execute post-long-event action. Exception: System.NullReferenceException: Object reference not set to an instance of an object
[Ref 4C8582E7] Duplicate stacktrace, see ref for original
Could not execute post-long-event action. Exception: System.NullReferenceException: Object reference not set to an instance of an object
[Ref 4C8582E7] Duplicate stacktrace, see ref for original
Could not execute post-long-event action. Exception: System.NullReferenceException: Object reference not set to an instance of an object
[Ref 4C8582E7] Duplicate stacktrace, see ref for original
Could not execute post-long-event action. Exception: System.NullReferenceException: Object reference not set to an instance of an object
[Ref 4C8582E7] Duplicate stacktrace, see ref for original
Could not execute post-long-event action. Exception: System.NullReferenceException: Object reference not set to an instance of an object
[Ref CF2FF030] Duplicate stacktrace, see ref for original
Could not execute post-long-event action. Exception: System.NullReferenceException: Object reference not set to an instance of an object
[Ref CF2FF030] Duplicate stacktrace, see ref for original
Could not execute post-long-event action. Exception: System.NullReferenceException: Object reference not set to an instance of an object
[Ref 6DF9E34F] Duplicate stacktrace, see ref for original
Could not execute post-long-event action. Exception: System.NullReferenceException: Object reference not set to an instance of an object
[Ref CF2FF030] Duplicate stacktrace, see ref for original
Could not execute post-long-event action. Exception: System.NullReferenceException: Object reference not set to an instance of an object
[Ref CF2FF030] Duplicate stacktrace, see ref for original
Could not execute post-long-event action. Exception: System.NullReferenceException: Object reference not set to an instance of an object
[Ref CF2FF030] Duplicate stacktrace, see ref for original
Could not execute post-long-event action. Exception: System.NullReferenceException: Object reference not set to an instance of an object
[Ref CF2FF030] Duplicate stacktrace, see ref for original
Could not execute post-long-event action. Exception: System.NullReferenceException: Object reference not set to an instance of an object
[Ref 4C8582E7] Duplicate stacktrace, see ref for original
Could not execute post-long-event action. Exception: System.NullReferenceException: Object reference not set to an instance of an object
[Ref CF2FF030] Duplicate stacktrace, see ref for original
Could not execute post-long-event action. Exception: System.NullReferenceException: Object reference not set to an instance of an object
[Ref CF2FF030] Duplicate stacktrace, see ref for original
Could not execute post-long-event action. Exception: System.NullReferenceException: Object reference not set to an instance of an object
[Ref CF2FF030] Duplicate stacktrace, see ref for original
Could not execute post-long-event action. Exception: System.NullReferenceException: Object reference not set to an instance of an object
[Ref CF2FF030] Duplicate stacktrace, see ref for original
Could not execute post-long-event action. Exception: System.NullReferenceException: Object reference not set to an instance of an object
[Ref 4C8582E7] Duplicate stacktrace, see ref for original
Could not execute post-long-event action. Exception: System.NullReferenceException: Object reference not set to an instance of an object
[Ref 4C8582E7] Duplicate stacktrace, see ref for original
Could not execute post-long-event action. Exception: System.NullReferenceException: Object reference not set to an instance of an object
[Ref CF2FF030] Duplicate stacktrace, see ref for original
Could not execute post-long-event action. Exception: System.NullReferenceException: Object reference not set to an instance of an object
[Ref CF2FF030] Duplicate stacktrace, see ref for original
Could not execute post-long-event action. Exception: System.NullReferenceException: Object reference not set to an instance of an object
[Ref 4C8582E7] Duplicate stacktrace, see ref for original
Could not execute post-long-event action. Exception: System.NullReferenceException: Object reference not set to an instance of an object
[Ref 4C8582E7] Duplicate stacktrace, see ref for original
Could not execute post-long-event action. Exception: System.NullReferenceException: Object reference not set to an instance of an object
[Ref 4C8582E7] Duplicate stacktrace, see ref for original
Could not execute post-long-event action. Exception: System.NullReferenceException: Object reference not set to an instance of an object
[Ref CF2FF030] Duplicate stacktrace, see ref for original
Could not execute post-long-event action. Exception: System.NullReferenceException: Object reference not set to an instance of an object
[Ref CF2FF030] Duplicate stacktrace, see ref for original
Could not execute post-long-event action. Exception: System.NullReferenceException: Object reference not set to an instance of an object
[Ref CF2FF030] Duplicate stacktrace, see ref for original
Could not execute post-long-event action. Exception: System.NullReferenceException: Object reference not set to an instance of an object
[Ref CF2FF030] Duplicate stacktrace, see ref for original
Could not execute post-long-event action. Exception: System.NullReferenceException: Object reference not set to an instance of an object
[Ref CF2FF030] Duplicate stacktrace, see ref for original
Could not execute post-long-event action. Exception: System.NullReferenceException: Object reference not set to an instance of an object
[Ref 4C8582E7] Duplicate stacktrace, see ref for original
Could not execute post-long-event action. Exception: System.NullReferenceException: Object reference not set to an instance of an object
[Ref 4C8582E7] Duplicate stacktrace, see ref for original
Could not execute post-long-event action. Exception: System.NullReferenceException: Object reference not set to an instance of an object
[Ref 4C8582E7] Duplicate stacktrace, see ref for original
Could not execute post-long-event action. Exception: System.NullReferenceException: Object reference not set to an instance of an object
[Ref 4C8582E7] Duplicate stacktrace, see ref for original
Could not execute post-long-event action. Exception: System.NullReferenceException: Object reference not set to an instance of an object
[Ref CF2FF030] Duplicate stacktrace, see ref for original
Could not execute post-long-event action. Exception: System.NullReferenceException: Object reference not set to an instance of an object
[Ref CF2FF030] Duplicate stacktrace, see ref for original
Could not execute post-long-event action. Exception: System.NullReferenceException: Object reference not set to an instance of an object
[Ref 4C8582E7] Duplicate stacktrace, see ref for original
Could not execute post-long-event action. Exception: System.NullReferenceException: Object reference not set to an instance of an object
[Ref 4C8582E7] Duplicate stacktrace, see ref for original
Could not execute post-long-event action. Exception: System.NullReferenceException: Object reference not set to an instance of an object
[Ref CF2FF030] Duplicate stacktrace, see ref for original
Could not execute post-long-event action. Exception: System.NullReferenceException: Object reference not set to an instance of an object
[Ref CF2FF030] Duplicate stacktrace, see ref for original
Could not execute post-long-event action. Exception: System.NullReferenceException: Object reference not set to an instance of an object
[Ref CF2FF030] Duplicate stacktrace, see ref for original
Could not execute post-long-event action. Exception: System.NullReferenceException: Object reference not set to an instance of an object
[Ref CF2FF030] Duplicate stacktrace, see ref for original
Could not execute post-long-event action. Exception: System.NullReferenceException: Object reference not set to an instance of an object
[Ref CF2FF030] Duplicate stacktrace, see ref for original
Could not execute post-long-event action. Exception: System.NullReferenceException: Object reference not set to an instance of an object
[Ref CF2FF030] Duplicate stacktrace, see ref for original
Could not execute post-long-event action. Exception: System.NullReferenceException: Object reference not set to an instance of an object
[Ref 4C8582E7] Duplicate stacktrace, see ref for original
Could not execute post-long-event action. Exception: System.NullReferenceException: Object reference not set to an instance of an object
[Ref 4C8582E7] Duplicate stacktrace, see ref for original
Could not execute post-long-event action. Exception: System.NullReferenceException: Object reference not set to an instance of an object
[Ref CF2FF030] Duplicate stacktrace, see ref for original
Could not execute post-long-event action. Exception: System.NullReferenceException: Object reference not set to an instance of an object
[Ref CF2FF030] Duplicate stacktrace, see ref for original
Could not execute post-long-event action. Exception: System.NullReferenceException: Object reference not set to an instance of an object
[Ref CF2FF030] Duplicate stacktrace, see ref for original
Could not execute post-long-event action. Exception: System.NullReferenceException: Object reference not set to an instance of an object
[Ref CF2FF030] Duplicate stacktrace, see ref for original
Could not execute post-long-event action. Exception: System.NullReferenceException: Object reference not set to an instance of an object
[Ref 4C8582E7] Duplicate stacktrace, see ref for original
Could not execute post-long-event action. Exception: System.NullReferenceException: Object reference not set to an instance of an object
[Ref 4C8582E7] Duplicate stacktrace, see ref for original
Could not execute post-long-event action. Exception: System.NullReferenceException: Object reference not set to an instance of an object
[Ref 6DF9E34F] Duplicate stacktrace, see ref for original
Could not execute post-long-event action. Exception: System.NullReferenceException: Object reference not set to an instance of an object
[Ref 6DF9E34F] Duplicate stacktrace, see ref for original
Could not execute post-long-event action. Exception: System.NullReferenceException: Object reference not set to an instance of an object
[Ref 6DF9E34F] Duplicate stacktrace, see ref for original
Could not execute post-long-event action. Exception: System.NullReferenceException: Object reference not set to an instance of an object
[Ref 6DF9E34F] Duplicate stacktrace, see ref for original
Could not execute post-long-event action. Exception: System.NullReferenceException: Object reference not set to an instance of an object
[Ref 6DF9E34F] Duplicate stacktrace, see ref for original
Could not execute post-long-event action. Exception: System.NullReferenceException: Object reference not set to an instance of an object
[Ref 6DF9E34F] Duplicate stacktrace, see ref for original
Could not execute post-long-event action. Exception: System.NullReferenceException: Object reference not set to an instance of an object
[Ref 6DF9E34F] Duplicate stacktrace, see ref for original
Could not execute post-long-event action. Exception: System.NullReferenceException: Object reference not set to an instance of an object
[Ref 6DF9E34F] Duplicate stacktrace, see ref for original
Could not execute post-long-event action. Exception: System.NullReferenceException: Object reference not set to an instance of an object
[Ref 6DF9E34F] Duplicate stacktrace, see ref for original
Could not execute post-long-event action. Exception: System.NullReferenceException: Object reference not set to an instance of an object
[Ref 6DF9E34F] Duplicate stacktrace, see ref for original
Could not execute post-long-event action. Exception: System.NullReferenceException: Object reference not set to an instance of an object
[Ref 6DF9E34F] Duplicate stacktrace, see ref for original
Could not execute post-long-event action. Exception: System.NullReferenceException: Object reference not set to an instance of an object
[Ref 6DF9E34F] Duplicate stacktrace, see ref for original
Could not execute post-long-event action. Exception: System.NullReferenceException: Object reference not set to an instance of an object
[Ref 6DF9E34F] Duplicate stacktrace, see ref for original
Could not execute post-long-event action. Exception: System.NullReferenceException: Object reference not set to an instance of an object
[Ref 6DF9E34F] Duplicate stacktrace, see ref for original
Could not execute post-long-event action. Exception: System.NullReferenceException: Object reference not set to an instance of an object
[Ref 6DF9E34F] Duplicate stacktrace, see ref for original
Could not execute post-long-event action. Exception: System.NullReferenceException: Object reference not set to an instance of an object
[Ref 6DF9E34F] Duplicate stacktrace, see ref for original
Could not execute post-long-event action. Exception: System.NullReferenceException: Object reference not set to an instance of an object
[Ref 6DF9E34F] Duplicate stacktrace, see ref for original
Could not execute post-long-event action. Exception: System.NullReferenceException: Object reference not set to an instance of an object
[Ref 6DF9E34F] Duplicate stacktrace, see ref for original
Could not execute post-long-event action. Exception: System.NullReferenceException: Object reference not set to an instance of an object
[Ref 6DF9E34F] Duplicate stacktrace, see ref for original
Could not execute post-long-event action. Exception: System.NullReferenceException: Object reference not set to an instance of an object
[Ref 6DF9E34F] Duplicate stacktrace, see ref for original
Could not execute post-long-event action. Exception: System.NullReferenceException: Object reference not set to an instance of an object
[Ref CF2FF030] Duplicate stacktrace, see ref for original
Could not execute post-long-event action. Exception: System.NullReferenceException: Object reference not set to an instance of an object
[Ref CF2FF030] Duplicate stacktrace, see ref for original
Could not execute post-long-event action. Exception: System.NullReferenceException: Object reference not set to an instance of an object
[Ref CF2FF030] Duplicate stacktrace, see ref for original
Could not execute post-long-event action. Exception: System.NullReferenceException: Object reference not set to an instance of an object
[Ref CF2FF030] Duplicate stacktrace, see ref for original
Could not execute post-long-event action. Exception: System.NullReferenceException: Object reference not set to an instance of an object
[Ref CF2FF030] Duplicate stacktrace, see ref for original
Could not execute post-long-event action. Exception: System.NullReferenceException: Object reference not set to an instance of an object
[Ref CF2FF030] Duplicate stacktrace, see ref for original
Could not execute post-long-event action. Exception: System.NullReferenceException: Object reference not set to an instance of an object
[Ref CF2FF030] Duplicate stacktrace, see ref for original
Could not execute post-long-event action. Exception: System.NullReferenceException: Object reference not set to an instance of an object
[Ref CF2FF030] Duplicate stacktrace, see ref for original
Could not execute post-long-event action. Exception: System.NullReferenceException: Object reference not set to an instance of an object
[Ref CF2FF030] Duplicate stacktrace, see ref for original
Could not execute post-long-event action. Exception: System.NullReferenceException: Object reference not set to an instance of an object
[Ref CF2FF030] Duplicate stacktrace, see ref for original
Could not execute post-long-event action. Exception: System.NullReferenceException: Object reference not set to an instance of an object
[Ref CF2FF030] Duplicate stacktrace, see ref for original
Could not execute post-long-event action. Exception: System.NullReferenceException: Object reference not set to an instance of an object
[Ref CF2FF030] Duplicate stacktrace, see ref for original
Could not execute post-long-event action. Exception: System.NullReferenceException: Object reference not set to an instance of an object
[Ref 4C8582E7] Duplicate stacktrace, see ref for original
Could not execute post-long-event action. Exception: System.NullReferenceException: Object reference not set to an instance of an object
[Ref 4C8582E7] Duplicate stacktrace, see ref for original
Could not execute post-long-event action. Exception: System.NullReferenceException: Object reference not set to an instance of an object
[Ref CF2FF030] Duplicate stacktrace, see ref for original
Could not execute post-long-event action. Exception: System.NullReferenceException: Object reference not set to an instance of an object
[Ref CF2FF030] Duplicate stacktrace, see ref for original
Could not execute post-long-event action. Exception: System.NullReferenceException: Object reference not set to an instance of an object
[Ref 6DF9E34F] Duplicate stacktrace, see ref for original
Could not execute post-long-event action. Exception: System.NullReferenceException: Object reference not set to an instance of an object
[Ref 6DF9E34F] Duplicate stacktrace, see ref for original
Could not execute post-long-event action. Exception: System.NullReferenceException: Object reference not set to an instance of an object
[Ref 4C8582E7] Duplicate stacktrace, see ref for original
Could not execute post-long-event action. Exception: System.NullReferenceException: Object reference not set to an instance of an object
[Ref CF2FF030] Duplicate stacktrace, see ref for original
Could not execute post-long-event action. Exception: System.NullReferenceException: Object reference not set to an instance of an object
[Ref CF2FF030] Duplicate stacktrace, see ref for original
Could not execute post-long-event action. Exception: System.NullReferenceException: Object reference not set to an instance of an object
[Ref CF2FF030] Duplicate stacktrace, see ref for original
Could not execute post-long-event action. Exception: System.NullReferenceException: Object reference not set to an instance of an object
[Ref CF2FF030] Duplicate stacktrace, see ref for original
Could not execute post-long-event action. Exception: System.NullReferenceException: Object reference not set to an instance of an object
[Ref 4C8582E7] Duplicate stacktrace, see ref for original
Could not execute post-long-event action. Exception: System.NullReferenceException: Object reference not set to an instance of an object
[Ref 4C8582E7] Duplicate stacktrace, see ref for original
Could not execute post-long-event action. Exception: System.NullReferenceException: Object reference not set to an instance of an object
[Ref CF2FF030] Duplicate stacktrace, see ref for original
Could not execute post-long-event action. Exception: System.NullReferenceException: Object reference not set to an instance of an object
[Ref CF2FF030] Duplicate stacktrace, see ref for original
Could not execute post-long-event action. Exception: System.NullReferenceException: Object reference not set to an instance of an object
[Ref CF2FF030] Duplicate stacktrace, see ref for original
Could not execute post-long-event action. Exception: System.NullReferenceException: Object reference not set to an instance of an object
[Ref CF2FF030] Duplicate stacktrace, see ref for original
Could not execute post-long-event action. Exception: System.NullReferenceException: Object reference not set to an instance of an object
[Ref CF2FF030] Duplicate stacktrace, see ref for original
Could not execute post-long-event action. Exception: System.NullReferenceException: Object reference not set to an instance of an object
[Ref CF2FF030] Duplicate stacktrace, see ref for original
Could not execute post-long-event action. Exception: System.NullReferenceException: Object reference not set to an instance of an object
[Ref CF2FF030] Duplicate stacktrace, see ref for original
Could not execute post-long-event action. Exception: System.NullReferenceException: Object reference not set to an instance of an object
[Ref 4C8582E7] Duplicate stacktrace, see ref for original
Could not execute post-long-event action. Exception: System.NullReferenceException: Object reference not set to an instance of an object
[Ref 4C8582E7] Duplicate stacktrace, see ref for original
Could not execute post-long-event action. Exception: System.NullReferenceException: Object reference not set to an instance of an object
[Ref CF2FF030] Duplicate stacktrace, see ref for original
Could not execute post-long-event action. Exception: System.NullReferenceException: Object reference not set to an instance of an object
[Ref 4C8582E7] Duplicate stacktrace, see ref for original
Could not execute post-long-event action. Exception: System.NullReferenceException: Object reference not set to an instance of an object
[Ref 4C8582E7] Duplicate stacktrace, see ref for original
Could not execute post-long-event action. Exception: System.NullReferenceException: Object reference not set to an instance of an object
[Ref 4C8582E7] Duplicate stacktrace, see ref for original
Could not execute post-long-event action. Exception: System.NullReferenceException: Object reference not set to an instance of an object
[Ref CF2FF030] Duplicate stacktrace, see ref for original
Could not execute post-long-event action. Exception: System.NullReferenceException: Object reference not set to an instance of an object
[Ref CF2FF030] Duplicate stacktrace, see ref for original
Could not execute post-long-event action. Exception: System.NullReferenceException: Object reference not set to an instance of an object
[Ref CF2FF030] Duplicate stacktrace, see ref for original
Could not execute post-long-event action. Exception: System.NullReferenceException: Object reference not set to an instance of an object
[Ref CF2FF030] Duplicate stacktrace, see ref for original
Could not execute post-long-event action. Exception: System.NullReferenceException: Object reference not set to an instance of an object
[Ref CF2FF030] Duplicate stacktrace, see ref for original
Could not execute post-long-event action. Exception: System.NullReferenceException: Object reference not set to an instance of an object
[Ref CF2FF030] Duplicate stacktrace, see ref for original
Could not execute post-long-event action. Exception: System.NullReferenceException: Object reference not set to an instance of an object
[Ref CF2FF030] Duplicate stacktrace, see ref for original
Could not execute post-long-event action. Exception: System.NullReferenceException: Object reference not set to an instance of an object
[Ref CF2FF030] Duplicate stacktrace, see ref for original
Could not execute post-long-event action. Exception: System.NullReferenceException: Object reference not set to an instance of an object
[Ref 6DF9E34F] Duplicate stacktrace, see ref for original
Could not execute post-long-event action. Exception: System.NullReferenceException: Object reference not set to an instance of an object
[Ref 6DF9E34F] Duplicate stacktrace, see ref for original
Could not execute post-long-event action. Exception: System.NullReferenceException: Object reference not set to an instance of an object
[Ref 6DF9E34F] Duplicate stacktrace, see ref for original
Could not execute post-long-event action. Exception: System.NullReferenceException: Object reference not set to an instance of an object
[Ref 6DF9E34F] Duplicate stacktrace, see ref for original
Could not execute post-long-event action. Exception: System.NullReferenceException: Object reference not set to an instance of an object
[Ref 6DF9E34F] Duplicate stacktrace, see ref for original
Could not execute post-long-event action. Exception: System.NullReferenceException: Object reference not set to an instance of an object
[Ref 6DF9E34F] Duplicate stacktrace, see ref for original
Could not execute post-long-event action. Exception: System.NullReferenceException: Object reference not set to an instance of an object
[Ref 6DF9E34F] Duplicate stacktrace, see ref for original
Could not execute post-long-event action. Exception: System.NullReferenceException: Object reference not set to an instance of an object
[Ref CF2FF030] Duplicate stacktrace, see ref for original
Could not execute post-long-event action. Exception: System.NullReferenceException: Object reference not set to an instance of an object
[Ref CF2FF030] Duplicate stacktrace, see ref for original
Could not execute post-long-event action. Exception: System.NullReferenceException: Object reference not set to an instance of an object
[Ref 4C8582E7] Duplicate stacktrace, see ref for original
Could not execute post-long-event action. Exception: System.NullReferenceException: Object reference not set to an instance of an object
[Ref 4C8582E7] Duplicate stacktrace, see ref for original
Could not execute post-long-event action. Exception: System.NullReferenceException: Object reference not set to an instance of an object
[Ref 4C8582E7] Duplicate stacktrace, see ref for original
Could not execute post-long-event action. Exception: System.NullReferenceException: Object reference not set to an instance of an object
[Ref 4C8582E7] Duplicate stacktrace, see ref for original
Could not execute post-long-event action. Exception: System.NullReferenceException: Object reference not set to an instance of an object
[Ref 6DF9E34F] Duplicate stacktrace, see ref for original
Could not execute post-long-event action. Exception: System.NullReferenceException: Object reference not set to an instance of an object
[Ref 4C8582E7] Duplicate stacktrace, see ref for original
Could not execute post-long-event action. Exception: System.NullReferenceException: Object reference not set to an instance of an object
[Ref 4C8582E7] Duplicate stacktrace, see ref for original
Could not execute post-long-event action. Exception: System.NullReferenceException: Object reference not set to an instance of an object
[Ref CF2FF030] Duplicate stacktrace, see ref for original
Could not execute post-long-event action. Exception: System.NullReferenceException: Object reference not set to an instance of an object
[Ref CF2FF030] Duplicate stacktrace, see ref for original
Could not execute post-long-event action. Exception: System.NullReferenceException: Object reference not set to an instance of an object
[Ref 4C8582E7] Duplicate stacktrace, see ref for original
Could not execute post-long-event action. Exception: System.NullReferenceException: Object reference not set to an instance of an object
[Ref 4C8582E7] Duplicate stacktrace, see ref for original
Could not execute post-long-event action. Exception: System.NullReferenceException: Object reference not set to an instance of an object
[Ref CF2FF030] Duplicate stacktrace, see ref for original
Could not execute post-long-event action. Exception: System.NullReferenceException: Object reference not set to an instance of an object
[Ref CF2FF030] Duplicate stacktrace, see ref for original
Could not execute post-long-event action. Exception: System.NullReferenceException: Object reference not set to an instance of an object
[Ref CF2FF030] Duplicate stacktrace, see ref for original
Could not execute post-long-event action. Exception: System.NullReferenceException: Object reference not set to an instance of an object
[Ref CF2FF030] Duplicate stacktrace, see ref for original
Could not execute post-long-event action. Exception: System.NullReferenceException: Object reference not set to an instance of an object
[Ref CF2FF030] Duplicate stacktrace, see ref for original
Could not execute post-long-event action. Exception: System.NullReferenceException: Object reference not set to an instance of an object
[Ref CF2FF030] Duplicate stacktrace, see ref for original
Could not execute post-long-event action. Exception: System.NullReferenceException: Object reference not set to an instance of an object
[Ref 4C8582E7] Duplicate stacktrace, see ref for original
Could not execute post-long-event action. Exception: System.NullReferenceException: Object reference not set to an instance of an object
[Ref 6DF9E34F] Duplicate stacktrace, see ref for original
Could not execute post-long-event action. Exception: System.NullReferenceException: Object reference not set to an instance of an object
[Ref 4C8582E7] Duplicate stacktrace, see ref for original
Could not execute post-long-event action. Exception: System.NullReferenceException: Object reference not set to an instance of an object
[Ref 4C8582E7] Duplicate stacktrace, see ref for original
Could not execute post-long-event action. Exception: System.NullReferenceException: Object reference not set to an instance of an object
[Ref CF2FF030] Duplicate stacktrace, see ref for original
Could not execute post-long-event action. Exception: System.NullReferenceException: Object reference not set to an instance of an object
[Ref CF2FF030] Duplicate stacktrace, see ref for original
Could not execute post-long-event action. Exception: System.NullReferenceException: Object reference not set to an instance of an object
[Ref CF2FF030] Duplicate stacktrace, see ref for original
Could not execute post-long-event action. Exception: System.NullReferenceException: Object reference not set to an instance of an object
[Ref CF2FF030] Duplicate stacktrace, see ref for original
Could not execute post-long-event action. Exception: System.NullReferenceException: Object reference not set to an instance of an object
[Ref CF2FF030] Duplicate stacktrace, see ref for original
Could not execute post-long-event action. Exception: System.NullReferenceException: Object reference not set to an instance of an object
[Ref CF2FF030] Duplicate stacktrace, see ref for original
Could not execute post-long-event action. Exception: System.NullReferenceException: Object reference not set to an instance of an object
[Ref CF2FF030] Duplicate stacktrace, see ref for original
Could not execute post-long-event action. Exception: System.NullReferenceException: Object reference not set to an instance of an object
[Ref CF2FF030] Duplicate stacktrace, see ref for original
Could not execute post-long-event action. Exception: System.NullReferenceException: Object reference not set to an instance of an object
[Ref CF2FF030] Duplicate stacktrace, see ref for original
Could not execute post-long-event action. Exception: System.NullReferenceException: Object reference not set to an instance of an object
[Ref CF2FF030] Duplicate stacktrace, see ref for original
Could not execute post-long-event action. Exception: System.NullReferenceException: Object reference not set to an instance of an object
[Ref CF2FF030] Duplicate stacktrace, see ref for original
Could not execute post-long-event action. Exception: System.NullReferenceException: Object reference not set to an instance of an object
[Ref 4C8582E7] Duplicate stacktrace, see ref for original
Could not execute post-long-event action. Exception: System.NullReferenceException: Object reference not set to an instance of an object
[Ref 4C8582E7] Duplicate stacktrace, see ref for original
Could not execute post-long-event action. Exception: System.NullReferenceException: Object reference not set to an instance of an object
[Ref 4C8582E7] Duplicate stacktrace, see ref for original
Could not execute post-long-event action. Exception: System.NullReferenceException: Object reference not set to an instance of an object
[Ref 4C8582E7] Duplicate stacktrace, see ref for original
Could not execute post-long-event action. Exception: System.NullReferenceException: Object reference not set to an instance of an object
[Ref 4C8582E7] Duplicate stacktrace, see ref for original
Could not execute post-long-event action. Exception: System.NullReferenceException: Object reference not set to an instance of an object
[Ref 6DF9E34F] Duplicate stacktrace, see ref for original
Could not execute post-long-event action. Exception: System.NullReferenceException: Object reference not set to an instance of an object
[Ref CF2FF030] Duplicate stacktrace, see ref for original
Could not execute post-long-event action. Exception: System.NullReferenceException: Object reference not set to an instance of an object
[Ref CF2FF030] Duplicate stacktrace, see ref for original
Could not execute post-long-event action. Exception: System.NullReferenceException: Object reference not set to an instance of an object
[Ref CF2FF030] Duplicate stacktrace, see ref for original
Could not execute post-long-event action. Exception: System.NullReferenceException: Object reference not set to an instance of an object
[Ref 6DF9E34F] Duplicate stacktrace, see ref for original
Could not execute post-long-event action. Exception: System.NullReferenceException: Object reference not set to an instance of an object
[Ref 4C8582E7] Duplicate stacktrace, see ref for original
Could not execute post-long-event action. Exception: System.NullReferenceException: Object reference not set to an instance of an object
[Ref 4C8582E7] Duplicate stacktrace, see ref for original
Could not execute post-long-event action. Exception: System.NullReferenceException: Object reference not set to an instance of an object
[Ref 4C8582E7] Duplicate stacktrace, see ref for original
Could not execute post-long-event action. Exception: System.NullReferenceException: Object reference not set to an instance of an object
[Ref 4C8582E7] Duplicate stacktrace, see ref for original
Could not execute post-long-event action. Exception: System.NullReferenceException: Object reference not set to an instance of an object
[Ref 4C8582E7] Duplicate stacktrace, see ref for original
Could not execute post-long-event action. Exception: System.NullReferenceException: Object reference not set to an instance of an object
[Ref 4C8582E7] Duplicate stacktrace, see ref for original
Could not execute post-long-event action. Exception: System.NullReferenceException: Object reference not set to an instance of an object
[Ref 4C8582E7] Duplicate stacktrace, see ref for original
Could not execute post-long-event action. Exception: System.NullReferenceException: Object reference not set to an instance of an object
[Ref 4C8582E7] Duplicate stacktrace, see ref for original
Could not execute post-long-event action. Exception: System.NullReferenceException: Object reference not set to an instance of an object
[Ref 4C8582E7] Duplicate stacktrace, see ref for original
Could not execute post-long-event action. Exception: System.NullReferenceException: Object reference not set to an instance of an object
[Ref 4C8582E7] Duplicate stacktrace, see ref for original
Could not execute post-long-event action. Exception: System.NullReferenceException: Object reference not set to an instance of an object
[Ref 4C8582E7] Duplicate stacktrace, see ref for original
Could not execute post-long-event action. Exception: System.NullReferenceException: Object reference not set to an instance of an object
[Ref 4C8582E7] Duplicate stacktrace, see ref for original
Could not execute post-long-event action. Exception: System.NullReferenceException: Object reference not set to an instance of an object
[Ref 4C8582E7] Duplicate stacktrace, see ref for original
Could not execute post-long-event action. Exception: System.NullReferenceException: Object reference not set to an instance of an object
[Ref 4C8582E7] Duplicate stacktrace, see ref for original
Could not execute post-long-event action. Exception: System.NullReferenceException: Object reference not set to an instance of an object
[Ref 4C8582E7] Duplicate stacktrace, see ref for original
Could not execute post-long-event action. Exception: System.NullReferenceException: Object reference not set to an instance of an object
[Ref 4C8582E7] Duplicate stacktrace, see ref for original
Could not execute post-long-event action. Exception: System.NullReferenceException: Object reference not set to an instance of an object
[Ref 4C8582E7] Duplicate stacktrace, see ref for original
Could not execute post-long-event action. Exception: System.NullReferenceException: Object reference not set to an instance of an object
[Ref 4C8582E7] Duplicate stacktrace, see ref for original
Could not execute post-long-event action. Exception: System.NullReferenceException: Object reference not set to an instance of an object
[Ref 4C8582E7] Duplicate stacktrace, see ref for original
Could not execute post-long-event action. Exception: System.NullReferenceException: Object reference not set to an instance of an object
[Ref 4C8582E7] Duplicate stacktrace, see ref for original
Could not execute post-long-event action. Exception: System.NullReferenceException: Object reference not set to an instance of an object
[Ref 4C8582E7] Duplicate stacktrace, see ref for original
Could not execute post-long-event action. Exception: System.NullReferenceException: Object reference not set to an instance of an object
[Ref 4C8582E7] Duplicate stacktrace, see ref for original
Could not execute post-long-event action. Exception: System.NullReferenceException: Object reference not set to an instance of an object
[Ref 4C8582E7] Duplicate stacktrace, see ref for original
Could not execute post-long-event action. Exception: System.NullReferenceException: Object reference not set to an instance of an object
[Ref 4C8582E7] Duplicate stacktrace, see ref for original
Could not execute post-long-event action. Exception: System.NullReferenceException: Object reference not set to an instance of an object
[Ref 4C8582E7] Duplicate stacktrace, see ref for original
Could not execute post-long-event action. Exception: System.NullReferenceException: Object reference not set to an instance of an object
[Ref 4C8582E7] Duplicate stacktrace, see ref for original
Could not execute post-long-event action. Exception: System.NullReferenceException: Object reference not set to an instance of an object
[Ref 4C8582E7] Duplicate stacktrace, see ref for original
Could not execute post-long-event action. Exception: System.NullReferenceException: Object reference not set to an instance of an object
[Ref 4C8582E7] Duplicate stacktrace, see ref for original
Could not execute post-long-event action. Exception: System.NullReferenceException: Object reference not set to an instance of an object
[Ref 4C8582E7] Duplicate stacktrace, see ref for original
Could not execute post-long-event action. Exception: System.NullReferenceException: Object reference not set to an instance of an object
[Ref 4C8582E7] Duplicate stacktrace, see ref for original
Could not execute post-long-event action. Exception: System.NullReferenceException: Object reference not set to an instance of an object
[Ref 4C8582E7] Duplicate stacktrace, see ref for original
Could not execute post-long-event action. Exception: System.NullReferenceException: Object reference not set to an instance of an object
[Ref 4C8582E7] Duplicate stacktrace, see ref for original
Could not execute post-long-event action. Exception: System.NullReferenceException: Object reference not set to an instance of an object
[Ref 4C8582E7] Duplicate stacktrace, see ref for original
Could not execute post-long-event action. Exception: System.NullReferenceException: Object reference not set to an instance of an object
[Ref 4C8582E7] Duplicate stacktrace, see ref for original
Could not execute post-long-event action. Exception: System.NullReferenceException: Object reference not set to an instance of an object
[Ref 4C8582E7] Duplicate stacktrace, see ref for original
Could not execute post-long-event action. Exception: System.NullReferenceException: Object reference not set to an instance of an object
[Ref 4C8582E7] Duplicate stacktrace, see ref for original
Could not execute post-long-event action. Exception: System.NullReferenceException: Object reference not set to an instance of an object
[Ref 4C8582E7] Duplicate stacktrace, see ref for original
Could not execute post-long-event action. Exception: System.NullReferenceException: Object reference not set to an instance of an object
[Ref 4C8582E7] Duplicate stacktrace, see ref for original
Could not execute post-long-event action. Exception: System.NullReferenceException: Object reference not set to an instance of an object
[Ref 4C8582E7] Duplicate stacktrace, see ref for original
Could not execute post-long-event action. Exception: System.NullReferenceException: Object reference not set to an instance of an object
[Ref 4C8582E7] Duplicate stacktrace, see ref for original
Could not execute post-long-event action. Exception: System.NullReferenceException: Object reference not set to an instance of an object
[Ref 4C8582E7] Duplicate stacktrace, see ref for original
Could not execute post-long-event action. Exception: System.NullReferenceException: Object reference not set to an instance of an object
[Ref 4C8582E7] Duplicate stacktrace, see ref for original
Could not execute post-long-event action. Exception: System.NullReferenceException: Object reference not set to an instance of an object
[Ref 4C8582E7] Duplicate stacktrace, see ref for original
Could not execute post-long-event action. Exception: System.NullReferenceException: Object reference not set to an instance of an object
[Ref 4C8582E7] Duplicate stacktrace, see ref for original
Could not execute post-long-event action. Exception: System.NullReferenceException: Object reference not set to an instance of an object
[Ref 4C8582E7] Duplicate stacktrace, see ref for original
Could not execute post-long-event action. Exception: System.NullReferenceException: Object reference not set to an instance of an object
[Ref 4C8582E7] Duplicate stacktrace, see ref for original
Could not execute post-long-event action. Exception: System.NullReferenceException: Object reference not set to an instance of an object
[Ref 4C8582E7] Duplicate stacktrace, see ref for original
Could not execute post-long-event action. Exception: System.NullReferenceException: Object reference not set to an instance of an object
[Ref 4C8582E7] Duplicate stacktrace, see ref for original
Could not execute post-long-event action. Exception: System.NullReferenceException: Object reference not set to an instance of an object
[Ref 4C8582E7] Duplicate stacktrace, see ref for original
Could not execute post-long-event action. Exception: System.NullReferenceException: Object reference not set to an instance of an object
[Ref 4C8582E7] Duplicate stacktrace, see ref for original
Could not execute post-long-event action. Exception: System.NullReferenceException: Object reference not set to an instance of an object
[Ref 4C8582E7] Duplicate stacktrace, see ref for original
Could not execute post-long-event action. Exception: System.NullReferenceException: Object reference not set to an instance of an object
[Ref 4C8582E7] Duplicate stacktrace, see ref for original
Could not execute post-long-event action. Exception: System.NullReferenceException: Object reference not set to an instance of an object
[Ref 4C8582E7] Duplicate stacktrace, see ref for original
Could not execute post-long-event action. Exception: System.NullReferenceException: Object reference not set to an instance of an object
[Ref 4C8582E7] Duplicate stacktrace, see ref for original
Could not execute post-long-event action. Exception: System.NullReferenceException: Object reference not set to an instance of an object
[Ref 4C8582E7] Duplicate stacktrace, see ref for original
Could not execute post-long-event action. Exception: System.NullReferenceException: Object reference not set to an instance of an object
[Ref 4C8582E7] Duplicate stacktrace, see ref for original
Could not execute post-long-event action. Exception: System.NullReferenceException: Object reference not set to an instance of an object
[Ref 4C8582E7] Duplicate stacktrace, see ref for original
Could not execute post-long-event action. Exception: System.NullReferenceException: Object reference not set to an instance of an object
[Ref 4C8582E7] Duplicate stacktrace, see ref for original
Could not execute post-long-event action. Exception: System.NullReferenceException: Object reference not set to an instance of an object
[Ref 4C8582E7] Duplicate stacktrace, see ref for original
Could not execute post-long-event action. Exception: System.NullReferenceException: Object reference not set to an instance of an object
[Ref 4C8582E7] Duplicate stacktrace, see ref for original
Could not execute post-long-event action. Exception: System.NullReferenceException: Object reference not set to an instance of an object
[Ref 4C8582E7] Duplicate stacktrace, see ref for original
Could not execute post-long-event action. Exception: System.NullReferenceException: Object reference not set to an instance of an object
[Ref 4C8582E7] Duplicate stacktrace, see ref for original
Could not execute post-long-event action. Exception: System.NullReferenceException: Object reference not set to an instance of an object
[Ref 4C8582E7] Duplicate stacktrace, see ref for original
Could not execute post-long-event action. Exception: System.NullReferenceException: Object reference not set to an instance of an object
[Ref 4C8582E7] Duplicate stacktrace, see ref for original
Could not execute post-long-event action. Exception: System.NullReferenceException: Object reference not set to an instance of an object
[Ref 4C8582E7] Duplicate stacktrace, see ref for original
Could not execute post-long-event action. Exception: System.NullReferenceException: Object reference not set to an instance of an object
[Ref 4C8582E7] Duplicate stacktrace, see ref for original
Could not execute post-long-event action. Exception: System.NullReferenceException: Object reference not set to an instance of an object
[Ref 4C8582E7] Duplicate stacktrace, see ref for original
Could not execute post-long-event action. Exception: System.NullReferenceException: Object reference not set to an instance of an object
[Ref 4C8582E7] Duplicate stacktrace, see ref for original
Could not execute post-long-event action. Exception: System.NullReferenceException: Object reference not set to an instance of an object
[Ref 4C8582E7] Duplicate stacktrace, see ref for original
Could not execute post-long-event action. Exception: System.NullReferenceException: Object reference not set to an instance of an object
[Ref 4C8582E7] Duplicate stacktrace, see ref for original
Could not execute post-long-event action. Exception: System.NullReferenceException: Object reference not set to an instance of an object
[Ref 4C8582E7] Duplicate stacktrace, see ref for original
Could not execute post-long-event action. Exception: System.NullReferenceException: Object reference not set to an instance of an object
[Ref 4C8582E7] Duplicate stacktrace, see ref for original
Could not execute post-long-event action. Exception: System.NullReferenceException: Object reference not set to an instance of an object
[Ref 4C8582E7] Duplicate stacktrace, see ref for original
Could not execute post-long-event action. Exception: System.NullReferenceException: Object reference not set to an instance of an object
[Ref 4C8582E7] Duplicate stacktrace, see ref for original
Could not execute post-long-event action. Exception: System.NullReferenceException: Object reference not set to an instance of an object
[Ref 4C8582E7] Duplicate stacktrace, see ref for original
Could not execute post-long-event action. Exception: System.NullReferenceException: Object reference not set to an instance of an object
[Ref 4C8582E7] Duplicate stacktrace, see ref for original
Could not execute post-long-event action. Exception: System.NullReferenceException: Object reference not set to an instance of an object
[Ref 4C8582E7] Duplicate stacktrace, see ref for original
Could not execute post-long-event action. Exception: System.NullReferenceException: Object reference not set to an instance of an object
[Ref 4C8582E7] Duplicate stacktrace, see ref for original
Could not execute post-long-event action. Exception: System.NullReferenceException: Object reference not set to an instance of an object
[Ref 4C8582E7] Duplicate stacktrace, see ref for original
Could not execute post-long-event action. Exception: System.NullReferenceException: Object reference not set to an instance of an object
[Ref 4C8582E7] Duplicate stacktrace, see ref for original
Could not execute post-long-event action. Exception: System.NullReferenceException: Object reference not set to an instance of an object
[Ref 4C8582E7] Duplicate stacktrace, see ref for original
Could not execute post-long-event action. Exception: System.NullReferenceException: Object reference not set to an instance of an object
[Ref 4C8582E7] Duplicate stacktrace, see ref for original
Could not execute post-long-event action. Exception: System.NullReferenceException: Object reference not set to an instance of an object
[Ref 4C8582E7] Duplicate stacktrace, see ref for original
Could not execute post-long-event action. Exception: System.NullReferenceException: Object reference not set to an instance of an object
[Ref 4C8582E7] Duplicate stacktrace, see ref for original
Could not execute post-long-event action. Exception: System.NullReferenceException: Object reference not set to an instance of an object
[Ref 4C8582E7] Duplicate stacktrace, see ref for original
Could not execute post-long-event action. Exception: System.NullReferenceException: Object reference not set to an instance of an object
[Ref 4C8582E7] Duplicate stacktrace, see ref for original
Could not execute post-long-event action. Exception: System.NullReferenceException: Object reference not set to an instance of an object
[Ref 4C8582E7] Duplicate stacktrace, see ref for original
Could not execute post-long-event action. Exception: System.NullReferenceException: Object reference not set to an instance of an object
[Ref 4C8582E7] Duplicate stacktrace, see ref for original
Could not execute post-long-event action. Exception: System.NullReferenceException: Object reference not set to an instance of an object
[Ref 4C8582E7] Duplicate stacktrace, see ref for original
Could not execute post-long-event action. Exception: System.NullReferenceException: Object reference not set to an instance of an object
[Ref 4C8582E7] Duplicate stacktrace, see ref for original
Could not execute post-long-event action. Exception: System.NullReferenceException: Object reference not set to an instance of an object
[Ref 4C8582E7] Duplicate stacktrace, see ref for original
Could not execute post-long-event action. Exception: System.NullReferenceException: Object reference not set to an instance of an object
[Ref 4C8582E7] Duplicate stacktrace, see ref for original
Could not execute post-long-event action. Exception: System.NullReferenceException: Object reference not set to an instance of an object
[Ref 4C8582E7] Duplicate stacktrace, see ref for original
Could not execute post-long-event action. Exception: System.NullReferenceException: Object reference not set to an instance of an object
[Ref 4C8582E7] Duplicate stacktrace, see ref for original
Could not execute post-long-event action. Exception: System.NullReferenceException: Object reference not set to an instance of an object
[Ref 4C8582E7] Duplicate stacktrace, see ref for original
Could not execute post-long-event action. Exception: System.NullReferenceException: Object reference not set to an instance of an object
[Ref 4C8582E7] Duplicate stacktrace, see ref for original
Could not execute post-long-event action. Exception: System.NullReferenceException: Object reference not set to an instance of an object
[Ref 4C8582E7] Duplicate stacktrace, see ref for original
Could not execute post-long-event action. Exception: System.NullReferenceException: Object reference not set to an instance of an object
[Ref 4C8582E7] Duplicate stacktrace, see ref for original
Could not execute post-long-event action. Exception: System.NullReferenceException: Object reference not set to an instance of an object
[Ref 4C8582E7] Duplicate stacktrace, see ref for original
Could not execute post-long-event action. Exception: System.NullReferenceException: Object reference not set to an instance of an object
[Ref 6DF9E34F] Duplicate stacktrace, see ref for original
Could not execute post-long-event action. Exception: System.NullReferenceException: Object reference not set to an instance of an object
[Ref 6DF9E34F] Duplicate stacktrace, see ref for original
Could not execute post-long-event action. Exception: System.NullReferenceException: Object reference not set to an instance of an object
[Ref 6DF9E34F] Duplicate stacktrace, see ref for original
Could not execute post-long-event action. Exception: System.NullReferenceException: Object reference not set to an instance of an object
[Ref 6DF9E34F] Duplicate stacktrace, see ref for original
Could not execute post-long-event action. Exception: System.NullReferenceException: Object reference not set to an instance of an object
[Ref 6DF9E34F] Duplicate stacktrace, see ref for original
Could not execute post-long-event action. Exception: System.NullReferenceException: Object reference not set to an instance of an object
[Ref 6DF9E34F] Duplicate stacktrace, see ref for original
Could not execute post-long-event action. Exception: System.NullReferenceException: Object reference not set to an instance of an object
[Ref 6DF9E34F] Duplicate stacktrace, see ref for original
Could not execute post-long-event action. Exception: System.NullReferenceException: Object reference not set to an instance of an object
[Ref 6DF9E34F] Duplicate stacktrace, see ref for original
Could not execute post-long-event action. Exception: System.NullReferenceException: Object reference not set to an instance of an object
[Ref 6DF9E34F] Duplicate stacktrace, see ref for original
Could not execute post-long-event action. Exception: System.NullReferenceException: Object reference not set to an instance of an object
[Ref 6DF9E34F] Duplicate stacktrace, see ref for original
Could not execute post-long-event action. Exception: System.NullReferenceException: Object reference not set to an instance of an object
[Ref 6DF9E34F] Duplicate stacktrace, see ref for original
Could not execute post-long-event action. Exception: System.NullReferenceException: Object reference not set to an instance of an object
[Ref 6DF9E34F] Duplicate stacktrace, see ref for original
Could not execute post-long-event action. Exception: System.NullReferenceException: Object reference not set to an instance of an object
[Ref 6DF9E34F] Duplicate stacktrace, see ref for original
Could not execute post-long-event action. Exception: System.NullReferenceException: Object reference not set to an instance of an object
[Ref 6DF9E34F] Duplicate stacktrace, see ref for original
Could not execute post-long-event action. Exception: System.NullReferenceException: Object reference not set to an instance of an object
[Ref 6DF9E34F] Duplicate stacktrace, see ref for original
Could not execute post-long-event action. Exception: System.NullReferenceException: Object reference not set to an instance of an object
[Ref 6DF9E34F] Duplicate stacktrace, see ref for original
Could not execute post-long-event action. Exception: System.NullReferenceException: Object reference not set to an instance of an object
[Ref 6DF9E34F] Duplicate stacktrace, see ref for original
Could not execute post-long-event action. Exception: System.NullReferenceException: Object reference not set to an instance of an object
[Ref 6DF9E34F] Duplicate stacktrace, see ref for original
Could not execute post-long-event action. Exception: System.NullReferenceException: Object reference not set to an instance of an object
[Ref 6DF9E34F] Duplicate stacktrace, see ref for original
Could not execute post-long-event action. Exception: System.NullReferenceException: Object reference not set to an instance of an object
[Ref 6DF9E34F] Duplicate stacktrace, see ref for original
Could not execute post-long-event action. Exception: System.NullReferenceException: Object reference not set to an instance of an object
[Ref 6DF9E34F] Duplicate stacktrace, see ref for original
Could not execute post-long-event action. Exception: System.NullReferenceException: Object reference not set to an instance of an object
[Ref 6DF9E34F] Duplicate stacktrace, see ref for original
Could not execute post-long-event action. Exception: System.NullReferenceException: Object reference not set to an instance of an object
[Ref 6DF9E34F] Duplicate stacktrace, see ref for original
Could not execute post-long-event action. Exception: System.NullReferenceException: Object reference not set to an instance of an object
[Ref 6DF9E34F] Duplicate stacktrace, see ref for original
Could not execute post-long-event action. Exception: System.NullReferenceException: Object reference not set to an instance of an object
[Ref 6DF9E34F] Duplicate stacktrace, see ref for original
Could not execute post-long-event action. Exception: System.NullReferenceException: Object reference not set to an instance of an object
[Ref 6DF9E34F] Duplicate stacktrace, see ref for original
Could not execute post-long-event action. Exception: System.NullReferenceException: Object reference not set to an instance of an object
[Ref 6DF9E34F] Duplicate stacktrace, see ref for original
Could not execute post-long-event action. Exception: System.NullReferenceException: Object reference not set to an instance of an object
[Ref 6DF9E34F] Duplicate stacktrace, see ref for original
Could not execute post-long-event action. Exception: System.NullReferenceException: Object reference not set to an instance of an object
[Ref 6DF9E34F] Duplicate stacktrace, see ref for original
Could not execute post-long-event action. Exception: System.NullReferenceException: Object reference not set to an instance of an object
[Ref 6DF9E34F] Duplicate stacktrace, see ref for original
Could not execute post-long-event action. Exception: System.NullReferenceException: Object reference not set to an instance of an object
[Ref 6DF9E34F] Duplicate stacktrace, see ref for original
Could not execute post-long-event action. Exception: System.NullReferenceException: Object reference not set to an instance of an object
[Ref 6DF9E34F] Duplicate stacktrace, see ref for original
Could not execute post-long-event action. Exception: System.NullReferenceException: Object reference not set to an instance of an object
[Ref 6DF9E34F] Duplicate stacktrace, see ref for original
Could not execute post-long-event action. Exception: System.NullReferenceException: Object reference not set to an instance of an object
[Ref 6DF9E34F] Duplicate stacktrace, see ref for original
Could not execute post-long-event action. Exception: System.NullReferenceException: Object reference not set to an instance of an object
[Ref 6DF9E34F] Duplicate stacktrace, see ref for original
Could not execute post-long-event action. Exception: System.NullReferenceException: Object reference not set to an instance of an object
[Ref 6DF9E34F] Duplicate stacktrace, see ref for original
Could not execute post-long-event action. Exception: System.NullReferenceException: Object reference not set to an instance of an object
[Ref 6DF9E34F] Duplicate stacktrace, see ref for original
Could not execute post-long-event action. Exception: System.NullReferenceException: Object reference not set to an instance of an object
[Ref 6DF9E34F] Duplicate stacktrace, see ref for original
Could not execute post-long-event action. Exception: System.NullReferenceException: Object reference not set to an instance of an object
[Ref 6DF9E34F] Duplicate stacktrace, see ref for original
Could not execute post-long-event action. Exception: System.NullReferenceException: Object reference not set to an instance of an object
[Ref 6DF9E34F] Duplicate stacktrace, see ref for original
Could not execute post-long-event action. Exception: System.NullReferenceException: Object reference not set to an instance of an object
[Ref 6DF9E34F] Duplicate stacktrace, see ref for original
Could not execute post-long-event action. Exception: System.NullReferenceException: Object reference not set to an instance of an object
[Ref 6DF9E34F] Duplicate stacktrace, see ref for original
Could not execute post-long-event action. Exception: System.NullReferenceException: Object reference not set to an instance of an object
[Ref 6DF9E34F] Duplicate stacktrace, see ref for original
Could not execute post-long-event action. Exception: System.NullReferenceException: Object reference not set to an instance of an object
[Ref 6DF9E34F] Duplicate stacktrace, see ref for original
Could not execute post-long-event action. Exception: System.NullReferenceException: Object reference not set to an instance of an object
[Ref 6DF9E34F] Duplicate stacktrace, see ref for original
Could not execute post-long-event action. Exception: System.NullReferenceException: Object reference not set to an instance of an object
[Ref 6DF9E34F] Duplicate stacktrace, see ref for original
Could not execute post-long-event action. Exception: System.NullReferenceException: Object reference not set to an instance of an object
[Ref 6DF9E34F] Duplicate stacktrace, see ref for original
Could not execute post-long-event action. Exception: System.NullReferenceException: Object reference not set to an instance of an object
[Ref 6DF9E34F] Duplicate stacktrace, see ref for original
Could not execute post-long-event action. Exception: System.NullReferenceException: Object reference not set to an instance of an object
[Ref 6DF9E34F] Duplicate stacktrace, see ref for original
Could not execute post-long-event action. Exception: System.NullReferenceException: Object reference not set to an instance of an object
[Ref 6DF9E34F] Duplicate stacktrace, see ref for original
Could not execute post-long-event action. Exception: System.NullReferenceException: Object reference not set to an instance of an object
[Ref 6DF9E34F] Duplicate stacktrace, see ref for original
Could not execute post-long-event action. Exception: System.NullReferenceException: Object reference not set to an instance of an object
[Ref 6DF9E34F] Duplicate stacktrace, see ref for original
Could not execute post-long-event action. Exception: System.NullReferenceException: Object reference not set to an instance of an object
[Ref 6DF9E34F] Duplicate stacktrace, see ref for original
Could not execute post-long-event action. Exception: System.NullReferenceException: Object reference not set to an instance of an object
[Ref 6DF9E34F] Duplicate stacktrace, see ref for original
Could not execute post-long-event action. Exception: System.NullReferenceException: Object reference not set to an instance of an object
[Ref 6DF9E34F] Duplicate stacktrace, see ref for original
Could not execute post-long-event action. Exception: System.NullReferenceException: Object reference not set to an instance of an object
[Ref 6DF9E34F] Duplicate stacktrace, see ref for original
Could not execute post-long-event action. Exception: System.NullReferenceException: Object reference not set to an instance of an object
[Ref 6DF9E34F] Duplicate stacktrace, see ref for original
Could not execute post-long-event action. Exception: System.NullReferenceException: Object reference not set to an instance of an object
[Ref 6DF9E34F] Duplicate stacktrace, see ref for original
Could not execute post-long-event action. Exception: System.NullReferenceException: Object reference not set to an instance of an object
[Ref 6DF9E34F] Duplicate stacktrace, see ref for original
Could not execute post-long-event action. Exception: System.NullReferenceException: Object reference not set to an instance of an object
[Ref 6DF9E34F] Duplicate stacktrace, see ref for original
Could not execute post-long-event action. Exception: System.NullReferenceException: Object reference not set to an instance of an object
[Ref 6DF9E34F] Duplicate stacktrace, see ref for original
Could not execute post-long-event action. Exception: System.NullReferenceException: Object reference not set to an instance of an object
[Ref 6DF9E34F] Duplicate stacktrace, see ref for original
Could not execute post-long-event action. Exception: System.NullReferenceException: Object reference not set to an instance of an object
[Ref 6DF9E34F] Duplicate stacktrace, see ref for original
Could not execute post-long-event action. Exception: System.NullReferenceException: Object reference not set to an instance of an object
[Ref 6DF9E34F] Duplicate stacktrace, see ref for original
Could not execute post-long-event action. Exception: System.NullReferenceException: Object reference not set to an instance of an object
[Ref 6DF9E34F] Duplicate stacktrace, see ref for original
Could not execute post-long-event action. Exception: System.NullReferenceException: Object reference not set to an instance of an object
[Ref 6DF9E34F] Duplicate stacktrace, see ref for original
Could not execute post-long-event action. Exception: System.NullReferenceException: Object reference not set to an instance of an object
[Ref 6DF9E34F] Duplicate stacktrace, see ref for original
Could not execute post-long-event action. Exception: System.NullReferenceException: Object reference not set to an instance of an object
[Ref 6DF9E34F] Duplicate stacktrace, see ref for original
Could not execute post-long-event action. Exception: System.NullReferenceException: Object reference not set to an instance of an object
[Ref 6DF9E34F] Duplicate stacktrace, see ref for original
Could not execute post-long-event action. Exception: System.NullReferenceException: Object reference not set to an instance of an object
[Ref 6DF9E34F] Duplicate stacktrace, see ref for original
Could not execute post-long-event action. Exception: System.NullReferenceException: Object reference not set to an instance of an object
[Ref 6DF9E34F] Duplicate stacktrace, see ref for original
Could not execute post-long-event action. Exception: System.NullReferenceException: Object reference not set to an instance of an object
[Ref 6DF9E34F] Duplicate stacktrace, see ref for original
Could not execute post-long-event action. Exception: System.NullReferenceException: Object reference not set to an instance of an object
[Ref 6DF9E34F] Duplicate stacktrace, see ref for original
Could not execute post-long-event action. Exception: System.NullReferenceException: Object reference not set to an instance of an object
[Ref 6DF9E34F] Duplicate stacktrace, see ref for original
Could not execute post-long-event action. Exception: System.NullReferenceException: Object reference not set to an instance of an object
[Ref 6DF9E34F] Duplicate stacktrace, see ref for original
Could not execute post-long-event action. Exception: System.NullReferenceException: Object reference not set to an instance of an object
[Ref 6DF9E34F] Duplicate stacktrace, see ref for original
Could not execute post-long-event action. Exception: System.NullReferenceException: Object reference not set to an instance of an object
[Ref 6DF9E34F] Duplicate stacktrace, see ref for original
Could not execute post-long-event action. Exception: System.NullReferenceException: Object reference not set to an instance of an object
[Ref 6DF9E34F] Duplicate stacktrace, see ref for original
Could not execute post-long-event action. Exception: System.NullReferenceException: Object reference not set to an instance of an object
[Ref 6DF9E34F] Duplicate stacktrace, see ref for original
Could not execute post-long-event action. Exception: System.NullReferenceException: Object reference not set to an instance of an object
[Ref 6DF9E34F] Duplicate stacktrace, see ref for original
Could not execute post-long-event action. Exception: System.NullReferenceException: Object reference not set to an instance of an object
[Ref 6DF9E34F] Duplicate stacktrace, see ref for original
Could not execute post-long-event action. Exception: System.NullReferenceException: Object reference not set to an instance of an object
[Ref 6DF9E34F] Duplicate stacktrace, see ref for original
Could not execute post-long-event action. Exception: System.NullReferenceException: Object reference not set to an instance of an object
[Ref 6DF9E34F] Duplicate stacktrace, see ref for original
Could not execute post-long-event action. Exception: System.NullReferenceException: Object reference not set to an instance of an object
[Ref 6DF9E34F] Duplicate stacktrace, see ref for original
Could not execute post-long-event action. Exception: System.NullReferenceException: Object reference not set to an instance of an object
[Ref 4C8582E7] Duplicate stacktrace, see ref for original
Could not execute post-long-event action. Exception: System.NullReferenceException: Object reference not set to an instance of an object
[Ref 4C8582E7] Duplicate stacktrace, see ref for original
Could not execute post-long-event action. Exception: System.NullReferenceException: Object reference not set to an instance of an object
[Ref 4C8582E7] Duplicate stacktrace, see ref for original
Could not execute post-long-event action. Exception: System.NullReferenceException: Object reference not set to an instance of an object
[Ref 4C8582E7] Duplicate stacktrace, see ref for original
Could not execute post-long-event action. Exception: System.NullReferenceException: Object reference not set to an instance of an object
[Ref 4C8582E7] Duplicate stacktrace, see ref for original
Could not execute post-long-event action. Exception: System.NullReferenceException: Object reference not set to an instance of an object
[Ref 4C8582E7] Duplicate stacktrace, see ref for original
Could not execute post-long-event action. Exception: System.NullReferenceException: Object reference not set to an instance of an object
[Ref 4C8582E7] Duplicate stacktrace, see ref for original
Could not execute post-long-event action. Exception: System.NullReferenceException: Object reference not set to an instance of an object
[Ref 4C8582E7] Duplicate stacktrace, see ref for original
Could not execute post-long-event action. Exception: System.NullReferenceException: Object reference not set to an instance of an object
[Ref 4C8582E7] Duplicate stacktrace, see ref for original
Could not execute post-long-event action. Exception: System.NullReferenceException: Object reference not set to an instance of an object
[Ref 4C8582E7] Duplicate stacktrace, see ref for original
Could not execute post-long-event action. Exception: System.NullReferenceException: Object reference not set to an instance of an object
[Ref 4C8582E7] Duplicate stacktrace, see ref for original
Could not execute post-long-event action. Exception: System.NullReferenceException: Object reference not set to an instance of an object
[Ref 4C8582E7] Duplicate stacktrace, see ref for original
Could not execute post-long-event action. Exception: System.NullReferenceException: Object reference not set to an instance of an object
[Ref 4C8582E7] Duplicate stacktrace, see ref for original
Could not execute post-long-event action. Exception: System.NullReferenceException: Object reference not set to an instance of an object
[Ref 4C8582E7] Duplicate stacktrace, see ref for original
Could not execute post-long-event action. Exception: System.NullReferenceException: Object reference not set to an instance of an object
[Ref 4C8582E7] Duplicate stacktrace, see ref for original
Could not execute post-long-event action. Exception: System.NullReferenceException: Object reference not set to an instance of an object
[Ref 4C8582E7] Duplicate stacktrace, see ref for original
Could not execute post-long-event action. Exception: System.NullReferenceException: Object reference not set to an instance of an object
[Ref 4C8582E7] Duplicate stacktrace, see ref for original
Could not execute post-long-event action. Exception: System.NullReferenceException: Object reference not set to an instance of an object
[Ref 4C8582E7] Duplicate stacktrace, see ref for original
Could not execute post-long-event action. Exception: System.NullReferenceException: Object reference not set to an instance of an object
[Ref 4C8582E7] Duplicate stacktrace, see ref for original
Could not execute post-long-event action. Exception: System.NullReferenceException: Object reference not set to an instance of an object
[Ref 4C8582E7] Duplicate stacktrace, see ref for original
Could not execute post-long-event action. Exception: System.NullReferenceException: Object reference not set to an instance of an object
[Ref 4C8582E7] Duplicate stacktrace, see ref for original
Could not execute post-long-event action. Exception: System.NullReferenceException: Object reference not set to an instance of an object
[Ref 4C8582E7] Duplicate stacktrace, see ref for original
Could not execute post-long-event action. Exception: System.NullReferenceException: Object reference not set to an instance of an object
[Ref 4C8582E7] Duplicate stacktrace, see ref for original
Could not execute post-long-event action. Exception: System.NullReferenceException: Object reference not set to an instance of an object
[Ref 4C8582E7] Duplicate stacktrace, see ref for original
Could not execute post-long-event action. Exception: System.NullReferenceException: Object reference not set to an instance of an object
[Ref 4C8582E7] Duplicate stacktrace, see ref for original
Could not execute post-long-event action. Exception: System.NullReferenceException: Object reference not set to an instance of an object
[Ref 4C8582E7] Duplicate stacktrace, see ref for original
Could not execute post-long-event action. Exception: System.NullReferenceException: Object reference not set to an instance of an object
[Ref 4C8582E7] Duplicate stacktrace, see ref for original
Could not execute post-long-event action. Exception: System.NullReferenceException: Object reference not set to an instance of an object
[Ref 4C8582E7] Duplicate stacktrace, see ref for original
Could not execute post-long-event action. Exception: System.NullReferenceException: Object reference not set to an instance of an object
[Ref 4C8582E7] Duplicate stacktrace, see ref for original
Could not execute post-long-event action. Exception: System.NullReferenceException: Object reference not set to an instance of an object
[Ref 4C8582E7] Duplicate stacktrace, see ref for original
Could not execute post-long-event action. Exception: System.NullReferenceException: Object reference not set to an instance of an object
[Ref 4C8582E7] Duplicate stacktrace, see ref for original
Could not execute post-long-event action. Exception: System.NullReferenceException: Object reference not set to an instance of an object
[Ref 4C8582E7] Duplicate stacktrace, see ref for original
Could not execute post-long-event action. Exception: System.NullReferenceException: Object reference not set to an instance of an object
[Ref 4C8582E7] Duplicate stacktrace, see ref for original
Could not execute post-long-event action. Exception: System.NullReferenceException: Object reference not set to an instance of an object
[Ref 4C8582E7] Duplicate stacktrace, see ref for original
Could not execute post-long-event action. Exception: System.NullReferenceException: Object reference not set to an instance of an object
[Ref 4C8582E7] Duplicate stacktrace, see ref for original
Could not execute post-long-event action. Exception: System.NullReferenceException: Object reference not set to an instance of an object
[Ref 4C8582E7] Duplicate stacktrace, see ref for original
Could not execute post-long-event action. Exception: System.NullReferenceException: Object reference not set to an instance of an object
[Ref 4C8582E7] Duplicate stacktrace, see ref for original
Could not execute post-long-event action. Exception: System.NullReferenceException: Object reference not set to an instance of an object
[Ref 4C8582E7] Duplicate stacktrace, see ref for original
Could not execute post-long-event action. Exception: System.NullReferenceException: Object reference not set to an instance of an object
[Ref 4C8582E7] Duplicate stacktrace, see ref for original
Could not execute post-long-event action. Exception: System.NullReferenceException: Object reference not set to an instance of an object
[Ref 4C8582E7] Duplicate stacktrace, see ref for original
Could not execute post-long-event action. Exception: System.NullReferenceException: Object reference not set to an instance of an object
[Ref 4C8582E7] Duplicate stacktrace, see ref for original
Could not execute post-long-event action. Exception: System.NullReferenceException: Object reference not set to an instance of an object
[Ref 4C8582E7] Duplicate stacktrace, see ref for original
Could not execute post-long-event action. Exception: System.NullReferenceException: Object reference not set to an instance of an object
[Ref 4C8582E7] Duplicate stacktrace, see ref for original
Could not execute post-long-event action. Exception: System.NullReferenceException: Object reference not set to an instance of an object
[Ref 4C8582E7] Duplicate stacktrace, see ref for original
Could not execute post-long-event action. Exception: System.NullReferenceException: Object reference not set to an instance of an object
[Ref 4C8582E7] Duplicate stacktrace, see ref for original
Could not execute post-long-event action. Exception: System.NullReferenceException: Object reference not set to an instance of an object
[Ref 4C8582E7] Duplicate stacktrace, see ref for original
Could not execute post-long-event action. Exception: System.NullReferenceException: Object reference not set to an instance of an object
[Ref 4C8582E7] Duplicate stacktrace, see ref for original
Could not execute post-long-event action. Exception: System.NullReferenceException: Object reference not set to an instance of an object
[Ref 4C8582E7] Duplicate stacktrace, see ref for original
Could not execute post-long-event action. Exception: System.NullReferenceException: Object reference not set to an instance of an object
[Ref 4C8582E7] Duplicate stacktrace, see ref for original
Could not execute post-long-event action. Exception: System.NullReferenceException: Object reference not set to an instance of an object
[Ref 4C8582E7] Duplicate stacktrace, see ref for original
Could not execute post-long-event action. Exception: System.NullReferenceException: Object reference not set to an instance of an object
[Ref 4C8582E7] Duplicate stacktrace, see ref for original
Could not execute post-long-event action. Exception: System.NullReferenceException: Object reference not set to an instance of an object
[Ref 4C8582E7] Duplicate stacktrace, see ref for original
Could not execute post-long-event action. Exception: System.NullReferenceException: Object reference not set to an instance of an object
[Ref 4C8582E7] Duplicate stacktrace, see ref for original
Could not execute post-long-event action. Exception: System.NullReferenceException: Object reference not set to an instance of an object
[Ref 4C8582E7] Duplicate stacktrace, see ref for original
Could not execute post-long-event action. Exception: System.NullReferenceException: Object reference not set to an instance of an object
[Ref 3ABE4C73]
  at Verse.Widgets.CroppedTerrainTextureRect (UnityEngine.Texture2D tex) [0x00000] in <61e4173561894da49d210260257b5097>:0 
  at RimWorld.Designator_Build.UpdateIcon () [0x0002e] in <61e4173561894da49d210260257b5097>:0 
  at RimWorld.Designator_Build.ResetStuffToDefault () [0x00007] in <61e4173561894da49d210260257b5097>:0 
RimWorld.Designator_Build..ctor(BuildableDef entDef)
  at Verse.DesignationCategoryDef.ResolveDesignators () [0x0016d] in <61e4173561894da49d210260257b5097>:0 
  at Verse.DesignationCategoryDef.<ResolveReferences>b__23_0 () [0x00000] in <61e4173561894da49d210260257b5097>:0 
  at Verse.LongEventHandler.ExecuteToExecuteWhenFinished () [0x0007c] in <61e4173561894da49d210260257b5097>:0 
Could not execute post-long-event action. Exception: System.NullReferenceException: Object reference not set to an instance of an object
[Ref 3ABE4C73] Duplicate stacktrace, see ref for original
Could not execute post-long-event action. Exception: System.NullReferenceException: Object reference not set to an instance of an object
[Ref F9832325]
  at Verse.GlobalTextureAtlasManager.TryInsertStatic (Verse.TextureAtlasGroup group, UnityEngine.Texture2D texture, UnityEngine.Texture2D mask) [0x00000] in <61e4173561894da49d210260257b5097>:0 
  at Verse.DamageGraphicData.<ResolveReferencesSpecial>b__24_0 () [0x00093] in <61e4173561894da49d210260257b5097>:0 
  at Verse.LongEventHandler.ExecuteToExecuteWhenFinished () [0x0007c] in <61e4173561894da49d210260257b5097>:0 
Could not execute post-long-event action. Exception: System.NullReferenceException: Object reference not set to an instance of an object
[Ref F9832325] Duplicate stacktrace, see ref for original
Could not execute post-long-event action. Exception: System.NullReferenceException: Object reference not set to an instance of an object
[Ref F9832325] Duplicate stacktrace, see ref for original
Could not execute post-long-event action. Exception: System.NullReferenceException: Object reference not set to an instance of an object
[Ref F9832325] Duplicate stacktrace, see ref for original
Could not execute post-long-event action. Exception: System.NullReferenceException: Object reference not set to an instance of an object
[Ref F9832325] Duplicate stacktrace, see ref for original
Could not execute post-long-event action. Exception: System.NullReferenceException: Object reference not set to an instance of an object
[Ref F9832325] Duplicate stacktrace, see ref for original
Could not execute post-long-event action. Exception: System.NullReferenceException: Object reference not set to an instance of an object
[Ref F9832325] Duplicate stacktrace, see ref for original
Could not execute post-long-event action. Exception: System.NullReferenceException: Object reference not set to an instance of an object
[Ref F9832325] Duplicate stacktrace, see ref for original
Could not execute post-long-event action. Exception: System.NullReferenceException: Object reference not set to an instance of an object
[Ref F9832325] Duplicate stacktrace, see ref for original
Could not execute post-long-event action. Exception: System.NullReferenceException: Object reference not set to an instance of an object
[Ref F9832325] Duplicate stacktrace, see ref for original
Could not execute post-long-event action. Exception: System.NullReferenceException: Object reference not set to an instance of an object
[Ref 8B6FEAF1]
  at Verse.GlobalTextureAtlasManager.TryInsertStatic (Verse.TextureAtlasGroup group, UnityEngine.Texture2D texture, UnityEngine.Texture2D mask) [0x00000] in <61e4173561894da49d210260257b5097>:0 
  at Verse.DamageGraphicData.<ResolveReferencesSpecial>b__24_0 () [0x00109] in <61e4173561894da49d210260257b5097>:0 
  at Verse.LongEventHandler.ExecuteToExecuteWhenFinished () [0x0007c] in <61e4173561894da49d210260257b5097>:0 
Could not execute post-long-event action. Exception: System.NullReferenceException: Object reference not set to an instance of an object
[Ref 1E512DA9]
  at Verse.GlobalTextureAtlasManager.TryInsertStatic (Verse.TextureAtlasGroup group, UnityEngine.Texture2D texture, UnityEngine.Texture2D mask) [0x00000] in <61e4173561894da49d210260257b5097>:0 
  at Verse.DamageGraphicData.<ResolveReferencesSpecial>b__24_0 () [0x000ce] in <61e4173561894da49d210260257b5097>:0 
  at Verse.LongEventHandler.ExecuteToExecuteWhenFinished () [0x0007c] in <61e4173561894da49d210260257b5097>:0 
Could not execute post-long-event action. Exception: System.NullReferenceException: Object reference not set to an instance of an object
[Ref F9832325] Duplicate stacktrace, see ref for original
Could not execute post-long-event action. Exception: System.NullReferenceException: Object reference not set to an instance of an object
[Ref F9832325] Duplicate stacktrace, see ref for original
Could not execute post-long-event action. Exception: System.NullReferenceException: Object reference not set to an instance of an object
[Ref F9832325] Duplicate stacktrace, see ref for original
Could not execute post-long-event action. Exception: System.NullReferenceException: Object reference not set to an instance of an object
[Ref F9832325] Duplicate stacktrace, see ref for original
Could not execute post-long-event action. Exception: System.NullReferenceException: Object reference not set to an instance of an object
[Ref F9832325] Duplicate stacktrace, see ref for original
Could not execute post-long-event action. Exception: System.NullReferenceException: Object reference not set to an instance of an object
[Ref F9832325] Duplicate stacktrace, see ref for original
Could not execute post-long-event action. Exception: System.NullReferenceException: Object reference not set to an instance of an object
[Ref F9832325] Duplicate stacktrace, see ref for original
Could not execute post-long-event action. Exception: System.NullReferenceException: Object reference not set to an instance of an object
[Ref F9832325] Duplicate stacktrace, see ref for original
Could not execute post-long-event action. Exception: System.NullReferenceException: Object reference not set to an instance of an object
[Ref F9832325] Duplicate stacktrace, see ref for original
Could not execute post-long-event action. Exception: System.NullReferenceException: Object reference not set to an instance of an object
[Ref F9832325] Duplicate stacktrace, see ref for original
Could not execute post-long-event action. Exception: System.NullReferenceException: Object reference not set to an instance of an object
[Ref F9832325] Duplicate stacktrace, see ref for original
Could not execute post-long-event action. Exception: System.NullReferenceException: Object reference not set to an instance of an object
[Ref F9832325] Duplicate stacktrace, see ref for original
Could not execute post-long-event action. Exception: System.NullReferenceException: Object reference not set to an instance of an object
[Ref F9832325] Duplicate stacktrace, see ref for original
Could not execute post-long-event action. Exception: System.NullReferenceException: Object reference not set to an instance of an object
[Ref 1E512DA9] Duplicate stacktrace, see ref for original
Could not execute post-long-event action. Exception: System.NullReferenceException: Object reference not set to an instance of an object
[Ref F9832325] Duplicate stacktrace, see ref for original
Could not execute post-long-event action. Exception: System.NullReferenceException: Object reference not set to an instance of an object
[Ref F9832325] Duplicate stacktrace, see ref for original
Could not execute post-long-event action. Exception: System.NullReferenceException: Object reference not set to an instance of an object
[Ref F9832325] Duplicate stacktrace, see ref for original
Could not execute post-long-event action. Exception: System.NullReferenceException: Object reference not set to an instance of an object
[Ref F9832325] Duplicate stacktrace, see ref for original
Could not execute post-long-event action. Exception: System.NullReferenceException: Object reference not set to an instance of an object
[Ref F9832325] Duplicate stacktrace, see ref for original
Could not execute post-long-event action. Exception: System.NullReferenceException: Object reference not set to an instance of an object
[Ref F9832325] Duplicate stacktrace, see ref for original
Could not execute post-long-event action. Exception: System.NullReferenceException: Object reference not set to an instance of an object
[Ref F9832325] Duplicate stacktrace, see ref for original
Could not execute post-long-event action. Exception: System.NullReferenceException: Object reference not set to an instance of an object
[Ref F9832325] Duplicate stacktrace, see ref for original
Could not execute post-long-event action. Exception: System.NullReferenceException: Object reference not set to an instance of an object
[Ref F9832325] Duplicate stacktrace, see ref for original
Could not execute post-long-event action. Exception: System.NullReferenceException: Object reference not set to an instance of an object
[Ref F9832325] Duplicate stacktrace, see ref for original
Could not execute post-long-event action. Exception: System.NullReferenceException: Object reference not set to an instance of an object
[Ref F9832325] Duplicate stacktrace, see ref for original
Could not execute post-long-event action. Exception: System.NullReferenceException: Object reference not set to an instance of an object
[Ref F9832325] Duplicate stacktrace, see ref for original
Could not execute post-long-event action. Exception: System.NullReferenceException: Object reference not set to an instance of an object
[Ref F9832325] Duplicate stacktrace, see ref for original
Could not execute post-long-event action. Exception: System.NullReferenceException: Object reference not set to an instance of an object
[Ref F9832325] Duplicate stacktrace, see ref for original
Could not execute post-long-event action. Exception: System.NullReferenceException: Object reference not set to an instance of an object
[Ref F9832325] Duplicate stacktrace, see ref for original
Could not execute post-long-event action. Exception: System.NullReferenceException: Object reference not set to an instance of an object
[Ref F9832325] Duplicate stacktrace, see ref for original
Could not execute post-long-event action. Exception: System.NullReferenceException: Object reference not set to an instance of an object
[Ref F9832325] Duplicate stacktrace, see ref for original
Could not execute post-long-event action. Exception: System.NullReferenceException: Object reference not set to an instance of an object
[Ref F9832325] Duplicate stacktrace, see ref for original
Could not execute post-long-event action. Exception: System.NullReferenceException: Object reference not set to an instance of an object
[Ref F9832325] Duplicate stacktrace, see ref for original
Could not execute post-long-event action. Exception: System.NullReferenceException: Object reference not set to an instance of an object
[Ref 1E512DA9] Duplicate stacktrace, see ref for original
Could not execute post-long-event action. Exception: System.NullReferenceException: Object reference not set to an instance of an object
[Ref F9832325] Duplicate stacktrace, see ref for original
Could not execute post-long-event action. Exception: System.NullReferenceException: Object reference not set to an instance of an object
[Ref 73D7834F]
  at Verse.GlobalTextureAtlasManager.TryInsertStatic (Verse.TextureAtlasGroup group, UnityEngine.Texture2D texture, UnityEngine.Texture2D mask) [0x00000] in <61e4173561894da49d210260257b5097>:0 
  at Verse.DamageGraphicData.<ResolveReferencesSpecial>b__24_0 () [0x00046] in <61e4173561894da49d210260257b5097>:0 
  at Verse.LongEventHandler.ExecuteToExecuteWhenFinished () [0x0007c] in <61e4173561894da49d210260257b5097>:0 
Could not execute post-long-event action. Exception: System.NullReferenceException: Object reference not set to an instance of an object
[Ref 73D7834F] Duplicate stacktrace, see ref for original
Could not execute post-long-event action. Exception: System.NullReferenceException: Object reference not set to an instance of an object
[Ref 73D7834F] Duplicate stacktrace, see ref for original
Could not execute post-long-event action. Exception: System.NullReferenceException: Object reference not set to an instance of an object
[Ref 73D7834F] Duplicate stacktrace, see ref for original
Could not execute post-long-event action. Exception: System.NullReferenceException: Object reference not set to an instance of an object
[Ref 73D7834F] Duplicate stacktrace, see ref for original
Could not execute post-long-event action. Exception: System.NullReferenceException: Object reference not set to an instance of an object
[Ref 73D7834F] Duplicate stacktrace, see ref for original
Could not execute post-long-event action. Exception: System.NullReferenceException: Object reference not set to an instance of an object
[Ref F9832325] Duplicate stacktrace, see ref for original
Could not execute post-long-event action. Exception: System.NullReferenceException: Object reference not set to an instance of an object
[Ref F9832325] Duplicate stacktrace, see ref for original
Could not execute post-long-event action. Exception: System.NullReferenceException: Object reference not set to an instance of an object
[Ref F9832325] Duplicate stacktrace, see ref for original
Could not execute post-long-event action. Exception: System.NullReferenceException: Object reference not set to an instance of an object
[Ref F9832325] Duplicate stacktrace, see ref for original
Could not execute post-long-event action. Exception: System.NullReferenceException: Object reference not set to an instance of an object
[Ref F9832325] Duplicate stacktrace, see ref for original
Could not execute post-long-event action. Exception: System.NullReferenceException: Object reference not set to an instance of an object
[Ref 1E512DA9] Duplicate stacktrace, see ref for original
Could not execute post-long-event action. Exception: System.NullReferenceException: Object reference not set to an instance of an object
[Ref F9832325] Duplicate stacktrace, see ref for original
Could not execute post-long-event action. Exception: System.NullReferenceException: Object reference not set to an instance of an object
[Ref F9832325] Duplicate stacktrace, see ref for original
Could not execute post-long-event action. Exception: System.NullReferenceException: Object reference not set to an instance of an object
[Ref F9832325] Duplicate stacktrace, see ref for original
Could not execute post-long-event action. Exception: System.NullReferenceException: Object reference not set to an instance of an object
[Ref F9832325] Duplicate stacktrace, see ref for original
Could not execute post-long-event action. Exception: System.NullReferenceException: Object reference not set to an instance of an object
[Ref F9832325] Duplicate stacktrace, see ref for original
Could not execute post-long-event action. Exception: System.NullReferenceException: Object reference not set to an instance of an object
[Ref F9832325] Duplicate stacktrace, see ref for original
Could not execute post-long-event action. Exception: System.NullReferenceException: Object reference not set to an instance of an object
[Ref F9832325] Duplicate stacktrace, see ref for original
Could not execute post-long-event action. Exception: System.NullReferenceException: Object reference not set to an instance of an object
[Ref F9832325] Duplicate stacktrace, see ref for original
Could not execute post-long-event action. Exception: System.NullReferenceException: Object reference not set to an instance of an object
[Ref F9832325] Duplicate stacktrace, see ref for original
Could not execute post-long-event action. Exception: System.NullReferenceException: Object reference not set to an instance of an object
[Ref F9832325] Duplicate stacktrace, see ref for original
Could not execute post-long-event action. Exception: System.NullReferenceException: Object reference not set to an instance of an object
[Ref F9832325] Duplicate stacktrace, see ref for original
Could not execute post-long-event action. Exception: System.NullReferenceException: Object reference not set to an instance of an object
[Ref F9832325] Duplicate stacktrace, see ref for original
Could not execute post-long-event action. Exception: System.NullReferenceException: Object reference not set to an instance of an object
[Ref F9832325] Duplicate stacktrace, see ref for original
Could not execute post-long-event action. Exception: System.NullReferenceException: Object reference not set to an instance of an object
[Ref F9832325] Duplicate stacktrace, see ref for original
Could not execute post-long-event action. Exception: System.NullReferenceException: Object reference not set to an instance of an object
[Ref F9832325] Duplicate stacktrace, see ref for original
Could not execute post-long-event action. Exception: System.NullReferenceException: Object reference not set to an instance of an object
[Ref F9832325] Duplicate stacktrace, see ref for original
Could not execute post-long-event action. Exception: System.NullReferenceException: Object reference not set to an instance of an object
[Ref F9832325] Duplicate stacktrace, see ref for original
Could not execute post-long-event action. Exception: System.NullReferenceException: Object reference not set to an instance of an object
[Ref F9832325] Duplicate stacktrace, see ref for original
Could not execute post-long-event action. Exception: System.NullReferenceException: Object reference not set to an instance of an object
[Ref F9832325] Duplicate stacktrace, see ref for original
Could not execute post-long-event action. Exception: System.NullReferenceException: Object reference not set to an instance of an object
[Ref F9832325] Duplicate stacktrace, see ref for original
Could not execute post-long-event action. Exception: System.NullReferenceException: Object reference not set to an instance of an object
[Ref F9832325] Duplicate stacktrace, see ref for original
Could not execute post-long-event action. Exception: System.NullReferenceException: Object reference not set to an instance of an object
[Ref F9832325] Duplicate stacktrace, see ref for original
Could not execute post-long-event action. Exception: System.NullReferenceException: Object reference not set to an instance of an object
[Ref F9832325] Duplicate stacktrace, see ref for original
Could not execute post-long-event action. Exception: System.NullReferenceException: Object reference not set to an instance of an object
[Ref F9832325] Duplicate stacktrace, see ref for original
Could not execute post-long-event action. Exception: System.NullReferenceException: Object reference not set to an instance of an object
[Ref F9832325] Duplicate stacktrace, see ref for original
Could not execute post-long-event action. Exception: System.NullReferenceException: Object reference not set to an instance of an object
[Ref F9832325] Duplicate stacktrace, see ref for original
Could not execute post-long-event action. Exception: System.NullReferenceException: Object reference not set to an instance of an object
[Ref F9832325] Duplicate stacktrace, see ref for original
Could not execute post-long-event action. Exception: System.NullReferenceException: Object reference not set to an instance of an object
[Ref F9832325] Duplicate stacktrace, see ref for original
Could not execute post-long-event action. Exception: System.NullReferenceException: Object reference not set to an instance of an object
[Ref F9832325] Duplicate stacktrace, see ref for original
Could not execute post-long-event action. Exception: System.NullReferenceException: Object reference not set to an instance of an object
[Ref F9832325] Duplicate stacktrace, see ref for original
Could not execute post-long-event action. Exception: System.NullReferenceException: Object reference not set to an instance of an object
[Ref F9832325] Duplicate stacktrace, see ref for original
Could not execute post-long-event action. Exception: System.NullReferenceException: Object reference not set to an instance of an object
[Ref F9832325] Duplicate stacktrace, see ref for original
Could not execute post-long-event action. Exception: System.NullReferenceException: Object reference not set to an instance of an object
[Ref F9832325] Duplicate stacktrace, see ref for original
Could not execute post-long-event action. Exception: System.NullReferenceException: Object reference not set to an instance of an object
[Ref F9832325] Duplicate stacktrace, see ref for original
Could not execute post-long-event action. Exception: System.NullReferenceException: Object reference not set to an instance of an object
[Ref 8B6FEAF1] Duplicate stacktrace, see ref for original
Could not execute post-long-event action. Exception: System.NullReferenceException: Object reference not set to an instance of an object
[Ref 1E512DA9] Duplicate stacktrace, see ref for original
Could not execute post-long-event action. Exception: System.NullReferenceException: Object reference not set to an instance of an object
[Ref 1E512DA9] Duplicate stacktrace, see ref for original
Could not execute post-long-event action. Exception: System.NullReferenceException: Object reference not set to an instance of an object
[Ref F9832325] Duplicate stacktrace, see ref for original
Could not execute post-long-event action. Exception: System.NullReferenceException: Object reference not set to an instance of an object
[Ref F9832325] Duplicate stacktrace, see ref for original
Could not execute post-long-event action. Exception: System.NullReferenceException: Object reference not set to an instance of an object
[Ref F9832325] Duplicate stacktrace, see ref for original
Could not execute post-long-event action. Exception: System.NullReferenceException: Object reference not set to an instance of an object
[Ref F9832325] Duplicate stacktrace, see ref for original
Could not execute post-long-event action. Exception: System.NullReferenceException: Object reference not set to an instance of an object
[Ref F9832325] Duplicate stacktrace, see ref for original
Could not execute post-long-event action. Exception: System.NullReferenceException: Object reference not set to an instance of an object
[Ref F9832325] Duplicate stacktrace, see ref for original
Could not execute post-long-event action. Exception: System.NullReferenceException: Object reference not set to an instance of an object
[Ref F9832325] Duplicate stacktrace, see ref for original
Could not execute post-long-event action. Exception: System.NullReferenceException: Object reference not set to an instance of an object
[Ref F9832325] Duplicate stacktrace, see ref for original
Could not execute post-long-event action. Exception: System.NullReferenceException: Object reference not set to an instance of an object
[Ref F9832325] Duplicate stacktrace, see ref for original
Could not execute post-long-event action. Exception: System.NullReferenceException: Object reference not set to an instance of an object
[Ref F9832325] Duplicate stacktrace, see ref for original
Could not execute post-long-event action. Exception: System.NullReferenceException: Object reference not set to an instance of an object
[Ref F9832325] Duplicate stacktrace, see ref for original
Could not execute post-long-event action. Exception: System.NullReferenceException: Object reference not set to an instance of an object
[Ref F9832325] Duplicate stacktrace, see ref for original
Could not execute post-long-event action. Exception: System.NullReferenceException: Object reference not set to an instance of an object
[Ref F9832325] Duplicate stacktrace, see ref for original
Could not execute post-long-event action. Exception: System.NullReferenceException: Object reference not set to an instance of an object
[Ref F9832325] Duplicate stacktrace, see ref for original
Could not execute post-long-event action. Exception: System.NullReferenceException: Object reference not set to an instance of an object
[Ref F9832325] Duplicate stacktrace, see ref for original
Could not execute post-long-event action. Exception: System.NullReferenceException: Object reference not set to an instance of an object
[Ref F9832325] Duplicate stacktrace, see ref for original
Could not execute post-long-event action. Exception: System.NullReferenceException: Object reference not set to an instance of an object
[Ref F9832325] Duplicate stacktrace, see ref for original
Could not execute post-long-event action. Exception: System.NullReferenceException: Object reference not set to an instance of an object
[Ref F9832325] Duplicate stacktrace, see ref for original
Could not execute post-long-event action. Exception: System.NullReferenceException: Object reference not set to an instance of an object
[Ref F9832325] Duplicate stacktrace, see ref for original
Could not execute post-long-event action. Exception: System.NullReferenceException: Object reference not set to an instance of an object
[Ref F9832325] Duplicate stacktrace, see ref for original
Could not execute post-long-event action. Exception: System.NullReferenceException: Object reference not set to an instance of an object
[Ref F9832325] Duplicate stacktrace, see ref for original
Could not execute post-long-event action. Exception: System.NullReferenceException: Object reference not set to an instance of an object
[Ref F9832325] Duplicate stacktrace, see ref for original
Could not execute post-long-event action. Exception: System.NullReferenceException: Object reference not set to an instance of an object
[Ref F9832325] Duplicate stacktrace, see ref for original
Could not execute post-long-event action. Exception: System.NullReferenceException: Object reference not set to an instance of an object
[Ref F9832325] Duplicate stacktrace, see ref for original
Could not execute post-long-event action. Exception: System.NullReferenceException: Object reference not set to an instance of an object
[Ref F9832325] Duplicate stacktrace, see ref for original
Could not execute post-long-event action. Exception: System.NullReferenceException: Object reference not set to an instance of an object
[Ref 1E512DA9] Duplicate stacktrace, see ref for original
Could not execute post-long-event action. Exception: System.NullReferenceException: Object reference not set to an instance of an object
[Ref 1E512DA9] Duplicate stacktrace, see ref for original
Could not execute post-long-event action. Exception: System.NullReferenceException: Object reference not set to an instance of an object
[Ref F9832325] Duplicate stacktrace, see ref for original
Could not execute post-long-event action. Exception: System.NullReferenceException: Object reference not set to an instance of an object
[Ref F9832325] Duplicate stacktrace, see ref for original
Could not execute post-long-event action. Exception: System.NullReferenceException: Object reference not set to an instance of an object
[Ref F9832325] Duplicate stacktrace, see ref for original
Could not execute post-long-event action. Exception: System.NullReferenceException: Object reference not set to an instance of an object
[Ref F9832325] Duplicate stacktrace, see ref for original
Could not execute post-long-event action. Exception: System.NullReferenceException: Object reference not set to an instance of an object
[Ref F9832325] Duplicate stacktrace, see ref for original
Could not execute post-long-event action. Exception: System.NullReferenceException: Object reference not set to an instance of an object
[Ref F9832325] Duplicate stacktrace, see ref for original
Could not execute post-long-event action. Exception: System.NullReferenceException: Object reference not set to an instance of an object
[Ref F9832325] Duplicate stacktrace, see ref for original
Could not execute post-long-event action. Exception: System.NullReferenceException: Object reference not set to an instance of an object
[Ref F9832325] Duplicate stacktrace, see ref for original
Could not execute post-long-event action. Exception: System.NullReferenceException: Object reference not set to an instance of an object
[Ref F9832325] Duplicate stacktrace, see ref for original
Could not execute post-long-event action. Exception: System.NullReferenceException: Object reference not set to an instance of an object
[Ref F9832325] Duplicate stacktrace, see ref for original
Could not execute post-long-event action. Exception: System.NullReferenceException: Object reference not set to an instance of an object
[Ref F9832325] Duplicate stacktrace, see ref for original
Could not execute post-long-event action. Exception: System.NullReferenceException: Object reference not set to an instance of an object
[Ref F9832325] Duplicate stacktrace, see ref for original
Could not execute post-long-event action. Exception: System.NullReferenceException: Object reference not set to an instance of an object
[Ref F9832325] Duplicate stacktrace, see ref for original
Could not execute post-long-event action. Exception: System.NullReferenceException: Object reference not set to an instance of an object
[Ref F9832325] Duplicate stacktrace, see ref for original
Could not execute post-long-event action. Exception: System.NullReferenceException: Object reference not set to an instance of an object
[Ref F9832325] Duplicate stacktrace, see ref for original
Could not execute post-long-event action. Exception: System.NullReferenceException: Object reference not set to an instance of an object
[Ref F9832325] Duplicate stacktrace, see ref for original
Could not execute post-long-event action. Exception: System.NullReferenceException: Object reference not set to an instance of an object
[Ref F9832325] Duplicate stacktrace, see ref for original
Could not execute post-long-event action. Exception: System.NullReferenceException: Object reference not set to an instance of an object
[Ref F9832325] Duplicate stacktrace, see ref for original
Could not execute post-long-event action. Exception: System.NullReferenceException: Object reference not set to an instance of an object
[Ref F9832325] Duplicate stacktrace, see ref for original
Could not execute post-long-event action. Exception: System.NullReferenceException: Object reference not set to an instance of an object
[Ref F9832325] Duplicate stacktrace, see ref for original
Could not execute post-long-event action. Exception: System.NullReferenceException: Object reference not set to an instance of an object
[Ref 1E512DA9] Duplicate stacktrace, see ref for original
Could not execute post-long-event action. Exception: System.NullReferenceException: Object reference not set to an instance of an object
[Ref 1E512DA9] Duplicate stacktrace, see ref for original
Could not execute post-long-event action. Exception: System.NullReferenceException: Object reference not set to an instance of an object
[Ref F9832325] Duplicate stacktrace, see ref for original
Could not execute post-long-event action. Exception: System.NullReferenceException: Object reference not set to an instance of an object
[Ref F9832325] Duplicate stacktrace, see ref for original
Could not execute post-long-event action. Exception: System.NullReferenceException: Object reference not set to an instance of an object
[Ref F9832325] Duplicate stacktrace, see ref for original
Could not execute post-long-event action. Exception: System.NullReferenceException: Object reference not set to an instance of an object
[Ref F9832325] Duplicate stacktrace, see ref for original
Could not execute post-long-event action. Exception: System.NullReferenceException: Object reference not set to an instance of an object
[Ref F9832325] Duplicate stacktrace, see ref for original
Could not execute post-long-event action. Exception: System.NullReferenceException: Object reference not set to an instance of an object
[Ref F9832325] Duplicate stacktrace, see ref for original
Could not execute post-long-event action. Exception: System.NullReferenceException: Object reference not set to an instance of an object
[Ref 7F081F7F]
  at Verse.GlobalTextureAtlasManager.TryInsertStatic (Verse.TextureAtlasGroup group, UnityEngine.Texture2D texture, UnityEngine.Texture2D mask) [0x00000] in <61e4173561894da49d210260257b5097>:0 
  at Verse.BuildingsDamageSectionLayerUtility.TryInsertIntoAtlas () [0x00011] in <61e4173561894da49d210260257b5097>:0 
  at Verse.GlobalTextureAtlasManager.BakeStaticAtlases () [0x00000] in <61e4173561894da49d210260257b5097>:0 
  at Verse.PlayDataLoader+<>c.<DoPlayLoad>b__4_4 () [0x00032] in <61e4173561894da49d210260257b5097>:0 
  at Verse.LongEventHandler.ExecuteToExecuteWhenFinished () [0x0007c] in <61e4173561894da49d210260257b5097>:0 
Unloading 5 Unused Serialized files (Serialized files now loaded: 5)
[PhysX] Initialized MultithreadedTaskDispatcher with 16 workers.
UnloadTime: 1.601400 ms
The shader Hidden/ColorCorrectionCurvesSimple (UnityEngine.Shader) on effect Camera (UnityStandardAssets.ImageEffects.ColorCorrectionCurves) is not supported on this platform!
The shader Hidden/ColorCorrectionCurves (UnityEngine.Shader) on effect Camera (UnityStandardAssets.ImageEffects.ColorCorrectionCurves) is not supported on this platform!
The shader Hidden/ColorCorrectionSelective (UnityEngine.Shader) on effect Camera (UnityStandardAssets.ImageEffects.ColorCorrectionCurves) is not supported on this platform!
The image effect Camera (UnityStandardAssets.ImageEffects.ColorCorrectionCurves) has been disabled as it's not supported on the current platform.
Unloading 107 unused Assets to reduce memory usage. Loaded Objects now: 23832.
Total: 141.584900 ms (FindLiveObjects: 0.915000 ms CreateObjectMapping: 0.276900 ms MarkObjects: 140.290800 ms  DeleteObjects: 0.101900 ms)

Initializing new game with mods:
  - brrainz.harmony
  - Ludeon.RimWorld
  - Ludeon.RimWorld.Royalty
  - Ludeon.RimWorld.Ideology
  - Ludeon.RimWorld.Biotech
  - Ludeon.RimWorld.Anomaly
  - Ludeon.RimWorld.Odyssey
  - m00nl1ght.MapPreview
  - choco.mapgenai.naturalprobe.n4
Unloading 0 Unused Serialized files (Serialized files now loaded: 5)
[MapGenAI] Applied state to tile 13
[MapGenAI] Applied state to tile 13
[MapGenAI] Applied state to tile 13
[MapGenAI] Applied state to tile 13
Unloading 2 unused Assets to reduce memory usage. Loaded Objects now: 25282.
Total: 143.990200 ms (FindLiveObjects: 0.980300 ms CreateObjectMapping: 0.275300 ms MarkObjects: 142.699900 ms  DeleteObjects: 0.034300 ms)

ERROR: Shader Custom/Lightshaft shader is not supported on this GPU (none of subshaders/fallbacks are suitable)
ERROR: Shader Custom/HighlightRing shader is not supported on this GPU (none of subshaders/fallbacks are suitable)
ERROR: Shader Custom/RevenantDeath shader is not supported on this GPU (none of subshaders/fallbacks are suitable)
ERROR: Shader Custom/Mote Psychic Skip Inner shader is not supported on this GPU (none of subshaders/fallbacks are suitable)
ERROR: Shader Custom/Mote Psychic Skip Inner shader is not supported on this GPU (none of subshaders/fallbacks are suitable)
ERROR: Shader Custom/Mote Psychic Skip Ring shader is not supported on this GPU (none of subshaders/fallbacks are suitable)
ERROR: Shader Custom/Heat diffusion shader is not supported on this GPU (none of subshaders/fallbacks are suitable)
ERROR: Shader Custom/Sparks Circular shader is not supported on this GPU (none of subshaders/fallbacks are suitable)
ERROR: Shader Custom/Mote glow distorted shader is not supported on this GPU (none of subshaders/fallbacks are suitable)
ERROR: Shader Custom/Mote bouncing shader is not supported on this GPU (none of subshaders/fallbacks are suitable)
ERROR: Shader Custom/Mote bouncing rotating shader is not supported on this GPU (none of subshaders/fallbacks are suitable)
ERROR: Shader Custom/Transparent shader is not supported on this GPU (none of subshaders/fallbacks are suitable)
ERROR: Shader Custom/TransparentAnimated shader is not supported on this GPU (none of subshaders/fallbacks are suitable)
ERROR: Shader Custom/HoraxianSnake shader is not supported on this GPU (none of subshaders/fallbacks are suitable)
ERROR: Shader Custom/PsychicDistortionRibbon shader is not supported on this GPU (none of subshaders/fallbacks are suitable)
ERROR: Shader Custom/Mote glow pulse low shader is not supported on this GPU (none of subshaders/fallbacks are suitable)
ERROR: Shader Custom/TransparentColorLerp shader is not supported on this GPU (none of subshaders/fallbacks are suitable)
ERROR: Shader Custom/Ember shader is not supported on this GPU (none of subshaders/fallbacks are suitable)
ERROR: Shader Custom/Ember shader is not supported on this GPU (none of subshaders/fallbacks are suitable)
ERROR: Shader Custom/TransparentAniamtedColorLerp shader is not supported on this GPU (none of subshaders/fallbacks are suitable)
ERROR: Shader Custom/MoteHeatDistortion shader is not supported on this GPU (none of subshaders/fallbacks are suitable)
ERROR: Shader Custom/FerroBlob shader is not supported on this GPU (none of subshaders/fallbacks are suitable)
ERROR: Shader Custom/FerroWave shader is not supported on this GPU (none of subshaders/fallbacks are suitable)
ERROR: Shader Custom/Mote glow shader is not supported on this GPU (none of subshaders/fallbacks are suitable)
ERROR: Shader Custom/MoteHeatDistortionIntense shader is not supported on this GPU (none of subshaders/fallbacks are suitable)
ERROR: Shader Custom/Fish Shadow shader is not supported on this GPU (none of subshaders/fallbacks are suitable)
Resolution too small (0x0), resetting UI scale to 1.
Crash!!!
SymInit: Symbol-SearchPath: '.;C:\Users\choco\Documents\Codex\2026-09-13\new-chat-2\work\mapgenai-headless-runtime;C:/Users/choco/Documents/Codex/2026-09-13/new-chat-2/work/mapgenai-headless-runtime/RimWorldWin64_Data/Plugins\x86_64;C:/Users/choco/Documents/Codex/2026-09-13/new-chat-2/work/mapgenai-headless-runtime/RimWorldWin64_Data/Plugins;C:\Users\choco\Documents\Codex\2026-09-13\new-chat-2\work\mapgenai-headless-runtime;C:\WINDOWS;C:\WINDOWS\system32;', symOptions: 534, UserName: 'choco'
OS-Version: 10.0.0
C:\Users\choco\Documents\Codex\2026-09-13\new-chat-2\work\mapgenai-headless-runtime\RimWorldWin64.exe:RimWorldWin64.exe (00007FF66B250000), size: 688128 (result: 0), SymType: '-deferred-', PDB: '', fileVersion: 2022.3.35.4614
C:\WINDOWS\SYSTEM32\ntdll.dll:ntdll.dll (00007FFFD08C0000), size: 2519040 (result: 0), SymType: '-deferred-', PDB: '', fileVersion: 10.0.26100.9444
C:\WINDOWS\System32\KERNEL32.DLL:KERNEL32.DLL (00007FFFCF400000), size: 831488 (result: 0), SymType: '-deferred-', PDB: '', fileVersion: 10.0.26100.9444
C:\WINDOWS\System32\KERNELBASE.dll:KERNELBASE.dll (00007FFFCDB80000), size: 4202496 (result: 0), SymType: '-deferred-', PDB: '', fileVersion: 10.0.26100.9444
C:\WINDOWS\SYSTEM32\apphelp.dll:apphelp.dll (00007FFFCA910000), size: 651264 (result: 0), SymType: '-deferred-', PDB: '', fileVersion: 10.0.26100.9444
C:\Users\choco\Documents\Codex\2026-09-13\new-chat-2\work\mapgenai-headless-runtime\UnityPlayer.dll:UnityPlayer.dll (00007FFEFA9B0000), size: 31911936 (result: 0), SymType: '-deferred-', PDB: '', fileVersion: 2022.3.35.4614
C:\WINDOWS\System32\USER32.dll:USER32.dll (00007FFFCF220000), size: 1896448 (result: 0), SymType: '-deferred-', PDB: '', fileVersion: 10.0.26100.9444
C:\WINDOWS\System32\win32u.dll:win32u.dll (00007FFFCE5B0000), size: 159744 (result: 0), SymType: '-deferred-', PDB: '', fileVersion: 10.0.26100.9444
C:\WINDOWS\System32\GDI32.dll:GDI32.dll (00007FFFD0510000), size: 176128 (result: 0), SymType: '-deferred-', PDB: '', fileVersion: 10.0.26100.8328
C:\WINDOWS\System32\gdi32full.dll:gdi32full.dll (00007FFFCE190000), size: 1216512 (result: 0), SymType: '-deferred-', PDB: '', fileVersion: 10.0.26100.9444
C:\WINDOWS\System32\msvcp_win.dll:msvcp_win.dll (00007FFFCE0E0000), size: 667648 (result: 0), SymType: '-deferred-', PDB: '', fileVersion: 10.0.26100.9444
C:\WINDOWS\System32\ucrtbase.dll:ucrtbase.dll (00007FFFCE2C0000), size: 1359872 (result: 0), SymType: '-deferred-', PDB: '', fileVersion: 10.0.26100.9444
C:\WINDOWS\System32\ole32.dll:ole32.dll (00007FFFCEF60000), size: 1679360 (result: 0), SymType: '-deferred-', PDB: '', fileVersion: 10.0.26100.9444
C:\WINDOWS\System32\combase.dll:combase.dll (00007FFFCF4D0000), size: 3690496 (result: 0), SymType: '-deferred-', PDB: '', fileVersion: 10.0.26100.9444
C:\WINDOWS\System32\RPCRT4.dll:RPCRT4.dll (00007FFFCF100000), size: 1146880 (result: 0), SymType: '-deferred-', PDB: '', fileVersion: 10.0.26100.9444
C:\WINDOWS\System32\SHLWAPI.dll:SHLWAPI.dll (00007FFFCEE70000), size: 417792 (result: 0), SymType: '-deferred-', PDB: '', fileVersion: 10.0.26100.9444
C:\WINDOWS\SYSTEM32\VERSION.dll:VERSION.dll (00007FFFC57A0000), size: 45056 (result: 0), SymType: '-deferred-', PDB: '', fileVersion: 10.0.26100.1150
C:\WINDOWS\System32\SETUPAPI.dll:SETUPAPI.dll (00007FFFCE9D0000), size: 4747264 (result: 0), SymType: '-deferred-', PDB: '', fileVersion: 10.0.26100.9444
C:\WINDOWS\System32\msvcrt.dll:msvcrt.dll (00007FFFD0430000), size: 692224 (result: 0), SymType: '-deferred-', PDB: '', fileVersion: 7.0.26100.9444
C:\WINDOWS\System32\ADVAPI32.dll:ADVAPI32.dll (00007FFFCE630000), size: 770048 (result: 0), SymType: '-deferred-', PDB: '', fileVersion: 10.0.26100.9278
C:\WINDOWS\System32\sechost.dll:sechost.dll (00007FFFCE700000), size: 692224 (result: 0), SymType: '-deferred-', PDB: '', fileVersion: 10.0.26100.9444
C:\WINDOWS\System32\SHELL32.dll:SHELL32.dll (00007FFFCFA10000), size: 7962624 (result: 0), SymType: '-deferred-', PDB: '', fileVersion: 10.0.26100.9278
C:\WINDOWS\System32\OLEAUT32.dll:OLEAUT32.dll (00007FFFD0780000), size: 888832 (result: 0), SymType: '-deferred-', PDB: '', fileVersion: 10.0.26100.9278
C:\WINDOWS\System32\IMM32.dll:IMM32.dll (00007FFFD0540000), size: 200704 (result: 0), SymType: '-deferred-', PDB: '', fileVersion: 10.0.26100.9278
C:\WINDOWS\System32\CRYPT32.dll:CRYPT32.dll (00007FFFCE420000), size: 1564672 (result: 0), SymType: '-deferred-', PDB: '', fileVersion: 10.0.26100.9278
C:\WINDOWS\SYSTEM32\OPENGL32.dll:OPENGL32.dll (00007FFF936A0000), size: 1097728 (result: 0), SymType: '-deferred-', PDB: '', fileVersion: 10.0.26100.9278
C:\WINDOWS\SYSTEM32\WINMM.dll:WINMM.dll (00007FFFBD630000), size: 221184 (result: 0), SymType: '-deferred-', PDB: '', fileVersion: 10.0.26100.9278
C:\WINDOWS\System32\WS2_32.dll:WS2_32.dll (00007FFFCE8B0000), size: 524288 (result: 0), SymType: '-deferred-', PDB: '', fileVersion: 10.0.26100.9444
C:\WINDOWS\SYSTEM32\WINHTTP.dll:WINHTTP.dll (00007FFFC6E20000), size: 1220608 (result: 0), SymType: '-deferred-', PDB: '', fileVersion: 10.0.26100.9278
C:\WINDOWS\SYSTEM32\bcrypt.dll:bcrypt.dll (00007FFFCD9B0000), size: 172032 (result: 0), SymType: '-deferred-', PDB: '', fileVersion: 10.0.26100.9444
C:\WINDOWS\SYSTEM32\HID.DLL:HID.DLL (00007FFFCBDC0000), size: 61440 (result: 0), SymType: '-deferred-', PDB: '', fileVersion: 10.0.26100.1150
C:\WINDOWS\SYSTEM32\GLU32.dll:GLU32.dll (00007FFF9AB20000), size: 184320 (result: 0), SymType: '-deferred-', PDB: '', fileVersion: 10.0.26100.1150
C:\WINDOWS\SYSTEM32\dwmapi.dll:dwmapi.dll (00007FFFCAE30000), size: 192512 (result: 0), SymType: '-deferred-', PDB: '', fileVersion: 10.0.26100.9278
C:\WINDOWS\SYSTEM32\dxcore.dll:dxcore.dll (00007FFFCAC80000), size: 278528 (result: 0), SymType: '-deferred-', PDB: '', fileVersion: 10.0.26100.9278
C:\WINDOWS\SYSTEM32\kernel.appcore.dll:kernel.appcore.dll (00007FFFCC750000), size: 110592 (result: 0), SymType: '-deferred-', PDB: '', fileVersion: 10.0.26100.9278
C:\WINDOWS\System32\bcryptPrimitives.dll:bcryptPrimitives.dll (00007FFFCDAC0000), size: 704512 (result: 0), SymType: '-deferred-', PDB: '', fileVersion: 10.0.26100.9444
C:\WINDOWS\system32\uxtheme.dll:uxtheme.dll (00007FFFCAB60000), size: 688128 (result: 0), SymType: '-deferred-', PDB: '', fileVersion: 10.0.26100.9444
C:\WINDOWS\System32\shcore.dll:shcore.dll (00007FFFD0330000), size: 1028096 (result: 0), SymType: '-deferred-', PDB: '', fileVersion: 10.0.26100.9444
C:\Users\choco\Documents\Codex\2026-09-13\new-chat-2\work\mapgenai-headless-runtime\MonoBleedingEdge\EmbedRuntime\mono-2.0-bdwgc.dll:mono-2.0-bdwgc.dll (00007FFEF9F50000), size: 10825728 (result: 0), SymType: '-deferred-', PDB: ''
C:\WINDOWS\SYSTEM32\windows.storage.dll:windows.storage.dll (00007FFFCB500000), size: 9101312 (result: 0), SymType: '-deferred-', PDB: '', fileVersion: 10.0.26100.9444
C:\WINDOWS\SYSTEM32\profapi.dll:profapi.dll (00007FFFCD9E0000), size: 167936 (result: 0), SymType: '-deferred-', PDB: '', fileVersion: 10.0.26100.9444
C:\WINDOWS\SYSTEM32\iphlpapi.dll:iphlpapi.dll (00007FFFCC100000), size: 208896 (result: 0), SymType: '-deferred-', PDB: '', fileVersion: 10.0.26100.9278
C:\WINDOWS\System32\MSCTF.dll:MSCTF.dll (00007FFFD01C0000), size: 1421312 (result: 0), SymType: '-deferred-', PDB: '', fileVersion: 10.0.26100.9278
C:\WINDOWS\System32\clbcatq.dll:clbcatq.dll (00007FFFCF950000), size: 712704 (result: 0), SymType: '-deferred-', PDB: '', fileVersion: 2001.12.10941.16384
C:\WINDOWS\System32\MMDevApi.dll:MMDevApi.dll (00007FFFBDD80000), size: 675840 (result: 0), SymType: '-deferred-', PDB: '', fileVersion: 10.0.26100.9444
C:\WINDOWS\System32\DEVOBJ.dll:DEVOBJ.dll (00007FFFCD650000), size: 192512 (result: 0), SymType: '-deferred-', PDB: '', fileVersion: 10.0.26100.9278
C:\WINDOWS\SYSTEM32\cfgmgr32.dll:cfgmgr32.dll (00007FFFCD690000), size: 335872 (result: 0), SymType: '-deferred-', PDB: '', fileVersion: 10.0.26100.9278
C:\WINDOWS\SYSTEM32\AUDIOSES.DLL:AUDIOSES.DLL (00007FFFB6240000), size: 1798144 (result: 0), SymType: '-deferred-', PDB: '', fileVersion: 10.0.26100.9444
C:\WINDOWS\SYSTEM32\resourcepolicyclient.dll:resourcepolicyclient.dll (00007FFFCB0C0000), size: 81920 (result: 0), SymType: '-deferred-', PDB: '', fileVersion: 10.0.26100.8115
C:\WINDOWS\SYSTEM32\powrprof.dll:powrprof.dll (00007FFFCD760000), size: 385024 (result: 0), SymType: '-deferred-', PDB: '', fileVersion: 10.0.26100.3912
C:\WINDOWS\SYSTEM32\UMPDC.dll:UMPDC.dll (00007FFFCD740000), size: 86016 (result: 0), SymType: '-deferred-', PDB: '', fileVersion: 10.0.26100.8972
C:\Users\choco\Documents\Codex\2026-09-13\new-chat-2\work\mapgenai-headless-runtime\RimWorldWin64_Data\Plugins\x86_64\lib_burst_generated.dll:lib_burst_generated.dll (00007FFF92E40000), size: 126976 (result: 0), SymType: '-deferred-', PDB: ''
C:\Users\choco\Documents\Codex\2026-09-13\new-chat-2\work\mapgenai-headless-runtime\RimWorldWin64_Data\Plugins\x86_64\steam_api64.dll:steam_api64.dll (00007FFF7BFA0000), size: 311296 (result: 0), SymType: '-deferred-', PDB: '', fileVersion: 6.91.21.57
C:\Program Files (x86)\Steam\steamclient64.dll:steamclient64.dll (00007FFEE7C30000), size: 26726400 (result: 0), SymType: '-deferred-', PDB: '', fileVersion: 10.96.30.42
C:\WINDOWS\System32\imagehlp.dll:imagehlp.dll (00007FFFD04E0000), size: 131072 (result: 0), SymType: '-deferred-', PDB: '', fileVersion: 10.0.26100.4202
C:\WINDOWS\System32\PSAPI.DLL:PSAPI.DLL (00007FFFCEE60000), size: 32768 (result: 0), SymType: '-deferred-', PDB: '', fileVersion: 10.0.26100.8521
C:\Program Files (x86)\Steam\tier0_s64.dll:tier0_s64.dll (00007FFF2EF20000), size: 3203072 (result: 0), SymType: '-deferred-', PDB: '', fileVersion: 10.96.30.42
C:\Program Files (x86)\Steam\vstdlib_s64.dll:vstdlib_s64.dll (00007FFF64610000), size: 798720 (result: 0), SymType: '-deferred-', PDB: '', fileVersion: 10.96.30.42
C:\WINDOWS\SYSTEM32\Secur32.dll:Secur32.dll (00007FFFCA9C0000), size: 53248 (result: 0), SymType: '-deferred-', PDB: '', fileVersion: 10.0.26100.7705
C:\WINDOWS\SYSTEM32\MSWSOCK.dll:MSWSOCK.dll (00007FFFCCD00000), size: 442368 (result: 0), SymType: '-deferred-', PDB: '', fileVersion: 10.0.26100.9278
C:\WINDOWS\SYSTEM32\SSPICLI.DLL:SSPICLI.DLL (00007FFFCCA20000), size: 299008 (result: 0), SymType: '-deferred-', PDB: '', fileVersion: 10.0.26100.9278
C:\WINDOWS\SYSTEM32\CRYPTBASE.DLL:CRYPTBASE.DLL (00007FFFCD060000), size: 49152 (result: 0), SymType: '-deferred-', PDB: '', fileVersion: 10.0.26100.9444
C:\Program Files (x86)\Steam\gameoverlayrenderer64.dll:gameoverlayrenderer64.dll (00007FFF68F50000), size: 1798144 (result: 0), SymType: '-deferred-', PDB: '', fileVersion: 10.96.30.42
C:\WINDOWS\system32\msctfmonitor.dll:msctfmonitor.dll (00007FFFA7F60000), size: 106496 (result: 0), SymType: '-deferred-', PDB: '', fileVersion: 10.0.26100.9278
C:\WINDOWS\system32\MSUTB.dll:MSUTB.dll (00007FFFA7F00000), size: 348160 (result: 0), SymType: '-deferred-', PDB: '', fileVersion: 10.0.26100.9278
C:\WINDOWS\SYSTEM32\textinputframework.dll:textinputframework.dll (00007FFFA2BE0000), size: 1318912 (result: 0), SymType: '-deferred-', PDB: '', fileVersion: 10.0.26100.9278
C:\WINDOWS\system32\Oleacc.dll:Oleacc.dll (00007FFFADAC0000), size: 479232 (result: 0), SymType: '-deferred-', PDB: '', fileVersion: 7.2.26100.9278
C:\WINDOWS\system32\MLANG.DLL:MLANG.DLL (00007FFF7BF00000), size: 278528 (result: 0), SymType: '-deferred-', PDB: '', fileVersion: 10.0.26100.7019
C:\Windows\System32\InputSwitch.dll:InputSwitch.dll (00007FFF8AC20000), size: 868352 (result: 0), SymType: '-deferred-', PDB: '', fileVersion: 10.0.26100.9278
C:\Windows\System32\DUI70.dll:DUI70.dll (00007FFF87820000), size: 1744896 (result: 0), SymType: '-deferred-', PDB: '', fileVersion: 10.0.26100.9278
C:\WINDOWS\WinSxS\amd64_microsoft.windows.common-controls_6595b64144ccf1df_6.0.26100.9278_none_3e0d1ba8e3303201\Comctl32.dll:Comctl32.dll (00007FFFB2BC0000), size: 2686976 (result: 0), SymType: '-deferred-', PDB: '', fileVersion: 6.10.26100.9278
C:\Windows\System32\DUser.dll:DUser.dll (00007FFF9C730000), size: 671744 (result: 0), SymType: '-deferred-', PDB: '', fileVersion: 10.0.26100.9278
C:\WINDOWS\system32\windowsudk.shellcommon.dll:windowsudk.shellcommon.dll (00007FFF9A3B0000), size: 7131136 (result: 0), SymType: '-deferred-', PDB: '', fileVersion: 10.0.26100.9457
C:\WINDOWS\SYSTEM32\wintypes.dll:wintypes.dll (00007FFFC6CB0000), size: 1482752 (result: 0), SymType: '-deferred-', PDB: '', fileVersion: 10.0.26100.9444
C:\Windows\System32\twinapi.appcore.dll:twinapi.appcore.dll (00007FFFBC1B0000), size: 2424832 (result: 0), SymType: '-deferred-', PDB: '', fileVersion: 10.0.26100.9444
C:\Windows\System32\Windows.UI.Core.TextInput.dll:Windows.UI.Core.TextInput.dll (00007FFF989F0000), size: 1658880 (result: 0), SymType: '-deferred-', PDB: '', fileVersion: 10.0.26100.9278
C:\Windows\System32\CoreMessaging.dll:CoreMessaging.dll (00007FFFCA510000), size: 1224704 (result: 0), SymType: '-deferred-', PDB: '', fileVersion: 10.0.26100.9444
C:\WINDOWS\SYSTEM32\CoreUIComponents.dll:CoreUIComponents.dll (00007FFFC5E80000), size: 3031040 (result: 0), SymType: '-deferred-', PDB: '', fileVersion: 10.0.26100.9278
C:\Windows\System32\Bcp47Langs.dll:Bcp47Langs.dll (00007FFFADBA0000), size: 385024 (result: 0), SymType: '-deferred-', PDB: '', fileVersion: 10.0.26100.9278
C:\WINDOWS\system32\dwrite.dll:dwrite.dll (00007FFFC9130000), size: 2531328 (result: 0), SymType: '-deferred-', PDB: '', fileVersion: 10.0.26100.9444
C:\WINDOWS\System32\UIAnimation.dll:UIAnimation.dll (00007FFFAA510000), size: 327680 (result: 0), SymType: '-deferred-', PDB: '', fileVersion: 10.0.26100.9278
C:\Windows\System32\d3d11.dll:d3d11.dll (00007FFFC93A0000), size: 2490368 (result: 0), SymType: '-deferred-', PDB: '', fileVersion: 10.0.26100.9278
C:\Windows\System32\dxgi.dll:dxgi.dll (00007FFFCACD0000), size: 1290240 (result: 0), SymType: '-deferred-', PDB: '', fileVersion: 10.0.26100.9444
C:\WINDOWS\SYSTEM32\D3D10Warp.dll:D3D10Warp.dll (00007FFF903E0000), size: 5963776 (result: 0), SymType: '-deferred-', PDB: '', fileVersion: 10.0.26100.9278
C:\WINDOWS\SYSTEM32\directxdatabasehelper.dll:directxdatabasehelper.dll (00007FFFC6B50000), size: 385024 (result: 0), SymType: '-deferred-', PDB: '', fileVersion: 10.0.26100.9444
C:\WINDOWS\SYSTEM32\dcomp.dll:dcomp.dll (00007FFFC9E90000), size: 2248704 (result: 0), SymType: '-deferred-', PDB: '', fileVersion: 10.0.26100.9278
C:\WINDOWS\SYSTEM32\Microsoft.Internal.WarpPal.dll:Microsoft.Internal.WarpPal.dll (00007FFFC8960000), size: 106496 (result: 0), SymType: '-deferred-', PDB: ''
C:\WINDOWS\SYSTEM32\dbghelp.dll:dbghelp.dll (00007FFFBF230000), size: 2408448 (result: 0), SymType: '-deferred-', PDB: '', fileVersion: 10.0.26100.9444

========== OUTPUTTING STACK TRACE ==================

0x00007FFEFA44C4A7 (mono-2.0-bdwgc) mono_breakpoint_clean_code
0x00007FFEFA1D6B3B (mono-2.0-bdwgc) mono_unity_class_has_failure
0x00007FFEFA1DACBA (mono-2.0-bdwgc) mono_unity_class_has_failure
0x00007FFEFA1DB637 (mono-2.0-bdwgc) mono_unity_class_has_failure
0x00007FFEFA1E280C (mono-2.0-bdwgc) mono_jit_set_domain
0x00007FFEFA2DF240 (mono-2.0-bdwgc) mono_install_ftnptr_eh_callback
SymInit: Symbol-SearchPath: '.;C:\Users\choco\Documents\Codex\2026-09-13\new-chat-2\work\mapgenai-headless-runtime;C:/Users/choco/Documents/Codex/2026-09-13/new-chat-2/work/mapgenai-headless-runtime/RimWorldWin64_Data/Plugins\x86_64;C:/Users/choco/Documents/Codex/2026-09-13/new-chat-2/work/mapgenai-headless-runtime/RimWorldWin64_Data/Plugins;C:\Users\choco\Documents\Codex\2026-09-13\new-chat-2\work\mapgenai-headless-runtime;C:\WINDOWS;C:\WINDOWS\system32;', symOptions: 534, UserName: 'choco'
OS-Version: 10.0.0
C:\Users\choco\Documents\Codex\2026-09-13\new-chat-2\work\mapgenai-headless-runtime\RimWorldWin64.exe:RimWorldWin64.exe (00007FF66B250000), size: 688128 (result: 0), SymType: '-exported-', PDB: 'C:\Users\choco\Documents\Codex\2026-09-13\new-chat-2\work\mapgenai-headless-runtime\RimWorldWin64.exe', fileVersion: 2022.3.35.4614
C:\WINDOWS\SYSTEM32\ntdll.dll:ntdll.dll (00007FFFD08C0000), size: 2519040 (result: 0), SymType: '-exported-', PDB: 'C:\WINDOWS\SYSTEM32\ntdll.dll', fileVersion: 10.0.26100.9444
C:\WINDOWS\System32\KERNEL32.DLL:KERNEL32.DLL (00007FFFCF400000), size: 831488 (result: 0), SymType: '-exported-', PDB: 'C:\WINDOWS\System32\KERNEL32.DLL', fileVersion: 10.0.26100.9444
C:\WINDOWS\System32\KERNELBASE.dll:KERNELBASE.dll (00007FFFCDB80000), size: 4202496 (result: 0), SymType: '-exported-', PDB: 'C:\WINDOWS\System32\KERNELBASE.dll', fileVersion: 10.0.26100.9444
C:\WINDOWS\SYSTEM32\apphelp.dll:apphelp.dll (00007FFFCA910000), size: 651264 (result: 0), SymType: '-exported-', PDB: 'C:\WINDOWS\SYSTEM32\apphelp.dll', fileVersion: 10.0.26100.9444
C:\Users\choco\Documents\Codex\2026-09-13\new-chat-2\work\mapgenai-headless-runtime\UnityPlayer.dll:UnityPlayer.dll (00007FFEFA9B0000), size: 31911936 (result: 0), SymType: '-exported-', PDB: 'C:\Users\choco\Documents\Codex\2026-09-13\new-chat-2\work\mapgenai-headless-runtime\UnityPlayer.dll', fileVersion: 2022.3.35.4614
C:\WINDOWS\System32\USER32.dll:USER32.dll (00007FFFCF220000), size: 1896448 (result: 0), SymType: '-exported-', PDB: 'C:\WINDOWS\System32\USER32.dll', fileVersion: 10.0.26100.9444
C:\WINDOWS\System32\win32u.dll:win32u.dll (00007FFFCE5B0000), size: 159744 (result: 0), SymType: '-exported-', PDB: 'C:\WINDOWS\System32\win32u.dll', fileVersion: 10.0.26100.9444
C:\WINDOWS\System32\GDI32.dll:GDI32.dll (00007FFFD0510000), size: 176128 (result: 0), SymType: '-exported-', PDB: 'C:\WINDOWS\System32\GDI32.dll', fileVersion: 10.0.26100.8328
C:\WINDOWS\System32\gdi32full.dll:gdi32full.dll (00007FFFCE190000), size: 1216512 (result: 0), SymType: '-exported-', PDB: 'C:\WINDOWS\System32\gdi32full.dll', fileVersion: 10.0.26100.9444
C:\WINDOWS\System32\msvcp_win.dll:msvcp_win.dll (00007FFFCE0E0000), size: 667648 (result: 0), SymType: '-exported-', PDB: 'C:\WINDOWS\System32\msvcp_win.dll', fileVersion: 10.0.26100.9444
C:\WINDOWS\System32\ucrtbase.dll:ucrtbase.dll (00007FFFCE2C0000), size: 1359872 (result: 0), SymType: '-exported-', PDB: 'C:\WINDOWS\System32\ucrtbase.dll', fileVersion: 10.0.26100.9444
C:\WINDOWS\System32\ole32.dll:ole32.dll (00007FFFCEF60000), size: 1679360 (result: 0), SymType: '-exported-', PDB: 'C:\WINDOWS\System32\ole32.dll', fileVersion: 10.0.26100.9444
C:\WINDOWS\System32\combase.dll:combase.dll (00007FFFCF4D0000), size: 3690496 (result: 0), SymType: '-exported-', PDB: 'C:\WINDOWS\System32\combase.dll', fileVersion: 10.0.26100.9444
C:\WINDOWS\System32\RPCRT4.dll:RPCRT4.dll (00007FFFCF100000), size: 1146880 (result: 0), SymType: '-exported-', PDB: 'C:\WINDOWS\System32\RPCRT4.dll', fileVersion: 10.0.26100.9444
C:\WINDOWS\System32\SHLWAPI.dll:SHLWAPI.dll (00007FFFCEE70000), size: 417792 (result: 0), SymType: '-exported-', PDB: 'C:\WINDOWS\System32\SHLWAPI.dll', fileVersion: 10.0.26100.9444
C:\WINDOWS\SYSTEM32\VERSION.dll:VERSION.dll (00007FFFC57A0000), size: 45056 (result: 0), SymType: '-exported-', PDB: 'C:\WINDOWS\SYSTEM32\VERSION.dll', fileVersion: 10.0.26100.1150
C:\WINDOWS\System32\SETUPAPI.dll:SETUPAPI.dll (00007FFFCE9D0000), size: 4747264 (result: 0), SymType: '-exported-', PDB: 'C:\WINDOWS\System32\SETUPAPI.dll', fileVersion: 10.0.26100.9444
C:\WINDOWS\System32\msvcrt.dll:msvcrt.dll (00007FFFD0430000), size: 692224 (result: 0), SymType: '-exported-', PDB: 'C:\WINDOWS\System32\msvcrt.dll', fileVersion: 7.0.26100.9444
C:\WINDOWS\System32\ADVAPI32.dll:ADVAPI32.dll (00007FFFCE630000), size: 770048 (result: 0), SymType: '-exported-', PDB: 'C:\WINDOWS\System32\ADVAPI32.dll', fileVersion: 10.0.26100.9278
C:\WINDOWS\System32\sechost.dll:sechost.dll (00007FFFCE700000), size: 692224 (result: 0), SymType: '-exported-', PDB: 'C:\WINDOWS\System32\sechost.dll', fileVersion: 10.0.26100.9444
C:\WINDOWS\System32\SHELL32.dll:SHELL32.dll (00007FFFCFA10000), size: 7962624 (result: 0), SymType: '-exported-', PDB: 'C:\WINDOWS\System32\SHELL32.dll', fileVersion: 10.0.26100.9278
C:\WINDOWS\System32\OLEAUT32.dll:OLEAUT32.dll (00007FFFD0780000), size: 888832 (result: 0), SymType: '-exported-', PDB: 'C:\WINDOWS\System32\OLEAUT32.dll', fileVersion: 10.0.26100.9278
C:\WINDOWS\System32\IMM32.dll:IMM32.dll (00007FFFD0540000), size: 200704 (result: 0), SymType: '-exported-', PDB: 'C:\WINDOWS\System32\IMM32.dll', fileVersion: 10.0.26100.9278
C:\WINDOWS\System32\CRYPT32.dll:CRYPT32.dll (00007FFFCE420000), size: 1564672 (result: 0), SymType: '-exported-', PDB: 'C:\WINDOWS\System32\CRYPT32.dll', fileVersion: 10.0.26100.9278
C:\WINDOWS\SYSTEM32\OPENGL32.dll:OPENGL32.dll (00007FFF936A0000), size: 1097728 (result: 0), SymType: '-exported-', PDB: 'C:\WINDOWS\SYSTEM32\OPENGL32.dll', fileVersion: 10.0.26100.9278
C:\WINDOWS\SYSTEM32\WINMM.dll:WINMM.dll (00007FFFBD630000), size: 221184 (result: 0), SymType: '-exported-', PDB: 'C:\WINDOWS\SYSTEM32\WINMM.dll', fileVersion: 10.0.26100.9278
C:\WINDOWS\System32\WS2_32.dll:WS2_32.dll (00007FFFCE8B0000), size: 524288 (result: 0), SymType: '-exported-', PDB: 'C:\WINDOWS\System32\WS2_32.dll', fileVersion: 10.0.26100.9444
C:\WINDOWS\SYSTEM32\WINHTTP.dll:WINHTTP.dll (00007FFFC6E20000), size: 1220608 (result: 0), SymType: '-exported-', PDB: 'C:\WINDOWS\SYSTEM32\WINHTTP.dll', fileVersion: 10.0.26100.9278
C:\WINDOWS\SYSTEM32\bcrypt.dll:bcrypt.dll (00007FFFCD9B0000), size: 172032 (result: 0), SymType: '-exported-', PDB: 'C:\WINDOWS\SYSTEM32\bcrypt.dll', fileVersion: 10.0.26100.9444
C:\WINDOWS\SYSTEM32\HID.DLL:HID.DLL (00007FFFCBDC0000), size: 61440 (result: 0), SymType: '-exported-', PDB: 'C:\WINDOWS\SYSTEM32\HID.DLL', fileVersion: 10.0.26100.1150
C:\WINDOWS\SYSTEM32\GLU32.dll:GLU32.dll (00007FFF9AB20000), size: 184320 (result: 0), SymType: '-exported-', PDB: 'C:\WINDOWS\SYSTEM32\GLU32.dll', fileVersion: 10.0.26100.1150
C:\WINDOWS\SYSTEM32\dwmapi.dll:dwmapi.dll (00007FFFCAE30000), size: 192512 (result: 0), SymType: '-exported-', PDB: 'C:\WINDOWS\SYSTEM32\dwmapi.dll', fileVersion: 10.0.26100.9278
C:\WINDOWS\SYSTEM32\dxcore.dll:dxcore.dll (00007FFFCAC80000), size: 278528 (result: 0), SymType: '-exported-', PDB: 'C:\WINDOWS\SYSTEM32\dxcore.dll', fileVersion: 10.0.26100.9278
C:\WINDOWS\SYSTEM32\kernel.appcore.dll:kernel.appcore.dll (00007FFFCC750000), size: 110592 (result: 0), SymType: '-exported-', PDB: 'C:\WINDOWS\SYSTEM32\kernel.appcore.dll', fileVersion: 10.0.26100.9278
C:\WINDOWS\System32\bcryptPrimitives.dll:bcryptPrimitives.dll (00007FFFCDAC0000), size: 704512 (result: 0), SymType: '-exported-', PDB: 'C:\WINDOWS\System32\bcryptPrimitives.dll', fileVersion: 10.0.26100.9444
C:\WINDOWS\system32\uxtheme.dll:uxtheme.dll (00007FFFCAB60000), size: 688128 (result: 0), SymType: '-exported-', PDB: 'C:\WINDOWS\system32\uxtheme.dll', fileVersion: 10.0.26100.9444
C:\WINDOWS\System32\shcore.dll:shcore.dll (00007FFFD0330000), size: 1028096 (result: 0), SymType: '-exported-', PDB: 'C:\WINDOWS\System32\shcore.dll', fileVersion: 10.0.26100.9444
C:\Users\choco\Documents\Codex\2026-09-13\new-chat-2\work\mapgenai-headless-runtime\MonoBleedingEdge\EmbedRuntime\mono-2.0-bdwgc.dll:mono-2.0-bdwgc.dll (00007FFEF9F50000), size: 10825728 (result: 0), SymType: '-exported-', PDB: 'C:\Users\choco\Documents\Codex\2026-09-13\new-chat-2\work\mapgenai-headless-runtime\MonoBleedingEdge\EmbedRuntime\mono-2.0-bdwgc.dll'
C:\WINDOWS\SYSTEM32\windows.storage.dll:windows.storage.dll (00007FFFCB500000), size: 9101312 (result: 0), SymType: '-exported-', PDB: 'C:\WINDOWS\SYSTEM32\windows.storage.dll', fileVersion: 10.0.26100.9444
C:\WINDOWS\SYSTEM32\profapi.dll:profapi.dll (00007FFFCD9E0000), size: 167936 (result: 0), SymType: '-nosymbols-', PDB: 'C:\WINDOWS\SYSTEM32\profapi.dll', fileVersion: 10.0.26100.9444
C:\WINDOWS\SYSTEM32\iphlpapi.dll:iphlpapi.dll (00007FFFCC100000), size: 208896 (result: 0), SymType: '-exported-', PDB: 'C:\WINDOWS\SYSTEM32\iphlpapi.dll', fileVersion: 10.0.26100.9278
C:\WINDOWS\System32\MSCTF.dll:MSCTF.dll (00007FFFD01C0000), size: 1421312 (result: 0), SymType: '-exported-', PDB: 'C:\WINDOWS\System32\MSCTF.dll', fileVersion: 10.0.26100.9278
C:\WINDOWS\System32\clbcatq.dll:clbcatq.dll (00007FFFCF950000), size: 712704 (result: 0), SymType: '-exported-', PDB: 'C:\WINDOWS\System32\clbcatq.dll', fileVersion: 2001.12.10941.16384
C:\WINDOWS\System32\MMDevApi.dll:MMDevApi.dll (00007FFFBDD80000), size: 675840 (result: 0), SymType: '-exported-', PDB: 'C:\WINDOWS\System32\MMDevApi.dll', fileVersion: 10.0.26100.9444
C:\WINDOWS\System32\DEVOBJ.dll:DEVOBJ.dll (00007FFFCD650000), size: 192512 (result: 0), SymType: '-exported-', PDB: 'C:\WINDOWS\System32\DEVOBJ.dll', fileVersion: 10.0.26100.9278
C:\WINDOWS\SYSTEM32\cfgmgr32.dll:cfgmgr32.dll (00007FFFCD690000), size: 335872 (result: 0), SymType: '-exported-', PDB: 'C:\WINDOWS\SYSTEM32\cfgmgr32.dll', fileVersion: 10.0.26100.9278
C:\WINDOWS\SYSTEM32\AUDIOSES.DLL:AUDIOSES.DLL (00007FFFB6240000), size: 1798144 (result: 0), SymType: '-exported-', PDB: 'C:\WINDOWS\SYSTEM32\AUDIOSES.DLL', fileVersion: 10.0.26100.9444
C:\WINDOWS\SYSTEM32\resourcepolicyclient.dll:resourcepolicyclient.dll (00007FFFCB0C0000), size: 81920 (result: 0), SymType: '-exported-', PDB: 'C:\WINDOWS\SYSTEM32\resourcepolicyclient.dll', fileVersion: 10.0.26100.8115
C:\WINDOWS\SYSTEM32\powrprof.dll:powrprof.dll (00007FFFCD760000), size: 385024 (result: 0), SymType: '-exported-', PDB: 'C:\WINDOWS\SYSTEM32\powrprof.dll', fileVersion: 10.0.26100.3912
C:\WINDOWS\SYSTEM32\UMPDC.dll:UMPDC.dll (00007FFFCD740000), size: 86016 (result: 0), SymType: '-exported-', PDB: 'C:\WINDOWS\SYSTEM32\UMPDC.dll', fileVersion: 10.0.26100.8972
C:\Users\choco\Documents\Codex\2026-09-13\new-chat-2\work\mapgenai-headless-runtime\RimWorldWin64_Data\Plugins\x86_64\lib_burst_generated.dll:lib_burst_generated.dll (00007FFF92E40000), size: 126976 (result: 0), SymType: '-exported-', PDB: 'C:\Users\choco\Documents\Codex\2026-09-13\new-chat-2\work\mapgenai-headless-runtime\RimWorldWin64_Data\Plugins\x86_64\lib_burst_generated.dll'
C:\Users\choco\Documents\Codex\2026-09-13\new-chat-2\work\mapgenai-headless-runtime\RimWorldWin64_Data\Plugins\x86_64\steam_api64.dll:steam_api64.dll (00007FFF7BFA0000), size: 311296 (result: 0), SymType: '-exported-', PDB: 'C:\Users\choco\Documents\Codex\2026-09-13\new-chat-2\work\mapgenai-headless-runtime\RimWorldWin64_Data\Plugins\x86_64\steam_api64.dll', fileVersion: 6.91.21.57
C:\Program Files (x86)\Steam\steamclient64.dll:steamclient64.dll (00007FFEE7C30000), size: 26726400 (result: 0), SymType: '-exported-', PDB: 'C:\Program Files (x86)\Steam\steamclient64.dll', fileVersion: 10.96.30.42
C:\WINDOWS\System32\imagehlp.dll:imagehlp.dll (00007FFFD04E0000), size: 131072 (result: 0), SymType: '-exported-', PDB: 'C:\WINDOWS\System32\imagehlp.dll', fileVersion: 10.0.26100.4202
C:\WINDOWS\System32\PSAPI.DLL:PSAPI.DLL (00007FFFCEE60000), size: 32768 (result: 0), SymType: '-exported-', PDB: 'C:\WINDOWS\System32\PSAPI.DLL', fileVersion: 10.0.26100.8521
C:\Program Files (x86)\Steam\tier0_s64.dll:tier0_s64.dll (00007FFF2EF20000), size: 3203072 (result: 0), SymType: '-exported-', PDB: 'C:\Program Files (x86)\Steam\tier0_s64.dll', fileVersion: 10.96.30.42
C:\Program Files (x86)\Steam\vstdlib_s64.dll:vstdlib_s64.dll (00007FFF64610000), size: 798720 (result: 0), SymType: '-exported-', PDB: 'C:\Program Files (x86)\Steam\vstdlib_s64.dll', fileVersion: 10.96.30.42
C:\WINDOWS\SYSTEM32\Secur32.dll:Secur32.dll (00007FFFCA9C0000), size: 53248 (result: 0), SymType: '-exported-', PDB: 'C:\WINDOWS\SYSTEM32\Secur32.dll', fileVersion: 10.0.26100.7705
C:\WINDOWS\SYSTEM32\MSWSOCK.dll:MSWSOCK.dll (00007FFFCCD00000), size: 442368 (result: 0), SymType: '-exported-', PDB: 'C:\WINDOWS\SYSTEM32\MSWSOCK.dll', fileVersion: 10.0.26100.9278
C:\WINDOWS\SYSTEM32\SSPICLI.DLL:SSPICLI.DLL (00007FFFCCA20000), size: 299008 (result: 0), SymType: '-exported-', PDB: 'C:\WINDOWS\SYSTEM32\SSPICLI.DLL', fileVersion: 10.0.26100.9278
C:\WINDOWS\SYSTEM32\CRYPTBASE.DLL:CRYPTBASE.DLL (00007FFFCD060000), size: 49152 (result: 0), SymType: '-exported-', PDB: 'C:\WINDOWS\SYSTEM32\CRYPTBASE.DLL', fileVersion: 10.0.26100.9444
C:\Program Files (x86)\Steam\gameoverlayrenderer64.dll:gameoverlayrenderer64.dll (00007FFF68F50000), size: 1798144 (result: 0), SymType: '-exported-', PDB: 'C:\Program Files (x86)\Steam\gameoverlayrenderer64.dll', fileVersion: 10.96.30.42
C:\WINDOWS\system32\msctfmonitor.dll:msctfmonitor.dll (00007FFFA7F60000), size: 106496 (result: 0), SymType: '-exported-', PDB: 'C:\WINDOWS\system32\msctfmonitor.dll', fileVersion: 10.0.26100.9278
C:\WINDOWS\system32\MSUTB.dll:MSUTB.dll (00007FFFA7F00000), size: 348160 (result: 0), SymType: '-exported-', PDB: 'C:\WINDOWS\system32\MSUTB.dll', fileVersion: 10.0.26100.9278
C:\WINDOWS\SYSTEM32\textinputframework.dll:textinputframework.dll (00007FFFA2BE0000), size: 1318912 (result: 0), SymType: '-exported-', PDB: 'C:\WINDOWS\SYSTEM32\textinputframework.dll', fileVersion: 10.0.26100.9278
C:\WINDOWS\system32\Oleacc.dll:Oleacc.dll (00007FFFADAC0000), size: 479232 (result: 0), SymType: '-exported-', PDB: 'C:\WINDOWS\system32\Oleacc.dll', fileVersion: 7.2.26100.9278
C:\WINDOWS\system32\MLANG.DLL:MLANG.DLL (00007FFF7BF00000), size: 278528 (result: 0), SymType: '-exported-', PDB: 'C:\WINDOWS\system32\MLANG.DLL', fileVersion: 10.0.26100.7019
C:\Windows\System32\InputSwitch.dll:InputSwitch.dll (00007FFF8AC20000), size: 868352 (result: 0), SymType: '-exported-', PDB: 'C:\Windows\System32\InputSwitch.dll', fileVersion: 10.0.26100.9278
C:\Windows\System32\DUI70.dll:DUI70.dll (00007FFF87820000), size: 1744896 (result: 0), SymType: '-exported-', PDB: 'C:\Windows\System32\DUI70.dll', fileVersion: 10.0.26100.9278
C:\WINDOWS\WinSxS\amd64_microsoft.windows.common-controls_6595b64144ccf1df_6.0.26100.9278_none_3e0d1ba8e3303201\Comctl32.dll:Comctl32.dll (00007FFFB2BC0000), size: 2686976 (result: 0), SymType: '-exported-', PDB: 'C:\WINDOWS\WinSxS\amd64_microsoft.windows.common-controls_6595b64144ccf1df_6.0.26100.9278_none_3e0d1ba8e3303201\Comctl32.dll', fileVersion: 6.10.26100.9278
C:\Windows\System32\DUser.dll:DUser.dll (00007FFF9C730000), size: 671744 (result: 0), SymType: '-exported-', PDB: 'C:\Windows\System32\DUser.dll', fileVersion: 10.0.26100.9278
C:\WINDOWS\system32\windowsudk.shellcommon.dll:windowsudk.shellcommon.dll (00007FFF9A3B0000), size: 7131136 (result: 0), SymType: '-exported-', PDB: 'C:\WINDOWS\system32\windowsudk.shellcommon.dll', fileVersion: 10.0.26100.9457
C:\WINDOWS\SYSTEM32\wintypes.dll:wintypes.dll (00007FFFC6CB0000), size: 1482752 (result: 0), SymType: '-exported-', PDB: 'C:\WINDOWS\SYSTEM32\wintypes.dll', fileVersion: 10.0.26100.9444
C:\Windows\System32\twinapi.appcore.dll:twinapi.appcore.dll (00007FFFBC1B0000), size: 2424832 (result: 0), SymType: '-exported-', PDB: 'C:\Windows\System32\twinapi.appcore.dll', fileVersion: 10.0.26100.9444
C:\Windows\System32\Windows.UI.Core.TextInput.dll:Windows.UI.Core.TextInput.dll (00007FFF989F0000), size: 1658880 (result: 0), SymType: '-exported-', PDB: 'C:\Windows\System32\Windows.UI.Core.TextInput.dll', fileVersion: 10.0.26100.9278
C:\Windows\System32\CoreMessaging.dll:CoreMessaging.dll (00007FFFCA510000), size: 1224704 (result: 0), SymType: '-exported-', PDB: 'C:\Windows\System32\CoreMessaging.dll', fileVersion: 10.0.26100.9444
C:\WINDOWS\SYSTEM32\CoreUIComponents.dll:CoreUIComponents.dll (00007FFFC5E80000), size: 3031040 (result: 0), SymType: '-exported-', PDB: 'C:\WINDOWS\SYSTEM32\CoreUIComponents.dll', fileVersion: 10.0.26100.9278
C:\Windows\System32\Bcp47Langs.dll:Bcp47Langs.dll (00007FFFADBA0000), size: 385024 (result: 0), SymType: '-exported-', PDB: 'C:\Windows\System32\Bcp47Langs.dll', fileVersion: 10.0.26100.9278
C:\WINDOWS\system32\dwrite.dll:dwrite.dll (00007FFFC9130000), size: 2531328 (result: 0), SymType: '-exported-', PDB: 'C:\WINDOWS\system32\dwrite.dll', fileVersion: 10.0.26100.9444
C:\WINDOWS\System32\UIAnimation.dll:UIAnimation.dll (00007FFFAA510000), size: 327680 (result: 0), SymType: '-exported-', PDB: 'C:\WINDOWS\System32\UIAnimation.dll', fileVersion: 10.0.26100.9278
C:\Windows\System32\d3d11.dll:d3d11.dll (00007FFFC93A0000), size: 2490368 (result: 0), SymType: '-exported-', PDB: 'C:\Windows\System32\d3d11.dll', fileVersion: 10.0.26100.9278
C:\Windows\System32\dxgi.dll:dxgi.dll (00007FFFCACD0000), size: 1290240 (result: 0), SymType: '-exported-', PDB: 'C:\Windows\System32\dxgi.dll', fileVersion: 10.0.26100.9444
C:\WINDOWS\SYSTEM32\D3D10Warp.dll:D3D10Warp.dll (00007FFF903E0000), size: 5963776 (result: 0), SymType: '-exported-', PDB: 'C:\WINDOWS\SYSTEM32\D3D10Warp.dll', fileVersion: 10.0.26100.9278
C:\WINDOWS\SYSTEM32\directxdatabasehelper.dll:directxdatabasehelper.dll (00007FFFC6B50000), size: 385024 (result: 0), SymType: '-nosymbols-', PDB: 'C:\WINDOWS\SYSTEM32\directxdatabasehelper.dll', fileVersion: 10.0.26100.9444
C:\WINDOWS\SYSTEM32\dcomp.dll:dcomp.dll (00007FFFC9E90000), size: 2248704 (result: 0), SymType: '-exported-', PDB: 'C:\WINDOWS\SYSTEM32\dcomp.dll', fileVersion: 10.0.26100.9278
C:\WINDOWS\SYSTEM32\Microsoft.Internal.WarpPal.dll:Microsoft.Internal.WarpPal.dll (00007FFFC8960000), size: 106496 (result: 0), SymType: '-exported-', PDB: 'C:\WINDOWS\SYSTEM32\Microsoft.Internal.WarpPal.dll'
C:\WINDOWS\SYSTEM32\dbghelp.dll:dbghelp.dll (00007FFFBF230000), size: 2408448 (result: 0), SymType: '-exported-', PDB: 'C:\WINDOWS\SYSTEM32\dbghelp.dll', fileVersion: 10.0.26100.9444
  ERROR: SymGetSymFromAddr64, GetLastError: '지정된 모듈을 찾을 수 없습니다.' (Address: 0000025D97B71076)
  ERROR: SymGetModuleInfo64, GetLastError: 'DLL 초기화 루틴을 실행할 수 없습니다.' (Address: 0000025D97B71076)
0x0000025D97B71076 ((<unknown>)) (function-name not available)
0x0000025EE6EED85C (Mono JIT Code) System.Linq.Enumerable/SelectListIterator`2<TSource_REF, TResult_REF>:ToList ()
0x0000025EE2F95967 (Mono JIT Code) System.Linq.Enumerable:ToList<TSource_REF> (System.Collections.Generic.IEnumerable`1<TSource_REF>)
0x0000025F6AA478F3 (Mono JIT Code) MapGenAI.NaturalProbe.Probe:Next ()
0x0000025F6AB09093 (Mono JIT Code) MapGenAI.NaturalProbe.Probe:Tick ()
0x0000025F6AB08AFB (Mono JIT Code) MapGenAI.NaturalProbe.ProbeComponent:GameComponentUpdate ()
0x0000025F6AB0892F (Mono JIT Code) Verse.GameComponentUtility:GameComponentUpdate ()
0x0000025F6AAE046B (Mono JIT Code) Verse.Game:UpdatePlay ()
0x0000025F26544823 (Mono JIT Code) Verse.Root_Play:Update ()
0x0000025EDD780818 (Mono JIT Code) (wrapper runtime-invoke) object:runtime_invoke_void__this__ (object,intptr,intptr,intptr)
0x00007FFEFA1E4C1E (mono-2.0-bdwgc) mono_jit_set_domain
0x00007FFEFA11D254 (mono-2.0-bdwgc) mono_object_get_virtual_method
0x00007FFEFA11D3CC (mono-2.0-bdwgc) mono_runtime_invoke
  ERROR: SymGetSymFromAddr64, GetLastError: '잘못된 주소를 액세스하려고 했습니다.' (Address: 00007FFEFB12C2A6)
0x00007FFEFB12C2A6 (UnityPlayer) (function-name not available)
  ERROR: SymGetSymFromAddr64, GetLastError: '잘못된 주소를 액세스하려고 했습니다.' (Address: 00007FFEFB12C3D1)
0x00007FFEFB12C3D1 (UnityPlayer) (function-name not available)
  ERROR: SymGetSymFromAddr64, GetLastError: '잘못된 주소를 액세스하려고 했습니다.' (Address: 00007FFEFADFF380)
0x00007FFEFADFF380 (UnityPlayer) (function-name not available)
  ERROR: SymGetSymFromAddr64, GetLastError: '잘못된 주소를 액세스하려고 했습니다.' (Address: 00007FFEFAF6B198)
0x00007FFEFAF6B198 (UnityPlayer) (function-name not available)
  ERROR: SymGetSymFromAddr64, GetLastError: '잘못된 주소를 액세스하려고 했습니다.' (Address: 00007FFEFAF6B384)
0x00007FFEFAF6B384 (UnityPlayer) (function-name not available)
  ERROR: SymGetSymFromAddr64, GetLastError: '잘못된 주소를 액세스하려고 했습니다.' (Address: 00007FFEFAF6B8A2)
0x00007FFEFAF6B8A2 (UnityPlayer) (function-name not available)
  ERROR: SymGetSymFromAddr64, GetLastError: '잘못된 주소를 액세스하려고 했습니다.' (Address: 00007FFEFB1BE78B)
0x00007FFEFB1BE78B (UnityPlayer) (function-name not available)
  ERROR: SymGetSymFromAddr64, GetLastError: '잘못된 주소를 액세스하려고 했습니다.' (Address: 00007FFEFB1C118B)
0x00007FFEFB1C118B (UnityPlayer) (function-name not available)
  ERROR: SymGetSymFromAddr64, GetLastError: '잘못된 주소를 액세스하려고 했습니다.' (Address: 00007FFEFB1C43C1)
0x00007FFEFB1C43C1 (UnityPlayer) (function-name not available)
0x00007FFEFB1C47DB (UnityPlayer) UnityMain
  ERROR: SymGetSymFromAddr64, GetLastError: '잘못된 주소를 액세스하려고 했습니다.' (Address: 00007FF66B2511F2)
0x00007FF66B2511F2 (RimWorldWin64) (function-name not available)
0x00007FFFCF42CD87 (KERNEL32) BaseThreadInitThunk
0x00007FFFD096CAEC (ntdll) RtlUserThreadStart

========== END OF STACKTRACE ===========

A crash has been intercepted by the crash handler. For call stack and other details, see the latest crash report generated in:
 * C:/Users/choco/AppData/Local/Temp/Ludeon Studios/RimWorld by Ludeon Studios/Crashes
