F:\Projects\Rimworld\active\mapgen_ai\dev\Source\MapGen\TextRegionPrompt.cs(13,4): error CS1003: 구문 오류입니다. ':'이(가) 필요합니다. [F:\Projects\Rimworld\active\mapgen_ai\dev\Source\MapGenAI.csproj]
F:\Projects\Rimworld\active\mapgen_ai\dev\Source\MapGen\TextRegionPrompt.cs(13,10): error CS1026: )가 필요합니다. [F:\Projects\Rimworld\active\mapgen_ai\dev\Source\MapGenAI.csproj]
F:\Projects\Rimworld\active\mapgen_ai\dev\Source\MapGen\TextRegionPrompt.cs(13,10): error CS1002: ;이 필요합니다. [F:\Projects\Rimworld\active\mapgen_ai\dev\Source\MapGenAI.csproj]
F:\Projects\Rimworld\active\mapgen_ai\dev\Source\MapGen\TextRegionPrompt.cs(13,16): error CS1003: 구문 오류입니다. '='이(가) 필요합니다. [F:\Projects\Rimworld\active\mapgen_ai\dev\Source\MapGenAI.csproj]
F:\Projects\Rimworld\active\mapgen_ai\dev\Source\MapGen\TextRegionPrompt.cs(13,21): error CS1002: ;이 필요합니다. [F:\Projects\Rimworld\active\mapgen_ai\dev\Source\MapGenAI.csproj]
F:\Projects\Rimworld\active\mapgen_ai\dev\Source\MapGen\TextRegionPrompt.cs(13,27): error CS1010: 상수에 줄 바꿈 문자가 있습니다. [F:\Projects\Rimworld\active\mapgen_ai\dev\Source\MapGenAI.csproj]
F:\Projects\Rimworld\active\mapgen_ai\dev\Source\MapGen\TextRegionPrompt.cs(14,3): error CS1002: ;이 필요합니다. [F:\Projects\Rimworld\active\mapgen_ai\dev\Source\MapGenAI.csproj]
F:\Projects\Rimworld\active\mapgen_ai\dev\Source\MapGen\TextRegionPrompt.cs(14,4): error CS1519: 멤버 선언에 잘못된 토큰 ':'이(가) 있습니다. [F:\Projects\Rimworld\active\mapgen_ai\dev\Source\MapGenAI.csproj]
F:\Projects\Rimworld\active\mapgen_ai\dev\Source\MapGen\TextRegionPrompt.cs(14,18): error CS1519: 멤버 선언에 잘못된 토큰 '""'이(가) 있습니다. [F:\Projects\Rimworld\active\mapgen_ai\dev\Source\MapGenAI.csproj]
F:\Projects\Rimworld\active\mapgen_ai\dev\Source\MapGen\TextRegionPrompt.cs(14,22): error CS1001: 식별자가 필요합니다. [F:\Projects\Rimworld\active\mapgen_ai\dev\Source\MapGenAI.csproj]
F:\Projects\Rimworld\active\mapgen_ai\dev\Source\MapGen\TextRegionPrompt.cs(14,22): error CS1003: 구문 오류입니다. ','이(가) 필요합니다. [F:\Projects\Rimworld\active\mapgen_ai\dev\Source\MapGenAI.csproj]
F:\Projects\Rimworld\active\mapgen_ai\dev\Source\MapGen\TextRegionPrompt.cs(14,25): error CS1003: 구문 오류입니다. ','이(가) 필요합니다. [F:\Projects\Rimworld\active\mapgen_ai\dev\Source\MapGenAI.csproj]
F:\Projects\Rimworld\active\mapgen_ai\dev\Source\MapGen\TextRegionPrompt.cs(14,27): error CS1003: 구문 오류입니다. ','이(가) 필요합니다. [F:\Projects\Rimworld\active\mapgen_ai\dev\Source\MapGenAI.csproj]
F:\Projects\Rimworld\active\mapgen_ai\dev\Source\MapGen\TextRegionPrompt.cs(14,32): error CS1003: 구문 오류입니다. ','이(가) 필요합니다. [F:\Projects\Rimworld\active\mapgen_ai\dev\Source\MapGenAI.csproj]
F:\Projects\Rimworld\active\mapgen_ai\dev\Source\MapGen\TextRegionPrompt.cs(14,35): error CS1003: 구문 오류입니다. ','이(가) 필요합니다. [F:\Projects\Rimworld\active\mapgen_ai\dev\Source\MapGenAI.csproj]
F:\Projects\Rimworld\active\mapgen_ai\dev\Source\MapGen\TextRegionPrompt.cs(14,38): error CS1001: 식별자가 필요합니다. [F:\Projects\Rimworld\active\mapgen_ai\dev\Source\MapGenAI.csproj]
F:\Projects\Rimworld\active\mapgen_ai\dev\Source\MapGen\TextRegionPrompt.cs(14,45): error CS1003: 구문 오류입니다. ','이(가) 필요합니다. [F:\Projects\Rimworld\active\mapgen_ai\dev\Source\MapGenAI.csproj]
F:\Projects\Rimworld\active\mapgen_ai\dev\Source\MapGen\TextRegionPrompt.cs(14,51): error CS1003: 구문 오류입니다. ','이(가) 필요합니다. [F:\Projects\Rimworld\active\mapgen_ai\dev\Source\MapGenAI.csproj]
F:\Projects\Rimworld\active\mapgen_ai\dev\Source\MapGen\TextRegionPrompt.cs(14,53): error CS1003: 구문 오류입니다. ','이(가) 필요합니다. [F:\Projects\Rimworld\active\mapgen_ai\dev\Source\MapGenAI.csproj]
F:\Projects\Rimworld\active\mapgen_ai\dev\Source\MapGen\TextRegionPrompt.cs(14,58): error CS1003: 구문 오류입니다. ','이(가) 필요합니다. [F:\Projects\Rimworld\active\mapgen_ai\dev\Source\MapGenAI.csproj]
F:\Projects\Rimworld\active\mapgen_ai\dev\Source\MapGen\TextRegionPrompt.cs(14,68): error CS1003: 구문 오류입니다. ','이(가) 필요합니다. [F:\Projects\Rimworld\active\mapgen_ai\dev\Source\MapGenAI.csproj]
F:\Projects\Rimworld\active\mapgen_ai\dev\Source\MapGen\TextRegionPrompt.cs(14,71): error CS1001: 식별자가 필요합니다. [F:\Projects\Rimworld\active\mapgen_ai\dev\Source\MapGenAI.csproj]
F:\Projects\Rimworld\active\mapgen_ai\dev\Source\MapGen\TextRegionPrompt.cs(14,77): error CS1003: 구문 오류입니다. ','이(가) 필요합니다. [F:\Projects\Rimworld\active\mapgen_ai\dev\Source\MapGenAI.csproj]
F:\Projects\Rimworld\active\mapgen_ai\dev\Source\MapGen\TextRegionPrompt.cs(14,82): error CS1003: 구문 오류입니다. ','이(가) 필요합니다. [F:\Projects\Rimworld\active\mapgen_ai\dev\Source\MapGenAI.csproj]
F:\Projects\Rimworld\active\mapgen_ai\dev\Source\MapGen\TextRegionPrompt.cs(14,93): error CS1003: 구문 오류입니다. ','이(가) 필요합니다. [F:\Projects\Rimworld\active\mapgen_ai\dev\Source\MapGenAI.csproj]
F:\Projects\Rimworld\active\mapgen_ai\dev\Source\MapGen\TextRegionPrompt.cs(14,96): error CS1001: 식별자가 필요합니다. [F:\Projects\Rimworld\active\mapgen_ai\dev\Source\MapGenAI.csproj]
F:\Projects\Rimworld\active\mapgen_ai\dev\Source\MapGen\TextRegionPrompt.cs(14,104): error CS1003: 구문 오류입니다. ','이(가) 필요합니다. [F:\Projects\Rimworld\active\mapgen_ai\dev\Source\MapGenAI.csproj]
F:\Projects\Rimworld\active\mapgen_ai\dev\Source\MapGen\TextRegionPrompt.cs(14,109): error CS1003: 구문 오류입니다. ','이(가) 필요합니다. [F:\Projects\Rimworld\active\mapgen_ai\dev\Source\MapGenAI.csproj]
F:\Projects\Rimworld\active\mapgen_ai\dev\Source\MapGen\TextRegionPrompt.cs(14,131): error CS1003: 구문 오류입니다. ','이(가) 필요합니다. [F:\Projects\Rimworld\active\mapgen_ai\dev\Source\MapGenAI.csproj]
F:\Projects\Rimworld\active\mapgen_ai\dev\Source\MapGen\TextRegionPrompt.cs(14,134): error CS1001: 식별자가 필요합니다. [F:\Projects\Rimworld\active\mapgen_ai\dev\Source\MapGenAI.csproj]
F:\Projects\Rimworld\active\mapgen_ai\dev\Source\MapGen\TextRegionPrompt.cs(14,147): error CS1003: 구문 오류입니다. ','이(가) 필요합니다. [F:\Projects\Rimworld\active\mapgen_ai\dev\Source\MapGenAI.csproj]
F:\Projects\Rimworld\active\mapgen_ai\dev\Source\MapGen\TextRegionPrompt.cs(14,152): error CS1003: 구문 오류입니다. ','이(가) 필요합니다. [F:\Projects\Rimworld\active\mapgen_ai\dev\Source\MapGenAI.csproj]
F:\Projects\Rimworld\active\mapgen_ai\dev\Source\MapGen\TextRegionPrompt.cs(14,160): error CS1003: 구문 오류입니다. ','이(가) 필요합니다. [F:\Projects\Rimworld\active\mapgen_ai\dev\Source\MapGenAI.csproj]
F:\Projects\Rimworld\active\mapgen_ai\dev\Source\MapGen\TextRegionPrompt.cs(14,163): error CS1001: 식별자가 필요합니다. [F:\Projects\Rimworld\active\mapgen_ai\dev\Source\MapGenAI.csproj]
F:\Projects\Rimworld\active\mapgen_ai\dev\Source\MapGen\TextRegionPrompt.cs(14,173): error CS1003: 구문 오류입니다. ','이(가) 필요합니다. [F:\Projects\Rimworld\active\mapgen_ai\dev\Source\MapGenAI.csproj]
F:\Projects\Rimworld\active\mapgen_ai\dev\Source\MapGen\TextRegionPrompt.cs(14,180): error CS1001: 식별자가 필요합니다. [F:\Projects\Rimworld\active\mapgen_ai\dev\Source\MapGenAI.csproj]
F:\Projects\Rimworld\active\mapgen_ai\dev\Source\MapGen\TextRegionPrompt.cs(14,186): error CS1003: 구문 오류입니다. ','이(가) 필요합니다. [F:\Projects\Rimworld\active\mapgen_ai\dev\Source\MapGenAI.csproj]
F:\Projects\Rimworld\active\mapgen_ai\dev\Source\MapGen\TextRegionPrompt.cs(14,191): error CS1003: 구문 오류입니다. ','이(가) 필요합니다. [F:\Projects\Rimworld\active\mapgen_ai\dev\Source\MapGenAI.csproj]
F:\Projects\Rimworld\active\mapgen_ai\dev\Source\MapGen\TextRegionPrompt.cs(14,199): error CS1003: 구문 오류입니다. ','이(가) 필요합니다. [F:\Projects\Rimworld\active\mapgen_ai\dev\Source\MapGenAI.csproj]
F:\Projects\Rimworld\active\mapgen_ai\dev\Source\MapGen\TextRegionPrompt.cs(14,201): error CS1003: 구문 오류입니다. ']'이(가) 필요합니다. [F:\Projects\Rimworld\active\mapgen_ai\dev\Source\MapGenAI.csproj]
F:\Projects\Rimworld\active\mapgen_ai\dev\Source\MapGen\TextRegionPrompt.cs(14,203): error CS1022: 형식이나 네임스페이스 정의 또는 파일 끝(EOF)이 필요합니다. [F:\Projects\Rimworld\active\mapgen_ai\dev\Source\MapGenAI.csproj]
F:\Projects\Rimworld\active\mapgen_ai\dev\Source\MapGen\TextRegionPrompt.cs(14,204): error CS1022: 형식이나 네임스페이스 정의 또는 파일 끝(EOF)이 필요합니다. [F:\Projects\Rimworld\active\mapgen_ai\dev\Source\MapGenAI.csproj]
F:\Projects\Rimworld\active\mapgen_ai\dev\Source\MapGen\TextRegionPrompt.cs(14,205): error CS1022: 형식이나 네임스페이스 정의 또는 파일 끝(EOF)이 필요합니다. [F:\Projects\Rimworld\active\mapgen_ai\dev\Source\MapGenAI.csproj]
F:\Projects\Rimworld\active\mapgen_ai\dev\Source\MapGen\TextRegionPrompt.cs(14,207): error CS8803: 최상위 문은 네임스페이스 및 형식 선언 앞에 와야 합니다. [F:\Projects\Rimworld\active\mapgen_ai\dev\Source\MapGenAI.csproj]
F:\Projects\Rimworld\active\mapgen_ai\dev\Source\MapGen\TextRegionPrompt.cs(14,214): error CS1003: 구문 오류입니다. ','이(가) 필요합니다. [F:\Projects\Rimworld\active\mapgen_ai\dev\Source\MapGenAI.csproj]
F:\Projects\Rimworld\active\mapgen_ai\dev\Source\MapGen\TextRegionPrompt.cs(14,261): error CS1002: ;이 필요합니다. [F:\Projects\Rimworld\active\mapgen_ai\dev\Source\MapGenAI.csproj]
F:\Projects\Rimworld\active\mapgen_ai\dev\Source\MapGen\TextRegionPrompt.cs(14,261): error CS1022: 형식이나 네임스페이스 정의 또는 파일 끝(EOF)이 필요합니다. [F:\Projects\Rimworld\active\mapgen_ai\dev\Source\MapGenAI.csproj]
F:\Projects\Rimworld\active\mapgen_ai\dev\Source\MapGen\TextRegionPrompt.cs(14,265): error CS1002: ;이 필요합니다. [F:\Projects\Rimworld\active\mapgen_ai\dev\Source\MapGenAI.csproj]
F:\Projects\Rimworld\active\mapgen_ai\dev\Source\MapGen\TextRegionPrompt.cs(14,273): error CS1002: ;이 필요합니다. [F:\Projects\Rimworld\active\mapgen_ai\dev\Source\MapGenAI.csproj]
F:\Projects\Rimworld\active\mapgen_ai\dev\Source\MapGen\TextRegionPrompt.cs(14,275): error CS1002: ;이 필요합니다. [F:\Projects\Rimworld\active\mapgen_ai\dev\Source\MapGenAI.csproj]
F:\Projects\Rimworld\active\mapgen_ai\dev\Source\MapGen\TextRegionPrompt.cs(14,275): error CS1513: }가 필요합니다. [F:\Projects\Rimworld\active\mapgen_ai\dev\Source\MapGenAI.csproj]
F:\Projects\Rimworld\active\mapgen_ai\dev\Source\MapGen\TextRegionPrompt.cs(14,279): error CS1002: ;이 필요합니다. [F:\Projects\Rimworld\active\mapgen_ai\dev\Source\MapGenAI.csproj]
F:\Projects\Rimworld\active\mapgen_ai\dev\Source\MapGen\TextRegionPrompt.cs(14,284): error CS1001: 식별자가 필요합니다. [F:\Projects\Rimworld\active\mapgen_ai\dev\Source\MapGenAI.csproj]
F:\Projects\Rimworld\active\mapgen_ai\dev\Source\MapGen\TextRegionPrompt.cs(14,284): error CS1003: 구문 오류입니다. ','이(가) 필요합니다. [F:\Projects\Rimworld\active\mapgen_ai\dev\Source\MapGenAI.csproj]
F:\Projects\Rimworld\active\mapgen_ai\dev\Source\MapGen\TextRegionPrompt.cs(15,79): error CS1002: ;이 필요합니다. [F:\Projects\Rimworld\active\mapgen_ai\dev\Source\MapGenAI.csproj]
F:\Projects\Rimworld\active\mapgen_ai\dev\Source\MapGen\TextRegionPrompt.cs(15,79): error CS1022: 형식이나 네임스페이스 정의 또는 파일 끝(EOF)이 필요합니다. [F:\Projects\Rimworld\active\mapgen_ai\dev\Source\MapGenAI.csproj]
F:\Projects\Rimworld\active\mapgen_ai\dev\Source\MapGen\TextRegionPrompt.cs(15,103): error CS1002: ;이 필요합니다. [F:\Projects\Rimworld\active\mapgen_ai\dev\Source\MapGenAI.csproj]
F:\Projects\Rimworld\active\mapgen_ai\dev\Source\MapGen\TextRegionPrompt.cs(15,110): error CS1003: 구문 오류입니다. ','이(가) 필요합니다. [F:\Projects\Rimworld\active\mapgen_ai\dev\Source\MapGenAI.csproj]
F:\Projects\Rimworld\active\mapgen_ai\dev\Source\MapGen\TextRegionPrompt.cs(15,143): error CS1044: for 문, using 문, fixed 문, 선언문 등에는 둘 이상의 형식을 사용할 수 없습니다. [F:\Projects\Rimworld\active\mapgen_ai\dev\Source\MapGenAI.csproj]
F:\Projects\Rimworld\active\mapgen_ai\dev\Source\MapGen\TextRegionPrompt.cs(15,146): error CS1003: 구문 오류입니다. ','이(가) 필요합니다. [F:\Projects\Rimworld\active\mapgen_ai\dev\Source\MapGenAI.csproj]
F:\Projects\Rimworld\active\mapgen_ai\dev\Source\MapGen\TextRegionPrompt.cs(16,9): error CS1002: ;이 필요합니다. [F:\Projects\Rimworld\active\mapgen_ai\dev\Source\MapGenAI.csproj]
F:\Projects\Rimworld\active\mapgen_ai\dev\Source\MapGen\TextRegionPrompt.cs(16,9): error CS1022: 형식이나 네임스페이스 정의 또는 파일 끝(EOF)이 필요합니다. [F:\Projects\Rimworld\active\mapgen_ai\dev\Source\MapGenAI.csproj]
F:\Projects\Rimworld\active\mapgen_ai\dev\Source\MapGen\TextRegionPrompt.cs(16,18): error CS1003: 구문 오류입니다. ','이(가) 필요합니다. [F:\Projects\Rimworld\active\mapgen_ai\dev\Source\MapGenAI.csproj]
F:\Projects\Rimworld\active\mapgen_ai\dev\Source\MapGen\TextRegionPrompt.cs(16,37): error CS1002: ;이 필요합니다. [F:\Projects\Rimworld\active\mapgen_ai\dev\Source\MapGenAI.csproj]
F:\Projects\Rimworld\active\mapgen_ai\dev\Source\MapGen\TextRegionPrompt.cs(16,37): error CS1022: 형식이나 네임스페이스 정의 또는 파일 끝(EOF)이 필요합니다. [F:\Projects\Rimworld\active\mapgen_ai\dev\Source\MapGenAI.csproj]
F:\Projects\Rimworld\active\mapgen_ai\dev\Source\MapGen\TextRegionPrompt.cs(16,42): error CS1001: 식별자가 필요합니다. [F:\Projects\Rimworld\active\mapgen_ai\dev\Source\MapGenAI.csproj]
F:\Projects\Rimworld\active\mapgen_ai\dev\Source\MapGen\TextRegionPrompt.cs(16,44): error CS1044: for 문, using 문, fixed 문, 선언문 등에는 둘 이상의 형식을 사용할 수 없습니다. [F:\Projects\Rimworld\active\mapgen_ai\dev\Source\MapGenAI.csproj]
F:\Projects\Rimworld\active\mapgen_ai\dev\Source\MapGen\TextRegionPrompt.cs(16,47): error CS1003: 구문 오류입니다. ','이(가) 필요합니다. [F:\Projects\Rimworld\active\mapgen_ai\dev\Source\MapGenAI.csproj]
F:\Projects\Rimworld\active\mapgen_ai\dev\Source\MapGen\TextRegionPrompt.cs(16,58): error CS1002: ;이 필요합니다. [F:\Projects\Rimworld\active\mapgen_ai\dev\Source\MapGenAI.csproj]
F:\Projects\Rimworld\active\mapgen_ai\dev\Source\MapGen\TextRegionPrompt.cs(16,58): error CS1022: 형식이나 네임스페이스 정의 또는 파일 끝(EOF)이 필요합니다. [F:\Projects\Rimworld\active\mapgen_ai\dev\Source\MapGenAI.csproj]
F:\Projects\Rimworld\active\mapgen_ai\dev\Source\MapGen\TextRegionPrompt.cs(16,66): error CS1002: ;이 필요합니다. [F:\Projects\Rimworld\active\mapgen_ai\dev\Source\MapGenAI.csproj]
F:\Projects\Rimworld\active\mapgen_ai\dev\Source\MapGen\TextRegionPrompt.cs(16,66): error CS1022: 형식이나 네임스페이스 정의 또는 파일 끝(EOF)이 필요합니다. [F:\Projects\Rimworld\active\mapgen_ai\dev\Source\MapGenAI.csproj]
F:\Projects\Rimworld\active\mapgen_ai\dev\Source\MapGen\TextRegionPrompt.cs(16,76): error CS1002: ;이 필요합니다. [F:\Projects\Rimworld\active\mapgen_ai\dev\Source\MapGenAI.csproj]
F:\Projects\Rimworld\active\mapgen_ai\dev\Source\MapGen\TextRegionPrompt.cs(16,83): error CS1003: 구문 오류입니다. ','이(가) 필요합니다. [F:\Projects\Rimworld\active\mapgen_ai\dev\Source\MapGenAI.csproj]
F:\Projects\Rimworld\active\mapgen_ai\dev\Source\MapGen\TextRegionPrompt.cs(16,85): error CS1002: ;이 필요합니다. [F:\Projects\Rimworld\active\mapgen_ai\dev\Source\MapGenAI.csproj]
F:\Projects\Rimworld\active\mapgen_ai\dev\Source\MapGen\TextRegionPrompt.cs(16,92): error CS1003: 구문 오류입니다. ','이(가) 필요합니다. [F:\Projects\Rimworld\active\mapgen_ai\dev\Source\MapGenAI.csproj]
F:\Projects\Rimworld\active\mapgen_ai\dev\Source\MapGen\TextRegionPrompt.cs(17,40): error CS1002: ;이 필요합니다. [F:\Projects\Rimworld\active\mapgen_ai\dev\Source\MapGenAI.csproj]
F:\Projects\Rimworld\active\mapgen_ai\dev\Source\MapGen\TextRegionPrompt.cs(17,40): error CS1022: 형식이나 네임스페이스 정의 또는 파일 끝(EOF)이 필요합니다. [F:\Projects\Rimworld\active\mapgen_ai\dev\Source\MapGenAI.csproj]
F:\Projects\Rimworld\active\mapgen_ai\dev\Source\MapGen\TextRegionPrompt.cs(17,49): error CS1056: 예기치 않은 '·' 문자입니다. [F:\Projects\Rimworld\active\mapgen_ai\dev\Source\MapGenAI.csproj]
F:\Projects\Rimworld\active\mapgen_ai\dev\Source\MapGen\TextRegionPrompt.cs(17,51): error CS1056: 예기치 않은 '·' 문자입니다. [F:\Projects\Rimworld\active\mapgen_ai\dev\Source\MapGenAI.csproj]
F:\Projects\Rimworld\active\mapgen_ai\dev\Source\MapGen\TextRegionPrompt.cs(17,83): error CS1002: ;이 필요합니다. [F:\Projects\Rimworld\active\mapgen_ai\dev\Source\MapGenAI.csproj]
F:\Projects\Rimworld\active\mapgen_ai\dev\Source\MapGen\TextRegionPrompt.cs(17,83): error CS1022: 형식이나 네임스페이스 정의 또는 파일 끝(EOF)이 필요합니다. [F:\Projects\Rimworld\active\mapgen_ai\dev\Source\MapGenAI.csproj]
F:\Projects\Rimworld\active\mapgen_ai\dev\Source\MapGen\TextRegionPrompt.cs(17,104): error CS1003: 구문 오류입니다. ','이(가) 필요합니다. [F:\Projects\Rimworld\active\mapgen_ai\dev\Source\MapGenAI.csproj]
F:\Projects\Rimworld\active\mapgen_ai\dev\Source\MapGen\TextRegionPrompt.cs(17,130): error CS1056: 예기치 않은 '·' 문자입니다. [F:\Projects\Rimworld\active\mapgen_ai\dev\Source\MapGenAI.csproj]
F:\Projects\Rimworld\active\mapgen_ai\dev\Source\MapGen\TextRegionPrompt.cs(17,136): error CS1056: 예기치 않은 '·' 문자입니다. [F:\Projects\Rimworld\active\mapgen_ai\dev\Source\MapGenAI.csproj]
F:\Projects\Rimworld\active\mapgen_ai\dev\Source\MapGen\TextRegionPrompt.cs(17,140): error CS1056: 예기치 않은 '·' 문자입니다. [F:\Projects\Rimworld\active\mapgen_ai\dev\Source\MapGenAI.csproj]
F:\Projects\Rimworld\active\mapgen_ai\dev\Source\MapGen\TextRegionPrompt.cs(17,144): error CS1056: 예기치 않은 '·' 문자입니다. [F:\Projects\Rimworld\active\mapgen_ai\dev\Source\MapGenAI.csproj]
F:\Projects\Rimworld\active\mapgen_ai\dev\Source\MapGen\TextRegionPrompt.cs(17,198): error CS1044: for 문, using 문, fixed 문, 선언문 등에는 둘 이상의 형식을 사용할 수 없습니다. [F:\Projects\Rimworld\active\mapgen_ai\dev\Source\MapGenAI.csproj]
F:\Projects\Rimworld\active\mapgen_ai\dev\Source\MapGen\TextRegionPrompt.cs(17,202): error CS1003: 구문 오류입니다. ','이(가) 필요합니다. [F:\Projects\Rimworld\active\mapgen_ai\dev\Source\MapGenAI.csproj]
F:\Projects\Rimworld\active\mapgen_ai\dev\Source\MapGen\TextRegionPrompt.cs(17,204): error CS1056: 예기치 않은 '·' 문자입니다. [F:\Projects\Rimworld\active\mapgen_ai\dev\Source\MapGenAI.csproj]
F:\Projects\Rimworld\active\mapgen_ai\dev\Source\MapGen\TextRegionPrompt.cs(18,13): error CS1002: ;이 필요합니다. [F:\Projects\Rimworld\active\mapgen_ai\dev\Source\MapGenAI.csproj]
F:\Projects\Rimworld\active\mapgen_ai\dev\Source\MapGen\TextRegionPrompt.cs(18,13): error CS1022: 형식이나 네임스페이스 정의 또는 파일 끝(EOF)이 필요합니다. [F:\Projects\Rimworld\active\mapgen_ai\dev\Source\MapGenAI.csproj]
F:\Projects\Rimworld\active\mapgen_ai\dev\Source\MapGen\TextRegionPrompt.cs(18,18): error CS1002: ;이 필요합니다. [F:\Projects\Rimworld\active\mapgen_ai\dev\Source\MapGenAI.csproj]
F:\Projects\Rimworld\active\mapgen_ai\dev\Source\MapGen\TextRegionPrompt.cs(18,31): error CS1002: ;이 필요합니다. [F:\Projects\Rimworld\active\mapgen_ai\dev\Source\MapGenAI.csproj]
F:\Projects\Rimworld\active\mapgen_ai\dev\Source\MapGen\TextRegionPrompt.cs(18,33): error CS1002: ;이 필요합니다. [F:\Projects\Rimworld\active\mapgen_ai\dev\Source\MapGenAI.csproj]
F:\Projects\Rimworld\active\mapgen_ai\dev\Source\MapGen\TextRegionPrompt.cs(18,33): error CS1513: }가 필요합니다. [F:\Projects\Rimworld\active\mapgen_ai\dev\Source\MapGenAI.csproj]
F:\Projects\Rimworld\active\mapgen_ai\dev\Source\MapGen\TextRegionPrompt.cs(18,35): error CS1001: 식별자가 필요합니다. [F:\Projects\Rimworld\active\mapgen_ai\dev\Source\MapGenAI.csproj]
F:\Projects\Rimworld\active\mapgen_ai\dev\Source\MapGen\TextRegionPrompt.cs(18,35): error CS1003: 구문 오류입니다. ']'이(가) 필요합니다. [F:\Projects\Rimworld\active\mapgen_ai\dev\Source\MapGenAI.csproj]
F:\Projects\Rimworld\active\mapgen_ai\dev\Source\MapGen\TextRegionPrompt.cs(18,38): error CS1002: ;이 필요합니다. [F:\Projects\Rimworld\active\mapgen_ai\dev\Source\MapGenAI.csproj]
F:\Projects\Rimworld\active\mapgen_ai\dev\Source\MapGen\TextRegionPrompt.cs(18,40): error CS1002: ;이 필요합니다. [F:\Projects\Rimworld\active\mapgen_ai\dev\Source\MapGenAI.csproj]
F:\Projects\Rimworld\active\mapgen_ai\dev\Source\MapGen\TextRegionPrompt.cs(18,42): error CS1002: ;이 필요합니다. [F:\Projects\Rimworld\active\mapgen_ai\dev\Source\MapGenAI.csproj]
F:\Projects\Rimworld\active\mapgen_ai\dev\Source\MapGen\TextRegionPrompt.cs(18,42): error CS1513: }가 필요합니다. [F:\Projects\Rimworld\active\mapgen_ai\dev\Source\MapGenAI.csproj]
F:\Projects\Rimworld\active\mapgen_ai\dev\Source\MapGen\TextRegionPrompt.cs(18,45): error CS1002: ;이 필요합니다. [F:\Projects\Rimworld\active\mapgen_ai\dev\Source\MapGenAI.csproj]
F:\Projects\Rimworld\active\mapgen_ai\dev\Source\MapGen\TextRegionPrompt.cs(18,48): error CS1002: ;이 필요합니다. [F:\Projects\Rimworld\active\mapgen_ai\dev\Source\MapGenAI.csproj]
F:\Projects\Rimworld\active\mapgen_ai\dev\Source\MapGen\TextRegionPrompt.cs(18,50): error CS1002: ;이 필요합니다. [F:\Projects\Rimworld\active\mapgen_ai\dev\Source\MapGenAI.csproj]
F:\Projects\Rimworld\active\mapgen_ai\dev\Source\MapGen\TextRegionPrompt.cs(18,50): error CS1513: }가 필요합니다. [F:\Projects\Rimworld\active\mapgen_ai\dev\Source\MapGenAI.csproj]
F:\Projects\Rimworld\active\mapgen_ai\dev\Source\MapGen\TextRegionPrompt.cs(18,53): error CS1002: ;이 필요합니다. [F:\Projects\Rimworld\active\mapgen_ai\dev\Source\MapGenAI.csproj]
F:\Projects\Rimworld\active\mapgen_ai\dev\Source\MapGen\TextRegionPrompt.cs(18,62): error CS1002: ;이 필요합니다. [F:\Projects\Rimworld\active\mapgen_ai\dev\Source\MapGenAI.csproj]
F:\Projects\Rimworld\active\mapgen_ai\dev\Source\MapGen\TextRegionPrompt.cs(18,64): error CS1002: ;이 필요합니다. [F:\Projects\Rimworld\active\mapgen_ai\dev\Source\MapGenAI.csproj]
F:\Projects\Rimworld\active\mapgen_ai\dev\Source\MapGen\TextRegionPrompt.cs(18,64): error CS1513: }가 필요합니다. [F:\Projects\Rimworld\active\mapgen_ai\dev\Source\MapGenAI.csproj]
F:\Projects\Rimworld\active\mapgen_ai\dev\Source\MapGen\TextRegionPrompt.cs(18,68): error CS1002: ;이 필요합니다. [F:\Projects\Rimworld\active\mapgen_ai\dev\Source\MapGenAI.csproj]
F:\Projects\Rimworld\active\mapgen_ai\dev\Source\MapGen\TextRegionPrompt.cs(18,70): error CS1002: ;이 필요합니다. [F:\Projects\Rimworld\active\mapgen_ai\dev\Source\MapGenAI.csproj]
F:\Projects\Rimworld\active\mapgen_ai\dev\Source\MapGen\TextRegionPrompt.cs(18,72): error CS1002: ;이 필요합니다. [F:\Projects\Rimworld\active\mapgen_ai\dev\Source\MapGenAI.csproj]
F:\Projects\Rimworld\active\mapgen_ai\dev\Source\MapGen\TextRegionPrompt.cs(18,72): error CS1513: }가 필요합니다. [F:\Projects\Rimworld\active\mapgen_ai\dev\Source\MapGenAI.csproj]
F:\Projects\Rimworld\active\mapgen_ai\dev\Source\MapGen\TextRegionPrompt.cs(18,75): error CS1002: ;이 필요합니다. [F:\Projects\Rimworld\active\mapgen_ai\dev\Source\MapGenAI.csproj]
F:\Projects\Rimworld\active\mapgen_ai\dev\Source\MapGen\TextRegionPrompt.cs(18,83): error CS1002: ;이 필요합니다. [F:\Projects\Rimworld\active\mapgen_ai\dev\Source\MapGenAI.csproj]
F:\Projects\Rimworld\active\mapgen_ai\dev\Source\MapGen\TextRegionPrompt.cs(18,85): error CS1002: ;이 필요합니다. [F:\Projects\Rimworld\active\mapgen_ai\dev\Source\MapGenAI.csproj]
F:\Projects\Rimworld\active\mapgen_ai\dev\Source\MapGen\TextRegionPrompt.cs(18,85): error CS1513: }가 필요합니다. [F:\Projects\Rimworld\active\mapgen_ai\dev\Source\MapGenAI.csproj]
F:\Projects\Rimworld\active\mapgen_ai\dev\Source\MapGen\TextRegionPrompt.cs(18,88): error CS1002: ;이 필요합니다. [F:\Projects\Rimworld\active\mapgen_ai\dev\Source\MapGenAI.csproj]
F:\Projects\Rimworld\active\mapgen_ai\dev\Source\MapGen\TextRegionPrompt.cs(18,92): error CS1002: ;이 필요합니다. [F:\Projects\Rimworld\active\mapgen_ai\dev\Source\MapGenAI.csproj]
F:\Projects\Rimworld\active\mapgen_ai\dev\Source\MapGen\TextRegionPrompt.cs(18,94): error CS1002: ;이 필요합니다. [F:\Projects\Rimworld\active\mapgen_ai\dev\Source\MapGenAI.csproj]
F:\Projects\Rimworld\active\mapgen_ai\dev\Source\MapGen\TextRegionPrompt.cs(18,94): error CS1513: }가 필요합니다. [F:\Projects\Rimworld\active\mapgen_ai\dev\Source\MapGenAI.csproj]
F:\Projects\Rimworld\active\mapgen_ai\dev\Source\MapGen\TextRegionPrompt.cs(18,97): error CS1002: ;이 필요합니다. [F:\Projects\Rimworld\active\mapgen_ai\dev\Source\MapGenAI.csproj]
F:\Projects\Rimworld\active\mapgen_ai\dev\Source\MapGen\TextRegionPrompt.cs(18,111): error CS1002: ;이 필요합니다. [F:\Projects\Rimworld\active\mapgen_ai\dev\Source\MapGenAI.csproj]
F:\Projects\Rimworld\active\mapgen_ai\dev\Source\MapGen\TextRegionPrompt.cs(18,113): error CS1002: ;이 필요합니다. [F:\Projects\Rimworld\active\mapgen_ai\dev\Source\MapGenAI.csproj]
F:\Projects\Rimworld\active\mapgen_ai\dev\Source\MapGen\TextRegionPrompt.cs(18,113): error CS1513: }가 필요합니다. [F:\Projects\Rimworld\active\mapgen_ai\dev\Source\MapGenAI.csproj]
F:\Projects\Rimworld\active\mapgen_ai\dev\Source\MapGen\TextRegionPrompt.cs(18,116): error CS1002: ;이 필요합니다. [F:\Projects\Rimworld\active\mapgen_ai\dev\Source\MapGenAI.csproj]
F:\Projects\Rimworld\active\mapgen_ai\dev\Source\MapGen\TextRegionPrompt.cs(18,122): error CS1002: ;이 필요합니다. [F:\Projects\Rimworld\active\mapgen_ai\dev\Source\MapGenAI.csproj]
F:\Projects\Rimworld\active\mapgen_ai\dev\Source\MapGen\TextRegionPrompt.cs(18,124): error CS1002: ;이 필요합니다. [F:\Projects\Rimworld\active\mapgen_ai\dev\Source\MapGenAI.csproj]
F:\Projects\Rimworld\active\mapgen_ai\dev\Source\MapGen\TextRegionPrompt.cs(18,124): error CS1513: }가 필요합니다. [F:\Projects\Rimworld\active\mapgen_ai\dev\Source\MapGenAI.csproj]
F:\Projects\Rimworld\active\mapgen_ai\dev\Source\MapGen\TextRegionPrompt.cs(18,127): error CS1002: ;이 필요합니다. [F:\Projects\Rimworld\active\mapgen_ai\dev\Source\MapGenAI.csproj]
F:\Projects\Rimworld\active\mapgen_ai\dev\Source\MapGen\TextRegionPrompt.cs(18,133): error CS1002: ;이 필요합니다. [F:\Projects\Rimworld\active\mapgen_ai\dev\Source\MapGenAI.csproj]
F:\Projects\Rimworld\active\mapgen_ai\dev\Source\MapGen\TextRegionPrompt.cs(18,135): error CS1002: ;이 필요합니다. [F:\Projects\Rimworld\active\mapgen_ai\dev\Source\MapGenAI.csproj]
F:\Projects\Rimworld\active\mapgen_ai\dev\Source\MapGen\TextRegionPrompt.cs(18,135): error CS1513: }가 필요합니다. [F:\Projects\Rimworld\active\mapgen_ai\dev\Source\MapGenAI.csproj]
F:\Projects\Rimworld\active\mapgen_ai\dev\Source\MapGen\TextRegionPrompt.cs(18,138): error CS1002: ;이 필요합니다. [F:\Projects\Rimworld\active\mapgen_ai\dev\Source\MapGenAI.csproj]
F:\Projects\Rimworld\active\mapgen_ai\dev\Source\MapGen\TextRegionPrompt.cs(18,143): error CS1002: ;이 필요합니다. [F:\Projects\Rimworld\active\mapgen_ai\dev\Source\MapGenAI.csproj]
F:\Projects\Rimworld\active\mapgen_ai\dev\Source\MapGen\TextRegionPrompt.cs(18,145): error CS1002: ;이 필요합니다. [F:\Projects\Rimworld\active\mapgen_ai\dev\Source\MapGenAI.csproj]
F:\Projects\Rimworld\active\mapgen_ai\dev\Source\MapGen\TextRegionPrompt.cs(18,145): error CS1513: }가 필요합니다. [F:\Projects\Rimworld\active\mapgen_ai\dev\Source\MapGenAI.csproj]
F:\Projects\Rimworld\active\mapgen_ai\dev\Source\MapGen\TextRegionPrompt.cs(18,148): error CS1002: ;이 필요합니다. [F:\Projects\Rimworld\active\mapgen_ai\dev\Source\MapGenAI.csproj]
F:\Projects\Rimworld\active\mapgen_ai\dev\Source\MapGen\TextRegionPrompt.cs(18,148): error CS1513: }가 필요합니다. [F:\Projects\Rimworld\active\mapgen_ai\dev\Source\MapGenAI.csproj]
F:\Projects\Rimworld\active\mapgen_ai\dev\Source\MapGen\TextRegionPrompt.cs(18,151): error CS1002: ;이 필요합니다. [F:\Projects\Rimworld\active\mapgen_ai\dev\Source\MapGenAI.csproj]
F:\Projects\Rimworld\active\mapgen_ai\dev\Source\MapGen\TextRegionPrompt.cs(18,157): error CS1002: ;이 필요합니다. [F:\Projects\Rimworld\active\mapgen_ai\dev\Source\MapGenAI.csproj]
F:\Projects\Rimworld\active\mapgen_ai\dev\Source\MapGen\TextRegionPrompt.cs(18,159): error CS1002: ;이 필요합니다. [F:\Projects\Rimworld\active\mapgen_ai\dev\Source\MapGenAI.csproj]
F:\Projects\Rimworld\active\mapgen_ai\dev\Source\MapGen\TextRegionPrompt.cs(18,159): error CS1513: }가 필요합니다. [F:\Projects\Rimworld\active\mapgen_ai\dev\Source\MapGenAI.csproj]
F:\Projects\Rimworld\active\mapgen_ai\dev\Source\MapGen\TextRegionPrompt.cs(18,162): error CS1002: ;이 필요합니다. [F:\Projects\Rimworld\active\mapgen_ai\dev\Source\MapGenAI.csproj]
F:\Projects\Rimworld\active\mapgen_ai\dev\Source\MapGen\TextRegionPrompt.cs(18,162): error CS1513: }가 필요합니다. [F:\Projects\Rimworld\active\mapgen_ai\dev\Source\MapGenAI.csproj]
F:\Projects\Rimworld\active\mapgen_ai\dev\Source\MapGen\TextRegionPrompt.cs(18,165): error CS1002: ;이 필요합니다. [F:\Projects\Rimworld\active\mapgen_ai\dev\Source\MapGenAI.csproj]
F:\Projects\Rimworld\active\mapgen_ai\dev\Source\MapGen\TextRegionPrompt.cs(18,170): error CS1002: ;이 필요합니다. [F:\Projects\Rimworld\active\mapgen_ai\dev\Source\MapGenAI.csproj]
F:\Projects\Rimworld\active\mapgen_ai\dev\Source\MapGen\TextRegionPrompt.cs(18,172): error CS1002: ;이 필요합니다. [F:\Projects\Rimworld\active\mapgen_ai\dev\Source\MapGenAI.csproj]
F:\Projects\Rimworld\active\mapgen_ai\dev\Source\MapGen\TextRegionPrompt.cs(18,172): error CS1513: }가 필요합니다. [F:\Projects\Rimworld\active\mapgen_ai\dev\Source\MapGenAI.csproj]
F:\Projects\Rimworld\active\mapgen_ai\dev\Source\MapGen\TextRegionPrompt.cs(18,174): error CS1002: ;이 필요합니다. [F:\Projects\Rimworld\active\mapgen_ai\dev\Source\MapGenAI.csproj]
F:\Projects\Rimworld\active\mapgen_ai\dev\Source\MapGen\TextRegionPrompt.cs(18,176): error CS1513: }가 필요합니다. [F:\Projects\Rimworld\active\mapgen_ai\dev\Source\MapGenAI.csproj]
F:\Projects\Rimworld\active\mapgen_ai\dev\Source\MapGen\TextRegionPrompt.cs(18,178): error CS1022: 형식이나 네임스페이스 정의 또는 파일 끝(EOF)이 필요합니다. [F:\Projects\Rimworld\active\mapgen_ai\dev\Source\MapGenAI.csproj]
F:\Projects\Rimworld\active\mapgen_ai\dev\Source\MapGen\TextRegionPrompt.cs(18,182): error CS1001: 식별자가 필요합니다. [F:\Projects\Rimworld\active\mapgen_ai\dev\Source\MapGenAI.csproj]
F:\Projects\Rimworld\active\mapgen_ai\dev\Source\MapGen\TextRegionPrompt.cs(18,182): error CS1056: 예기치 않은 '·' 문자입니다. [F:\Projects\Rimworld\active\mapgen_ai\dev\Source\MapGenAI.csproj]
F:\Projects\Rimworld\active\mapgen_ai\dev\Source\MapGen\TextRegionPrompt.cs(18,367): error CS1012: 문자 리터럴에 문자가 너무 많습니다. [F:\Projects\Rimworld\active\mapgen_ai\dev\Source\MapGenAI.csproj]
F:\Projects\Rimworld\active\mapgen_ai\dev\Source\MapGen\TextRegionPrompt.cs(18,396): error CS1002: ;이 필요합니다. [F:\Projects\Rimworld\active\mapgen_ai\dev\Source\MapGenAI.csproj]
F:\Projects\Rimworld\active\mapgen_ai\dev\Source\MapGen\TextRegionPrompt.cs(18,396): error CS1022: 형식이나 네임스페이스 정의 또는 파일 끝(EOF)이 필요합니다. [F:\Projects\Rimworld\active\mapgen_ai\dev\Source\MapGenAI.csproj]
F:\Projects\Rimworld\active\mapgen_ai\dev\Source\MapGen\TextRegionPrompt.cs(18,398): error CS1002: ;이 필요합니다. [F:\Projects\Rimworld\active\mapgen_ai\dev\Source\MapGenAI.csproj]
F:\Projects\Rimworld\active\mapgen_ai\dev\Source\MapGen\TextRegionPrompt.cs(18,403): error CS1003: 구문 오류입니다. ','이(가) 필요합니다. [F:\Projects\Rimworld\active\mapgen_ai\dev\Source\MapGenAI.csproj]
F:\Projects\Rimworld\active\mapgen_ai\dev\Source\MapGen\TextRegionPrompt.cs(19,7): error CS1002: ;이 필요합니다. [F:\Projects\Rimworld\active\mapgen_ai\dev\Source\MapGenAI.csproj]
F:\Projects\Rimworld\active\mapgen_ai\dev\Source\MapGen\TextRegionPrompt.cs(19,7): error CS1022: 형식이나 네임스페이스 정의 또는 파일 끝(EOF)이 필요합니다. [F:\Projects\Rimworld\active\mapgen_ai\dev\Source\MapGenAI.csproj]
F:\Projects\Rimworld\active\mapgen_ai\dev\Source\MapGen\TextRegionPrompt.cs(19,12): error CS1002: ;이 필요합니다. [F:\Projects\Rimworld\active\mapgen_ai\dev\Source\MapGenAI.csproj]
F:\Projects\Rimworld\active\mapgen_ai\dev\Source\MapGen\TextRegionPrompt.cs(19,25): error CS1002: ;이 필요합니다. [F:\Projects\Rimworld\active\mapgen_ai\dev\Source\MapGenAI.csproj]
F:\Projects\Rimworld\active\mapgen_ai\dev\Source\MapGen\TextRegionPrompt.cs(19,27): error CS1002: ;이 필요합니다. [F:\Projects\Rimworld\active\mapgen_ai\dev\Source\MapGenAI.csproj]
F:\Projects\Rimworld\active\mapgen_ai\dev\Source\MapGen\TextRegionPrompt.cs(19,27): error CS1513: }가 필요합니다. [F:\Projects\Rimworld\active\mapgen_ai\dev\Source\MapGenAI.csproj]
F:\Projects\Rimworld\active\mapgen_ai\dev\Source\MapGen\TextRegionPrompt.cs(19,29): error CS1001: 식별자가 필요합니다. [F:\Projects\Rimworld\active\mapgen_ai\dev\Source\MapGenAI.csproj]
F:\Projects\Rimworld\active\mapgen_ai\dev\Source\MapGen\TextRegionPrompt.cs(19,29): error CS1003: 구문 오류입니다. ']'이(가) 필요합니다. [F:\Projects\Rimworld\active\mapgen_ai\dev\Source\MapGenAI.csproj]
F:\Projects\Rimworld\active\mapgen_ai\dev\Source\MapGen\TextRegionPrompt.cs(19,32): error CS1002: ;이 필요합니다. [F:\Projects\Rimworld\active\mapgen_ai\dev\Source\MapGenAI.csproj]
F:\Projects\Rimworld\active\mapgen_ai\dev\Source\MapGen\TextRegionPrompt.cs(19,34): error CS1002: ;이 필요합니다. [F:\Projects\Rimworld\active\mapgen_ai\dev\Source\MapGenAI.csproj]
F:\Projects\Rimworld\active\mapgen_ai\dev\Source\MapGen\TextRegionPrompt.cs(19,36): error CS1002: ;이 필요합니다. [F:\Projects\Rimworld\active\mapgen_ai\dev\Source\MapGenAI.csproj]
F:\Projects\Rimworld\active\mapgen_ai\dev\Source\MapGen\TextRegionPrompt.cs(19,36): error CS1513: }가 필요합니다. [F:\Projects\Rimworld\active\mapgen_ai\dev\Source\MapGenAI.csproj]
F:\Projects\Rimworld\active\mapgen_ai\dev\Source\MapGen\TextRegionPrompt.cs(19,39): error CS1002: ;이 필요합니다. [F:\Projects\Rimworld\active\mapgen_ai\dev\Source\MapGenAI.csproj]
F:\Projects\Rimworld\active\mapgen_ai\dev\Source\MapGen\TextRegionPrompt.cs(19,42): error CS1002: ;이 필요합니다. [F:\Projects\Rimworld\active\mapgen_ai\dev\Source\MapGenAI.csproj]
F:\Projects\Rimworld\active\mapgen_ai\dev\Source\MapGen\TextRegionPrompt.cs(19,44): error CS1002: ;이 필요합니다. [F:\Projects\Rimworld\active\mapgen_ai\dev\Source\MapGenAI.csproj]
F:\Projects\Rimworld\active\mapgen_ai\dev\Source\MapGen\TextRegionPrompt.cs(19,44): error CS1513: }가 필요합니다. [F:\Projects\Rimworld\active\mapgen_ai\dev\Source\MapGenAI.csproj]
F:\Projects\Rimworld\active\mapgen_ai\dev\Source\MapGen\TextRegionPrompt.cs(19,47): error CS1002: ;이 필요합니다. [F:\Projects\Rimworld\active\mapgen_ai\dev\Source\MapGenAI.csproj]
F:\Projects\Rimworld\active\mapgen_ai\dev\Source\MapGen\TextRegionPrompt.cs(19,56): error CS1002: ;이 필요합니다. [F:\Projects\Rimworld\active\mapgen_ai\dev\Source\MapGenAI.csproj]
F:\Projects\Rimworld\active\mapgen_ai\dev\Source\MapGen\TextRegionPrompt.cs(19,58): error CS1002: ;이 필요합니다. [F:\Projects\Rimworld\active\mapgen_ai\dev\Source\MapGenAI.csproj]
F:\Projects\Rimworld\active\mapgen_ai\dev\Source\MapGen\TextRegionPrompt.cs(19,58): error CS1513: }가 필요합니다. [F:\Projects\Rimworld\active\mapgen_ai\dev\Source\MapGenAI.csproj]
F:\Projects\Rimworld\active\mapgen_ai\dev\Source\MapGen\TextRegionPrompt.cs(19,62): error CS1002: ;이 필요합니다. [F:\Projects\Rimworld\active\mapgen_ai\dev\Source\MapGenAI.csproj]
F:\Projects\Rimworld\active\mapgen_ai\dev\Source\MapGen\TextRegionPrompt.cs(19,64): error CS1002: ;이 필요합니다. [F:\Projects\Rimworld\active\mapgen_ai\dev\Source\MapGenAI.csproj]
F:\Projects\Rimworld\active\mapgen_ai\dev\Source\MapGen\TextRegionPrompt.cs(19,66): error CS1002: ;이 필요합니다. [F:\Projects\Rimworld\active\mapgen_ai\dev\Source\MapGenAI.csproj]
F:\Projects\Rimworld\active\mapgen_ai\dev\Source\MapGen\TextRegionPrompt.cs(19,66): error CS1513: }가 필요합니다. [F:\Projects\Rimworld\active\mapgen_ai\dev\Source\MapGenAI.csproj]
F:\Projects\Rimworld\active\mapgen_ai\dev\Source\MapGen\TextRegionPrompt.cs(19,69): error CS1002: ;이 필요합니다. [F:\Projects\Rimworld\active\mapgen_ai\dev\Source\MapGenAI.csproj]
F:\Projects\Rimworld\active\mapgen_ai\dev\Source\MapGen\TextRegionPrompt.cs(19,76): error CS1002: ;이 필요합니다. [F:\Projects\Rimworld\active\mapgen_ai\dev\Source\MapGenAI.csproj]
F:\Projects\Rimworld\active\mapgen_ai\dev\Source\MapGen\TextRegionPrompt.cs(19,78): error CS1002: ;이 필요합니다. [F:\Projects\Rimworld\active\mapgen_ai\dev\Source\MapGenAI.csproj]
F:\Projects\Rimworld\active\mapgen_ai\dev\Source\MapGen\TextRegionPrompt.cs(19,78): error CS1513: }가 필요합니다. [F:\Projects\Rimworld\active\mapgen_ai\dev\Source\MapGenAI.csproj]
F:\Projects\Rimworld\active\mapgen_ai\dev\Source\MapGen\TextRegionPrompt.cs(19,81): error CS1002: ;이 필요합니다. [F:\Projects\Rimworld\active\mapgen_ai\dev\Source\MapGenAI.csproj]
F:\Projects\Rimworld\active\mapgen_ai\dev\Source\MapGen\TextRegionPrompt.cs(19,85): error CS1002: ;이 필요합니다. [F:\Projects\Rimworld\active\mapgen_ai\dev\Source\MapGenAI.csproj]
F:\Projects\Rimworld\active\mapgen_ai\dev\Source\MapGen\TextRegionPrompt.cs(19,87): error CS1002: ;이 필요합니다. [F:\Projects\Rimworld\active\mapgen_ai\dev\Source\MapGenAI.csproj]
F:\Projects\Rimworld\active\mapgen_ai\dev\Source\MapGen\TextRegionPrompt.cs(19,87): error CS1513: }가 필요합니다. [F:\Projects\Rimworld\active\mapgen_ai\dev\Source\MapGenAI.csproj]
F:\Projects\Rimworld\active\mapgen_ai\dev\Source\MapGen\TextRegionPrompt.cs(19,90): error CS1002: ;이 필요합니다. [F:\Projects\Rimworld\active\mapgen_ai\dev\Source\MapGenAI.csproj]
F:\Projects\Rimworld\active\mapgen_ai\dev\Source\MapGen\TextRegionPrompt.cs(19,94): error CS1002: ;이 필요합니다. [F:\Projects\Rimworld\active\mapgen_ai\dev\Source\MapGenAI.csproj]
F:\Projects\Rimworld\active\mapgen_ai\dev\Source\MapGen\TextRegionPrompt.cs(19,96): error CS1002: ;이 필요합니다. [F:\Projects\Rimworld\active\mapgen_ai\dev\Source\MapGenAI.csproj]
F:\Projects\Rimworld\active\mapgen_ai\dev\Source\MapGen\TextRegionPrompt.cs(19,96): error CS1513: }가 필요합니다. [F:\Projects\Rimworld\active\mapgen_ai\dev\Source\MapGenAI.csproj]
F:\Projects\Rimworld\active\mapgen_ai\dev\Source\MapGen\TextRegionPrompt.cs(19,99): error CS1002: ;이 필요합니다. [F:\Projects\Rimworld\active\mapgen_ai\dev\Source\MapGenAI.csproj]
F:\Projects\Rimworld\active\mapgen_ai\dev\Source\MapGen\TextRegionPrompt.cs(19,105): error CS1002: ;이 필요합니다. [F:\Projects\Rimworld\active\mapgen_ai\dev\Source\MapGenAI.csproj]
F:\Projects\Rimworld\active\mapgen_ai\dev\Source\MapGen\TextRegionPrompt.cs(19,107): error CS1002: ;이 필요합니다. [F:\Projects\Rimworld\active\mapgen_ai\dev\Source\MapGenAI.csproj]
F:\Projects\Rimworld\active\mapgen_ai\dev\Source\MapGen\TextRegionPrompt.cs(19,107): error CS1513: }가 필요합니다. [F:\Projects\Rimworld\active\mapgen_ai\dev\Source\MapGenAI.csproj]
F:\Projects\Rimworld\active\mapgen_ai\dev\Source\MapGen\TextRegionPrompt.cs(19,110): error CS1002: ;이 필요합니다. [F:\Projects\Rimworld\active\mapgen_ai\dev\Source\MapGenAI.csproj]
F:\Projects\Rimworld\active\mapgen_ai\dev\Source\MapGen\TextRegionPrompt.cs(19,116): error CS1002: ;이 필요합니다. [F:\Projects\Rimworld\active\mapgen_ai\dev\Source\MapGenAI.csproj]
F:\Projects\Rimworld\active\mapgen_ai\dev\Source\MapGen\TextRegionPrompt.cs(19,118): error CS1002: ;이 필요합니다. [F:\Projects\Rimworld\active\mapgen_ai\dev\Source\MapGenAI.csproj]
F:\Projects\Rimworld\active\mapgen_ai\dev\Source\MapGen\TextRegionPrompt.cs(19,118): error CS1513: }가 필요합니다. [F:\Projects\Rimworld\active\mapgen_ai\dev\Source\MapGenAI.csproj]
F:\Projects\Rimworld\active\mapgen_ai\dev\Source\MapGen\TextRegionPrompt.cs(19,121): error CS1002: ;이 필요합니다. [F:\Projects\Rimworld\active\mapgen_ai\dev\Source\MapGenAI.csproj]
F:\Projects\Rimworld\active\mapgen_ai\dev\Source\MapGen\TextRegionPrompt.cs(19,126): error CS1002: ;이 필요합니다. [F:\Projects\Rimworld\active\mapgen_ai\dev\Source\MapGenAI.csproj]
F:\Projects\Rimworld\active\mapgen_ai\dev\Source\MapGen\TextRegionPrompt.cs(19,128): error CS1002: ;이 필요합니다. [F:\Projects\Rimworld\active\mapgen_ai\dev\Source\MapGenAI.csproj]
F:\Projects\Rimworld\active\mapgen_ai\dev\Source\MapGen\TextRegionPrompt.cs(19,128): error CS1513: }가 필요합니다. [F:\Projects\Rimworld\active\mapgen_ai\dev\Source\MapGenAI.csproj]
F:\Projects\Rimworld\active\mapgen_ai\dev\Source\MapGen\TextRegionPrompt.cs(19,131): error CS1002: ;이 필요합니다. [F:\Projects\Rimworld\active\mapgen_ai\dev\Source\MapGenAI.csproj]
F:\Projects\Rimworld\active\mapgen_ai\dev\Source\MapGen\TextRegionPrompt.cs(19,131): error CS1513: }가 필요합니다. [F:\Projects\Rimworld\active\mapgen_ai\dev\Source\MapGenAI.csproj]
F:\Projects\Rimworld\active\mapgen_ai\dev\Source\MapGen\TextRegionPrompt.cs(19,134): error CS1002: ;이 필요합니다. [F:\Projects\Rimworld\active\mapgen_ai\dev\Source\MapGenAI.csproj]
F:\Projects\Rimworld\active\mapgen_ai\dev\Source\MapGen\TextRegionPrompt.cs(19,140): error CS1002: ;이 필요합니다. [F:\Projects\Rimworld\active\mapgen_ai\dev\Source\MapGenAI.csproj]
F:\Projects\Rimworld\active\mapgen_ai\dev\Source\MapGen\TextRegionPrompt.cs(19,142): error CS1002: ;이 필요합니다. [F:\Projects\Rimworld\active\mapgen_ai\dev\Source\MapGenAI.csproj]
F:\Projects\Rimworld\active\mapgen_ai\dev\Source\MapGen\TextRegionPrompt.cs(19,142): error CS1513: }가 필요합니다. [F:\Projects\Rimworld\active\mapgen_ai\dev\Source\MapGenAI.csproj]
F:\Projects\Rimworld\active\mapgen_ai\dev\Source\MapGen\TextRegionPrompt.cs(19,144): error CS1002: ;이 필요합니다. [F:\Projects\Rimworld\active\mapgen_ai\dev\Source\MapGenAI.csproj]
F:\Projects\Rimworld\active\mapgen_ai\dev\Source\MapGen\TextRegionPrompt.cs(19,144): error CS1513: }가 필요합니다. [F:\Projects\Rimworld\active\mapgen_ai\dev\Source\MapGenAI.csproj]
F:\Projects\Rimworld\active\mapgen_ai\dev\Source\MapGen\TextRegionPrompt.cs(19,147): error CS1002: ;이 필요합니다. [F:\Projects\Rimworld\active\mapgen_ai\dev\Source\MapGenAI.csproj]
F:\Projects\Rimworld\active\mapgen_ai\dev\Source\MapGen\TextRegionPrompt.cs(19,152): error CS1002: ;이 필요합니다. [F:\Projects\Rimworld\active\mapgen_ai\dev\Source\MapGenAI.csproj]
F:\Projects\Rimworld\active\mapgen_ai\dev\Source\MapGen\TextRegionPrompt.cs(19,154): error CS1002: ;이 필요합니다. [F:\Projects\Rimworld\active\mapgen_ai\dev\Source\MapGenAI.csproj]
F:\Projects\Rimworld\active\mapgen_ai\dev\Source\MapGen\TextRegionPrompt.cs(19,154): error CS1513: }가 필요합니다. [F:\Projects\Rimworld\active\mapgen_ai\dev\Source\MapGenAI.csproj]
F:\Projects\Rimworld\active\mapgen_ai\dev\Source\MapGen\TextRegionPrompt.cs(19,156): error CS1002: ;이 필요합니다. [F:\Projects\Rimworld\active\mapgen_ai\dev\Source\MapGenAI.csproj]
F:\Projects\Rimworld\active\mapgen_ai\dev\Source\MapGen\TextRegionPrompt.cs(19,158): error CS1513: }가 필요합니다. [F:\Projects\Rimworld\active\mapgen_ai\dev\Source\MapGenAI.csproj]
F:\Projects\Rimworld\active\mapgen_ai\dev\Source\MapGen\TextRegionPrompt.cs(19,160): error CS1022: 형식이나 네임스페이스 정의 또는 파일 끝(EOF)이 필요합니다. [F:\Projects\Rimworld\active\mapgen_ai\dev\Source\MapGenAI.csproj]
F:\Projects\Rimworld\active\mapgen_ai\dev\Source\MapGen\TextRegionPrompt.cs(19,175): error CS1003: 구문 오류입니다. '='이(가) 필요합니다. [F:\Projects\Rimworld\active\mapgen_ai\dev\Source\MapGenAI.csproj]
F:\Projects\Rimworld\active\mapgen_ai\dev\Source\MapGen\TextRegionPrompt.cs(19,185): error CS1003: 구문 오류입니다. ','이(가) 필요합니다. [F:\Projects\Rimworld\active\mapgen_ai\dev\Source\MapGenAI.csproj]
F:\Projects\Rimworld\active\mapgen_ai\dev\Source\MapGen\TextRegionPrompt.cs(20,17): error CS1002: ;이 필요합니다. [F:\Projects\Rimworld\active\mapgen_ai\dev\Source\MapGenAI.csproj]
F:\Projects\Rimworld\active\mapgen_ai\dev\Source\MapGen\TextRegionPrompt.cs(20,17): error CS1022: 형식이나 네임스페이스 정의 또는 파일 끝(EOF)이 필요합니다. [F:\Projects\Rimworld\active\mapgen_ai\dev\Source\MapGenAI.csproj]
F:\Projects\Rimworld\active\mapgen_ai\dev\Source\MapGen\TextRegionPrompt.cs(20,33): error CS1002: ;이 필요합니다. [F:\Projects\Rimworld\active\mapgen_ai\dev\Source\MapGenAI.csproj]
F:\Projects\Rimworld\active\mapgen_ai\dev\Source\MapGen\TextRegionPrompt.cs(20,33): error CS1022: 형식이나 네임스페이스 정의 또는 파일 끝(EOF)이 필요합니다. [F:\Projects\Rimworld\active\mapgen_ai\dev\Source\MapGenAI.csproj]
F:\Projects\Rimworld\active\mapgen_ai\dev\Source\MapGen\TextRegionPrompt.cs(20,53): error CS1003: 구문 오류입니다. '='이(가) 필요합니다. [F:\Projects\Rimworld\active\mapgen_ai\dev\Source\MapGenAI.csproj]
F:\Projects\Rimworld\active\mapgen_ai\dev\Source\MapGen\TextRegionPrompt.cs(20,85): error CS1003: 구문 오류입니다. ','이(가) 필요합니다. [F:\Projects\Rimworld\active\mapgen_ai\dev\Source\MapGenAI.csproj]
F:\Projects\Rimworld\active\mapgen_ai\dev\Source\MapGen\TextRegionPrompt.cs(20,92): error CS1056: 예기치 않은 '±' 문자입니다. [F:\Projects\Rimworld\active\mapgen_ai\dev\Source\MapGenAI.csproj]
F:\Projects\Rimworld\active\mapgen_ai\dev\Source\MapGen\TextRegionPrompt.cs(21,29): error CS1003: 구문 오류입니다. '='이(가) 필요합니다. [F:\Projects\Rimworld\active\mapgen_ai\dev\Source\MapGenAI.csproj]
F:\Projects\Rimworld\active\mapgen_ai\dev\Source\MapGen\TextRegionPrompt.cs(21,39): error CS1003: 구문 오류입니다. ','이(가) 필요합니다. [F:\Projects\Rimworld\active\mapgen_ai\dev\Source\MapGenAI.csproj]
F:\Projects\Rimworld\active\mapgen_ai\dev\Source\MapGen\TextRegionPrompt.cs(21,43): error CS1002: ;이 필요합니다. [F:\Projects\Rimworld\active\mapgen_ai\dev\Source\MapGenAI.csproj]
F:\Projects\Rimworld\active\mapgen_ai\dev\Source\MapGen\TextRegionPrompt.cs(21,43): error CS1022: 형식이나 네임스페이스 정의 또는 파일 끝(EOF)이 필요합니다. [F:\Projects\Rimworld\active\mapgen_ai\dev\Source\MapGenAI.csproj]
F:\Projects\Rimworld\active\mapgen_ai\dev\Source\MapGen\TextRegionPrompt.cs(21,48): error CS1002: ;이 필요합니다. [F:\Projects\Rimworld\active\mapgen_ai\dev\Source\MapGenAI.csproj]
F:\Projects\Rimworld\active\mapgen_ai\dev\Source\MapGen\TextRegionPrompt.cs(21,50): error CS1002: ;이 필요합니다. [F:\Projects\Rimworld\active\mapgen_ai\dev\Source\MapGenAI.csproj]
F:\Projects\Rimworld\active\mapgen_ai\dev\Source\MapGen\TextRegionPrompt.cs(21,52): error CS1002: ;이 필요합니다. [F:\Projects\Rimworld\active\mapgen_ai\dev\Source\MapGenAI.csproj]
F:\Projects\Rimworld\active\mapgen_ai\dev\Source\MapGen\TextRegionPrompt.cs(21,52): error CS1513: }가 필요합니다. [F:\Projects\Rimworld\active\mapgen_ai\dev\Source\MapGenAI.csproj]
F:\Projects\Rimworld\active\mapgen_ai\dev\Source\MapGen\TextRegionPrompt.cs(21,55): error CS1002: ;이 필요합니다. [F:\Projects\Rimworld\active\mapgen_ai\dev\Source\MapGenAI.csproj]
F:\Projects\Rimworld\active\mapgen_ai\dev\Source\MapGen\TextRegionPrompt.cs(21,61): error CS1002: ;이 필요합니다. [F:\Projects\Rimworld\active\mapgen_ai\dev\Source\MapGenAI.csproj]
F:\Projects\Rimworld\active\mapgen_ai\dev\Source\MapGen\TextRegionPrompt.cs(21,63): error CS1002: ;이 필요합니다. [F:\Projects\Rimworld\active\mapgen_ai\dev\Source\MapGenAI.csproj]
F:\Projects\Rimworld\active\mapgen_ai\dev\Source\MapGen\TextRegionPrompt.cs(21,63): error CS1513: }가 필요합니다. [F:\Projects\Rimworld\active\mapgen_ai\dev\Source\MapGenAI.csproj]
F:\Projects\Rimworld\active\mapgen_ai\dev\Source\MapGen\TextRegionPrompt.cs(21,66): error CS1002: ;이 필요합니다. [F:\Projects\Rimworld\active\mapgen_ai\dev\Source\MapGenAI.csproj]
F:\Projects\Rimworld\active\mapgen_ai\dev\Source\MapGen\TextRegionPrompt.cs(21,68): error CS1002: ;이 필요합니다. [F:\Projects\Rimworld\active\mapgen_ai\dev\Source\MapGenAI.csproj]
F:\Projects\Rimworld\active\mapgen_ai\dev\Source\MapGen\TextRegionPrompt.cs(21,70): error CS1002: ;이 필요합니다. [F:\Projects\Rimworld\active\mapgen_ai\dev\Source\MapGenAI.csproj]
F:\Projects\Rimworld\active\mapgen_ai\dev\Source\MapGen\TextRegionPrompt.cs(21,70): error CS1513: }가 필요합니다. [F:\Projects\Rimworld\active\mapgen_ai\dev\Source\MapGenAI.csproj]
F:\Projects\Rimworld\active\mapgen_ai\dev\Source\MapGen\TextRegionPrompt.cs(21,73): error CS1002: ;이 필요합니다. [F:\Projects\Rimworld\active\mapgen_ai\dev\Source\MapGenAI.csproj]
F:\Projects\Rimworld\active\mapgen_ai\dev\Source\MapGen\TextRegionPrompt.cs(21,80): error CS1002: ;이 필요합니다. [F:\Projects\Rimworld\active\mapgen_ai\dev\Source\MapGenAI.csproj]
F:\Projects\Rimworld\active\mapgen_ai\dev\Source\MapGen\TextRegionPrompt.cs(21,82): error CS1002: ;이 필요합니다. [F:\Projects\Rimworld\active\mapgen_ai\dev\Source\MapGenAI.csproj]
F:\Projects\Rimworld\active\mapgen_ai\dev\Source\MapGen\TextRegionPrompt.cs(21,82): error CS1513: }가 필요합니다. [F:\Projects\Rimworld\active\mapgen_ai\dev\Source\MapGenAI.csproj]
F:\Projects\Rimworld\active\mapgen_ai\dev\Source\MapGen\TextRegionPrompt.cs(21,85): error CS1002: ;이 필요합니다. [F:\Projects\Rimworld\active\mapgen_ai\dev\Source\MapGenAI.csproj]
F:\Projects\Rimworld\active\mapgen_ai\dev\Source\MapGen\TextRegionPrompt.cs(21,92): error CS1002: ;이 필요합니다. [F:\Projects\Rimworld\active\mapgen_ai\dev\Source\MapGenAI.csproj]
F:\Projects\Rimworld\active\mapgen_ai\dev\Source\MapGen\TextRegionPrompt.cs(21,94): error CS1002: ;이 필요합니다. [F:\Projects\Rimworld\active\mapgen_ai\dev\Source\MapGenAI.csproj]
F:\Projects\Rimworld\active\mapgen_ai\dev\Source\MapGen\TextRegionPrompt.cs(21,94): error CS1513: }가 필요합니다. [F:\Projects\Rimworld\active\mapgen_ai\dev\Source\MapGenAI.csproj]
F:\Projects\Rimworld\active\mapgen_ai\dev\Source\MapGen\TextRegionPrompt.cs(21,98): error CS1002: ;이 필요합니다. [F:\Projects\Rimworld\active\mapgen_ai\dev\Source\MapGenAI.csproj]
F:\Projects\Rimworld\active\mapgen_ai\dev\Source\MapGen\TextRegionPrompt.cs(21,103): error CS1002: ;이 필요합니다. [F:\Projects\Rimworld\active\mapgen_ai\dev\Source\MapGenAI.csproj]
F:\Projects\Rimworld\active\mapgen_ai\dev\Source\MapGen\TextRegionPrompt.cs(21,105): error CS1002: ;이 필요합니다. [F:\Projects\Rimworld\active\mapgen_ai\dev\Source\MapGenAI.csproj]
F:\Projects\Rimworld\active\mapgen_ai\dev\Source\MapGen\TextRegionPrompt.cs(21,105): error CS1513: }가 필요합니다. [F:\Projects\Rimworld\active\mapgen_ai\dev\Source\MapGenAI.csproj]
F:\Projects\Rimworld\active\mapgen_ai\dev\Source\MapGen\TextRegionPrompt.cs(21,107): error CS1002: ;이 필요합니다. [F:\Projects\Rimworld\active\mapgen_ai\dev\Source\MapGenAI.csproj]
F:\Projects\Rimworld\active\mapgen_ai\dev\Source\MapGen\TextRegionPrompt.cs(21,109): error CS1022: 형식이나 네임스페이스 정의 또는 파일 끝(EOF)이 필요합니다. [F:\Projects\Rimworld\active\mapgen_ai\dev\Source\MapGenAI.csproj]
F:\Projects\Rimworld\active\mapgen_ai\dev\Source\MapGen\TextRegionPrompt.cs(21,118): error CS1002: ;이 필요합니다. [F:\Projects\Rimworld\active\mapgen_ai\dev\Source\MapGenAI.csproj]
F:\Projects\Rimworld\active\mapgen_ai\dev\Source\MapGen\TextRegionPrompt.cs(21,120): error CS1002: ;이 필요합니다. [F:\Projects\Rimworld\active\mapgen_ai\dev\Source\MapGenAI.csproj]
F:\Projects\Rimworld\active\mapgen_ai\dev\Source\MapGen\TextRegionPrompt.cs(21,122): error CS1002: ;이 필요합니다. [F:\Projects\Rimworld\active\mapgen_ai\dev\Source\MapGenAI.csproj]
F:\Projects\Rimworld\active\mapgen_ai\dev\Source\MapGen\TextRegionPrompt.cs(21,122): error CS1513: }가 필요합니다. [F:\Projects\Rimworld\active\mapgen_ai\dev\Source\MapGenAI.csproj]
F:\Projects\Rimworld\active\mapgen_ai\dev\Source\MapGen\TextRegionPrompt.cs(21,125): error CS1002: ;이 필요합니다. [F:\Projects\Rimworld\active\mapgen_ai\dev\Source\MapGenAI.csproj]
F:\Projects\Rimworld\active\mapgen_ai\dev\Source\MapGen\TextRegionPrompt.cs(21,131): error CS1002: ;이 필요합니다. [F:\Projects\Rimworld\active\mapgen_ai\dev\Source\MapGenAI.csproj]
F:\Projects\Rimworld\active\mapgen_ai\dev\Source\MapGen\TextRegionPrompt.cs(21,133): error CS1002: ;이 필요합니다. [F:\Projects\Rimworld\active\mapgen_ai\dev\Source\MapGenAI.csproj]
F:\Projects\Rimworld\active\mapgen_ai\dev\Source\MapGen\TextRegionPrompt.cs(21,133): error CS1513: }가 필요합니다. [F:\Projects\Rimworld\active\mapgen_ai\dev\Source\MapGenAI.csproj]
F:\Projects\Rimworld\active\mapgen_ai\dev\Source\MapGen\TextRegionPrompt.cs(21,136): error CS1002: ;이 필요합니다. [F:\Projects\Rimworld\active\mapgen_ai\dev\Source\MapGenAI.csproj]
F:\Projects\Rimworld\active\mapgen_ai\dev\Source\MapGen\TextRegionPrompt.cs(21,138): error CS1002: ;이 필요합니다. [F:\Projects\Rimworld\active\mapgen_ai\dev\Source\MapGenAI.csproj]
F:\Projects\Rimworld\active\mapgen_ai\dev\Source\MapGen\TextRegionPrompt.cs(21,140): error CS1002: ;이 필요합니다. [F:\Projects\Rimworld\active\mapgen_ai\dev\Source\MapGenAI.csproj]
F:\Projects\Rimworld\active\mapgen_ai\dev\Source\MapGen\TextRegionPrompt.cs(21,140): error CS1513: }가 필요합니다. [F:\Projects\Rimworld\active\mapgen_ai\dev\Source\MapGenAI.csproj]
F:\Projects\Rimworld\active\mapgen_ai\dev\Source\MapGen\TextRegionPrompt.cs(21,143): error CS1002: ;이 필요합니다. [F:\Projects\Rimworld\active\mapgen_ai\dev\Source\MapGenAI.csproj]
F:\Projects\Rimworld\active\mapgen_ai\dev\Source\MapGen\TextRegionPrompt.cs(21,150): error CS1002: ;이 필요합니다. [F:\Projects\Rimworld\active\mapgen_ai\dev\Source\MapGenAI.csproj]
F:\Projects\Rimworld\active\mapgen_ai\dev\Source\MapGen\TextRegionPrompt.cs(21,152): error CS1002: ;이 필요합니다. [F:\Projects\Rimworld\active\mapgen_ai\dev\Source\MapGenAI.csproj]
F:\Projects\Rimworld\active\mapgen_ai\dev\Source\MapGen\TextRegionPrompt.cs(21,153): error CS1022: 형식이나 네임스페이스 정의 또는 파일 끝(EOF)이 필요합니다. [F:\Projects\Rimworld\active\mapgen_ai\dev\Source\MapGenAI.csproj]
F:\Projects\Rimworld\active\mapgen_ai\dev\Source\MapGen\TextRegionPrompt.cs(21,172): error CS1003: 구문 오류입니다. ','이(가) 필요합니다. [F:\Projects\Rimworld\active\mapgen_ai\dev\Source\MapGenAI.csproj]
F:\Projects\Rimworld\active\mapgen_ai\dev\Source\MapGen\TextRegionPrompt.cs(22,79): error CS1012: 문자 리터럴에 문자가 너무 많습니다. [F:\Projects\Rimworld\active\mapgen_ai\dev\Source\MapGenAI.csproj]
F:\Projects\Rimworld\active\mapgen_ai\dev\Source\MapGen\TextRegionPrompt.cs(22,103): error CS1002: ;이 필요합니다. [F:\Projects\Rimworld\active\mapgen_ai\dev\Source\MapGenAI.csproj]
F:\Projects\Rimworld\active\mapgen_ai\dev\Source\MapGen\TextRegionPrompt.cs(22,103): error CS1022: 형식이나 네임스페이스 정의 또는 파일 끝(EOF)이 필요합니다. [F:\Projects\Rimworld\active\mapgen_ai\dev\Source\MapGenAI.csproj]
F:\Projects\Rimworld\active\mapgen_ai\dev\Source\MapGen\TextRegionPrompt.cs(22,105): error CS1002: ;이 필요합니다. [F:\Projects\Rimworld\active\mapgen_ai\dev\Source\MapGenAI.csproj]
F:\Projects\Rimworld\active\mapgen_ai\dev\Source\MapGen\TextRegionPrompt.cs(22,110): error CS1003: 구문 오류입니다. ','이(가) 필요합니다. [F:\Projects\Rimworld\active\mapgen_ai\dev\Source\MapGenAI.csproj]
F:\Projects\Rimworld\active\mapgen_ai\dev\Source\MapGen\TextRegionPrompt.cs(23,4): error CS1056: 예기치 않은 '·' 문자입니다. [F:\Projects\Rimworld\active\mapgen_ai\dev\Source\MapGenAI.csproj]
F:\Projects\Rimworld\active\mapgen_ai\dev\Source\MapGen\TextRegionPrompt.cs(23,7): error CS1056: 예기치 않은 '·' 문자입니다. [F:\Projects\Rimworld\active\mapgen_ai\dev\Source\MapGenAI.csproj]
F:\Projects\Rimworld\active\mapgen_ai\dev\Source\MapGen\TextRegionPrompt.cs(23,10): error CS1056: 예기치 않은 '·' 문자입니다. [F:\Projects\Rimworld\active\mapgen_ai\dev\Source\MapGenAI.csproj]
F:\Projects\Rimworld\active\mapgen_ai\dev\Source\MapGen\TextRegionPrompt.cs(23,16): error CS1056: 예기치 않은 '·' 문자입니다. [F:\Projects\Rimworld\active\mapgen_ai\dev\Source\MapGenAI.csproj]
F:\Projects\Rimworld\active\mapgen_ai\dev\Source\MapGen\TextRegionPrompt.cs(23,22): error CS1056: 예기치 않은 '·' 문자입니다. [F:\Projects\Rimworld\active\mapgen_ai\dev\Source\MapGenAI.csproj]
F:\Projects\Rimworld\active\mapgen_ai\dev\Source\MapGen\TextRegionPrompt.cs(23,131): error CS1056: 예기치 않은 '·' 문자입니다. [F:\Projects\Rimworld\active\mapgen_ai\dev\Source\MapGenAI.csproj]
F:\Projects\Rimworld\active\mapgen_ai\dev\Source\MapGen\TextRegionPrompt.cs(24,12): error CS1002: ;이 필요합니다. [F:\Projects\Rimworld\active\mapgen_ai\dev\Source\MapGenAI.csproj]
F:\Projects\Rimworld\active\mapgen_ai\dev\Source\MapGen\TextRegionPrompt.cs(24,12): error CS1022: 형식이나 네임스페이스 정의 또는 파일 끝(EOF)이 필요합니다. [F:\Projects\Rimworld\active\mapgen_ai\dev\Source\MapGenAI.csproj]
F:\Projects\Rimworld\active\mapgen_ai\dev\Source\MapGen\TextRegionPrompt.cs(24,26): error CS1002: ;이 필요합니다. [F:\Projects\Rimworld\active\mapgen_ai\dev\Source\MapGenAI.csproj]
F:\Projects\Rimworld\active\mapgen_ai\dev\Source\MapGen\TextRegionPrompt.cs(24,32): error CS1002: ;이 필요합니다. [F:\Projects\Rimworld\active\mapgen_ai\dev\Source\MapGenAI.csproj]
F:\Projects\Rimworld\active\mapgen_ai\dev\Source\MapGen\TextRegionPrompt.cs(24,34): error CS1002: ;이 필요합니다. [F:\Projects\Rimworld\active\mapgen_ai\dev\Source\MapGenAI.csproj]
F:\Projects\Rimworld\active\mapgen_ai\dev\Source\MapGen\TextRegionPrompt.cs(24,34): error CS1513: }가 필요합니다. [F:\Projects\Rimworld\active\mapgen_ai\dev\Source\MapGenAI.csproj]
F:\Projects\Rimworld\active\mapgen_ai\dev\Source\MapGen\TextRegionPrompt.cs(24,37): error CS1002: ;이 필요합니다. [F:\Projects\Rimworld\active\mapgen_ai\dev\Source\MapGenAI.csproj]
F:\Projects\Rimworld\active\mapgen_ai\dev\Source\MapGen\TextRegionPrompt.cs(24,42): error CS1002: ;이 필요합니다. [F:\Projects\Rimworld\active\mapgen_ai\dev\Source\MapGenAI.csproj]
F:\Projects\Rimworld\active\mapgen_ai\dev\Source\MapGen\TextRegionPrompt.cs(24,44): error CS1002: ;이 필요합니다. [F:\Projects\Rimworld\active\mapgen_ai\dev\Source\MapGenAI.csproj]
F:\Projects\Rimworld\active\mapgen_ai\dev\Source\MapGen\TextRegionPrompt.cs(24,44): error CS1513: }가 필요합니다. [F:\Projects\Rimworld\active\mapgen_ai\dev\Source\MapGenAI.csproj]
F:\Projects\Rimworld\active\mapgen_ai\dev\Source\MapGen\TextRegionPrompt.cs(24,47): error CS1002: ;이 필요합니다. [F:\Projects\Rimworld\active\mapgen_ai\dev\Source\MapGenAI.csproj]
F:\Projects\Rimworld\active\mapgen_ai\dev\Source\MapGen\TextRegionPrompt.cs(24,59): error CS1002: ;이 필요합니다. [F:\Projects\Rimworld\active\mapgen_ai\dev\Source\MapGenAI.csproj]
F:\Projects\Rimworld\active\mapgen_ai\dev\Source\MapGen\TextRegionPrompt.cs(24,61): error CS1002: ;이 필요합니다. [F:\Projects\Rimworld\active\mapgen_ai\dev\Source\MapGenAI.csproj]
F:\Projects\Rimworld\active\mapgen_ai\dev\Source\MapGen\TextRegionPrompt.cs(24,61): error CS1513: }가 필요합니다. [F:\Projects\Rimworld\active\mapgen_ai\dev\Source\MapGenAI.csproj]
F:\Projects\Rimworld\active\mapgen_ai\dev\Source\MapGen\TextRegionPrompt.cs(24,63): error CS1002: ;이 필요합니다. [F:\Projects\Rimworld\active\mapgen_ai\dev\Source\MapGenAI.csproj]
F:\Projects\Rimworld\active\mapgen_ai\dev\Source\MapGen\TextRegionPrompt.cs(24,63): error CS1513: }가 필요합니다. [F:\Projects\Rimworld\active\mapgen_ai\dev\Source\MapGenAI.csproj]
F:\Projects\Rimworld\active\mapgen_ai\dev\Source\MapGen\TextRegionPrompt.cs(24,66): error CS1002: ;이 필요합니다. [F:\Projects\Rimworld\active\mapgen_ai\dev\Source\MapGenAI.csproj]
F:\Projects\Rimworld\active\mapgen_ai\dev\Source\MapGen\TextRegionPrompt.cs(24,78): error CS1002: ;이 필요합니다. [F:\Projects\Rimworld\active\mapgen_ai\dev\Source\MapGenAI.csproj]
F:\Projects\Rimworld\active\mapgen_ai\dev\Source\MapGen\TextRegionPrompt.cs(24,80): error CS1002: ;이 필요합니다. [F:\Projects\Rimworld\active\mapgen_ai\dev\Source\MapGenAI.csproj]
F:\Projects\Rimworld\active\mapgen_ai\dev\Source\MapGen\TextRegionPrompt.cs(24,80): error CS1513: }가 필요합니다. [F:\Projects\Rimworld\active\mapgen_ai\dev\Source\MapGenAI.csproj]
F:\Projects\Rimworld\active\mapgen_ai\dev\Source\MapGen\TextRegionPrompt.cs(24,83): error CS1002: ;이 필요합니다. [F:\Projects\Rimworld\active\mapgen_ai\dev\Source\MapGenAI.csproj]
F:\Projects\Rimworld\active\mapgen_ai\dev\Source\MapGen\TextRegionPrompt.cs(24,83): error CS1513: }가 필요합니다. [F:\Projects\Rimworld\active\mapgen_ai\dev\Source\MapGenAI.csproj]
F:\Projects\Rimworld\active\mapgen_ai\dev\Source\MapGen\TextRegionPrompt.cs(24,86): error CS1002: ;이 필요합니다. [F:\Projects\Rimworld\active\mapgen_ai\dev\Source\MapGenAI.csproj]
F:\Projects\Rimworld\active\mapgen_ai\dev\Source\MapGen\TextRegionPrompt.cs(24,90): error CS1002: ;이 필요합니다. [F:\Projects\Rimworld\active\mapgen_ai\dev\Source\MapGenAI.csproj]
F:\Projects\Rimworld\active\mapgen_ai\dev\Source\MapGen\TextRegionPrompt.cs(24,92): error CS1002: ;이 필요합니다. [F:\Projects\Rimworld\active\mapgen_ai\dev\Source\MapGenAI.csproj]
F:\Projects\Rimworld\active\mapgen_ai\dev\Source\MapGen\TextRegionPrompt.cs(24,92): error CS1513: }가 필요합니다. [F:\Projects\Rimworld\active\mapgen_ai\dev\Source\MapGenAI.csproj]
F:\Projects\Rimworld\active\mapgen_ai\dev\Source\MapGen\TextRegionPrompt.cs(24,95): error CS1002: ;이 필요합니다. [F:\Projects\Rimworld\active\mapgen_ai\dev\Source\MapGenAI.csproj]
F:\Projects\Rimworld\active\mapgen_ai\dev\Source\MapGen\TextRegionPrompt.cs(24,99): error CS1002: ;이 필요합니다. [F:\Projects\Rimworld\active\mapgen_ai\dev\Source\MapGenAI.csproj]
F:\Projects\Rimworld\active\mapgen_ai\dev\Source\MapGen\TextRegionPrompt.cs(24,101): error CS1002: ;이 필요합니다. [F:\Projects\Rimworld\active\mapgen_ai\dev\Source\MapGenAI.csproj]
F:\Projects\Rimworld\active\mapgen_ai\dev\Source\MapGen\TextRegionPrompt.cs(24,107): error CS1003: 구문 오류입니다. ','이(가) 필요합니다. [F:\Projects\Rimworld\active\mapgen_ai\dev\Source\MapGenAI.csproj]
F:\Projects\Rimworld\active\mapgen_ai\dev\Source\MapGen\TextRegionPrompt.cs(24,228): error CS1044: for 문, using 문, fixed 문, 선언문 등에는 둘 이상의 형식을 사용할 수 없습니다. [F:\Projects\Rimworld\active\mapgen_ai\dev\Source\MapGenAI.csproj]
F:\Projects\Rimworld\active\mapgen_ai\dev\Source\MapGen\TextRegionPrompt.cs(24,234): error CS1003: 구문 오류입니다. ','이(가) 필요합니다. [F:\Projects\Rimworld\active\mapgen_ai\dev\Source\MapGenAI.csproj]
F:\Projects\Rimworld\active\mapgen_ai\dev\Source\MapGen\TextRegionPrompt.cs(25,33): error CS1002: ;이 필요합니다. [F:\Projects\Rimworld\active\mapgen_ai\dev\Source\MapGenAI.csproj]
F:\Projects\Rimworld\active\mapgen_ai\dev\Source\MapGen\TextRegionPrompt.cs(25,33): error CS1022: 형식이나 네임스페이스 정의 또는 파일 끝(EOF)이 필요합니다. [F:\Projects\Rimworld\active\mapgen_ai\dev\Source\MapGenAI.csproj]
F:\Projects\Rimworld\active\mapgen_ai\dev\Source\MapGen\TextRegionPrompt.cs(25,37): error CS1002: ;이 필요합니다. [F:\Projects\Rimworld\active\mapgen_ai\dev\Source\MapGenAI.csproj]
F:\Projects\Rimworld\active\mapgen_ai\dev\Source\MapGen\TextRegionPrompt.cs(25,43): error CS1002: ;이 필요합니다. [F:\Projects\Rimworld\active\mapgen_ai\dev\Source\MapGenAI.csproj]
F:\Projects\Rimworld\active\mapgen_ai\dev\Source\MapGen\TextRegionPrompt.cs(25,45): error CS1002: ;이 필요합니다. [F:\Projects\Rimworld\active\mapgen_ai\dev\Source\MapGenAI.csproj]
F:\Projects\Rimworld\active\mapgen_ai\dev\Source\MapGen\TextRegionPrompt.cs(25,45): error CS1513: }가 필요합니다. [F:\Projects\Rimworld\active\mapgen_ai\dev\Source\MapGenAI.csproj]
F:\Projects\Rimworld\active\mapgen_ai\dev\Source\MapGen\TextRegionPrompt.cs(25,48): error CS1002: ;이 필요합니다. [F:\Projects\Rimworld\active\mapgen_ai\dev\Source\MapGenAI.csproj]
F:\Projects\Rimworld\active\mapgen_ai\dev\Source\MapGen\TextRegionPrompt.cs(25,59): error CS1002: ;이 필요합니다. [F:\Projects\Rimworld\active\mapgen_ai\dev\Source\MapGenAI.csproj]
F:\Projects\Rimworld\active\mapgen_ai\dev\Source\MapGen\TextRegionPrompt.cs(25,61): error CS1002: ;이 필요합니다. [F:\Projects\Rimworld\active\mapgen_ai\dev\Source\MapGenAI.csproj]
F:\Projects\Rimworld\active\mapgen_ai\dev\Source\MapGen\TextRegionPrompt.cs(25,61): error CS1513: }가 필요합니다. [F:\Projects\Rimworld\active\mapgen_ai\dev\Source\MapGenAI.csproj]
F:\Projects\Rimworld\active\mapgen_ai\dev\Source\MapGen\TextRegionPrompt.cs(25,64): error CS1002: ;이 필요합니다. [F:\Projects\Rimworld\active\mapgen_ai\dev\Source\MapGenAI.csproj]
F:\Projects\Rimworld\active\mapgen_ai\dev\Source\MapGen\TextRegionPrompt.cs(25,76): error CS1002: ;이 필요합니다. [F:\Projects\Rimworld\active\mapgen_ai\dev\Source\MapGenAI.csproj]
F:\Projects\Rimworld\active\mapgen_ai\dev\Source\MapGen\TextRegionPrompt.cs(25,78): error CS1002: ;이 필요합니다. [F:\Projects\Rimworld\active\mapgen_ai\dev\Source\MapGenAI.csproj]
F:\Projects\Rimworld\active\mapgen_ai\dev\Source\MapGen\TextRegionPrompt.cs(25,78): error CS1513: }가 필요합니다. [F:\Projects\Rimworld\active\mapgen_ai\dev\Source\MapGenAI.csproj]
F:\Projects\Rimworld\active\mapgen_ai\dev\Source\MapGen\TextRegionPrompt.cs(25,80): error CS1002: ;이 필요합니다. [F:\Projects\Rimworld\active\mapgen_ai\dev\Source\MapGenAI.csproj]
F:\Projects\Rimworld\active\mapgen_ai\dev\Source\MapGen\TextRegionPrompt.cs(25,80): error CS1513: }가 필요합니다. [F:\Projects\Rimworld\active\mapgen_ai\dev\Source\MapGenAI.csproj]
F:\Projects\Rimworld\active\mapgen_ai\dev\Source\MapGen\TextRegionPrompt.cs(25,83): error CS1002: ;이 필요합니다. [F:\Projects\Rimworld\active\mapgen_ai\dev\Source\MapGenAI.csproj]
F:\Projects\Rimworld\active\mapgen_ai\dev\Source\MapGen\TextRegionPrompt.cs(25,95): error CS1002: ;이 필요합니다. [F:\Projects\Rimworld\active\mapgen_ai\dev\Source\MapGenAI.csproj]
F:\Projects\Rimworld\active\mapgen_ai\dev\Source\MapGen\TextRegionPrompt.cs(25,97): error CS1002: ;이 필요합니다. [F:\Projects\Rimworld\active\mapgen_ai\dev\Source\MapGenAI.csproj]
F:\Projects\Rimworld\active\mapgen_ai\dev\Source\MapGen\TextRegionPrompt.cs(25,97): error CS1513: }가 필요합니다. [F:\Projects\Rimworld\active\mapgen_ai\dev\Source\MapGenAI.csproj]
F:\Projects\Rimworld\active\mapgen_ai\dev\Source\MapGen\TextRegionPrompt.cs(25,99): error CS1002: ;이 필요합니다. [F:\Projects\Rimworld\active\mapgen_ai\dev\Source\MapGenAI.csproj]
F:\Projects\Rimworld\active\mapgen_ai\dev\Source\MapGen\TextRegionPrompt.cs(25,105): error CS1003: 구문 오류입니다. '='이(가) 필요합니다. [F:\Projects\Rimworld\active\mapgen_ai\dev\Source\MapGenAI.csproj]
F:\Projects\Rimworld\active\mapgen_ai\dev\Source\MapGen\TextRegionPrompt.cs(25,115): error CS1003: 구문 오류입니다. ','이(가) 필요합니다. [F:\Projects\Rimworld\active\mapgen_ai\dev\Source\MapGenAI.csproj]
F:\Projects\Rimworld\active\mapgen_ai\dev\Source\MapGen\TextRegionPrompt.cs(25,226): error CS1003: 구문 오류입니다. ','이(가) 필요합니다. [F:\Projects\Rimworld\active\mapgen_ai\dev\Source\MapGenAI.csproj]
F:\Projects\Rimworld\active\mapgen_ai\dev\Source\MapGen\TextRegionPrompt.cs(25,302): error CS1002: ;이 필요합니다. [F:\Projects\Rimworld\active\mapgen_ai\dev\Source\MapGenAI.csproj]
F:\Projects\Rimworld\active\mapgen_ai\dev\Source\MapGen\TextRegionPrompt.cs(25,302): error CS1022: 형식이나 네임스페이스 정의 또는 파일 끝(EOF)이 필요합니다. [F:\Projects\Rimworld\active\mapgen_ai\dev\Source\MapGenAI.csproj]
F:\Projects\Rimworld\active\mapgen_ai\dev\Source\MapGen\TextRegionPrompt.cs(25,313): error CS1003: 구문 오류입니다. ','이(가) 필요합니다. [F:\Projects\Rimworld\active\mapgen_ai\dev\Source\MapGenAI.csproj]
F:\Projects\Rimworld\active\mapgen_ai\dev\Source\MapGen\TextRegionPrompt.cs(26,27): error CS1044: for 문, using 문, fixed 문, 선언문 등에는 둘 이상의 형식을 사용할 수 없습니다. [F:\Projects\Rimworld\active\mapgen_ai\dev\Source\MapGenAI.csproj]
F:\Projects\Rimworld\active\mapgen_ai\dev\Source\MapGen\TextRegionPrompt.cs(26,36): error CS1003: 구문 오류입니다. ','이(가) 필요합니다. [F:\Projects\Rimworld\active\mapgen_ai\dev\Source\MapGenAI.csproj]
F:\Projects\Rimworld\active\mapgen_ai\dev\Source\MapGen\TextRegionPrompt.cs(28,15): error CS1044: for 문, using 문, fixed 문, 선언문 등에는 둘 이상의 형식을 사용할 수 없습니다. [F:\Projects\Rimworld\active\mapgen_ai\dev\Source\MapGenAI.csproj]
F:\Projects\Rimworld\active\mapgen_ai\dev\Source\MapGen\TextRegionPrompt.cs(28,25): error CS1003: 구문 오류입니다. ','이(가) 필요합니다. [F:\Projects\Rimworld\active\mapgen_ai\dev\Source\MapGenAI.csproj]
F:\Projects\Rimworld\active\mapgen_ai\dev\Source\MapGen\TextRegionPrompt.cs(28,50): error CS1002: ;이 필요합니다. [F:\Projects\Rimworld\active\mapgen_ai\dev\Source\MapGenAI.csproj]
F:\Projects\Rimworld\active\mapgen_ai\dev\Source\MapGen\TextRegionPrompt.cs(28,50): error CS1022: 형식이나 네임스페이스 정의 또는 파일 끝(EOF)이 필요합니다. [F:\Projects\Rimworld\active\mapgen_ai\dev\Source\MapGenAI.csproj]
F:\Projects\Rimworld\active\mapgen_ai\dev\Source\MapGen\TextRegionPrompt.cs(29,9): error CS1002: ;이 필요합니다. [F:\Projects\Rimworld\active\mapgen_ai\dev\Source\MapGenAI.csproj]
F:\Projects\Rimworld\active\mapgen_ai\dev\Source\MapGen\TextRegionPrompt.cs(29,14): error CS1001: 식별자가 필요합니다. [F:\Projects\Rimworld\active\mapgen_ai\dev\Source\MapGenAI.csproj]
F:\Projects\Rimworld\active\mapgen_ai\dev\Source\MapGen\TextRegionPrompt.cs(29,16): error CS1044: for 문, using 문, fixed 문, 선언문 등에는 둘 이상의 형식을 사용할 수 없습니다. [F:\Projects\Rimworld\active\mapgen_ai\dev\Source\MapGenAI.csproj]
F:\Projects\Rimworld\active\mapgen_ai\dev\Source\MapGen\TextRegionPrompt.cs(29,31): error CS1003: 구문 오류입니다. ','이(가) 필요합니다. [F:\Projects\Rimworld\active\mapgen_ai\dev\Source\MapGenAI.csproj]
F:\Projects\Rimworld\active\mapgen_ai\dev\Source\MapGen\TextRegionPrompt.cs(29,95): error CS1002: ;이 필요합니다. [F:\Projects\Rimworld\active\mapgen_ai\dev\Source\MapGenAI.csproj]
F:\Projects\Rimworld\active\mapgen_ai\dev\Source\MapGen\TextRegionPrompt.cs(29,95): error CS1022: 형식이나 네임스페이스 정의 또는 파일 끝(EOF)이 필요합니다. [F:\Projects\Rimworld\active\mapgen_ai\dev\Source\MapGenAI.csproj]
F:\Projects\Rimworld\active\mapgen_ai\dev\Source\MapGen\TextRegionPrompt.cs(29,104): error CS1003: 구문 오류입니다. ','이(가) 필요합니다. [F:\Projects\Rimworld\active\mapgen_ai\dev\Source\MapGenAI.csproj]
F:\Projects\Rimworld\active\mapgen_ai\dev\Source\MapGen\TextRegionPrompt.cs(30,216): error CS1044: for 문, using 문, fixed 문, 선언문 등에는 둘 이상의 형식을 사용할 수 없습니다. [F:\Projects\Rimworld\active\mapgen_ai\dev\Source\MapGenAI.csproj]
F:\Projects\Rimworld\active\mapgen_ai\dev\Source\MapGen\TextRegionPrompt.cs(30,222): error CS1003: 구문 오류입니다. ','이(가) 필요합니다. [F:\Projects\Rimworld\active\mapgen_ai\dev\Source\MapGenAI.csproj]
F:\Projects\Rimworld\active\mapgen_ai\dev\Source\MapGen\TextRegionPrompt.cs(30,316): error CS1002: ;이 필요합니다. [F:\Projects\Rimworld\active\mapgen_ai\dev\Source\MapGenAI.csproj]
F:\Projects\Rimworld\active\mapgen_ai\dev\Source\MapGen\TextRegionPrompt.cs(30,316): error CS1022: 형식이나 네임스페이스 정의 또는 파일 끝(EOF)이 필요합니다. [F:\Projects\Rimworld\active\mapgen_ai\dev\Source\MapGenAI.csproj]
F:\Projects\Rimworld\active\mapgen_ai\dev\Source\MapGen\TextRegionPrompt.cs(30,321): error CS1001: 식별자가 필요합니다. [F:\Projects\Rimworld\active\mapgen_ai\dev\Source\MapGenAI.csproj]
F:\Projects\Rimworld\active\mapgen_ai\dev\Source\MapGen\TextRegionPrompt.cs(31,12): error CS1002: ;이 필요합니다. [F:\Projects\Rimworld\active\mapgen_ai\dev\Source\MapGenAI.csproj]
F:\Projects\Rimworld\active\mapgen_ai\dev\Source\MapGen\TextRegionPrompt.cs(31,22): error CS1002: ;이 필요합니다. [F:\Projects\Rimworld\active\mapgen_ai\dev\Source\MapGenAI.csproj]
F:\Projects\Rimworld\active\mapgen_ai\dev\Source\MapGen\TextRegionPrompt.cs(31,37): error CS1003: 구문 오류입니다. ','이(가) 필요합니다. [F:\Projects\Rimworld\active\mapgen_ai\dev\Source\MapGenAI.csproj]
F:\Projects\Rimworld\active\mapgen_ai\dev\Source\MapGen\TextRegionPrompt.cs(31,156): error CS1002: ;이 필요합니다. [F:\Projects\Rimworld\active\mapgen_ai\dev\Source\MapGenAI.csproj]
F:\Projects\Rimworld\active\mapgen_ai\dev\Source\MapGen\TextRegionPrompt.cs(31,156): error CS1022: 형식이나 네임스페이스 정의 또는 파일 끝(EOF)이 필요합니다. [F:\Projects\Rimworld\active\mapgen_ai\dev\Source\MapGenAI.csproj]
F:\Projects\Rimworld\active\mapgen_ai\dev\Source\MapGen\TextRegionPrompt.cs(31,162): error CS1002: ;이 필요합니다. [F:\Projects\Rimworld\active\mapgen_ai\dev\Source\MapGenAI.csproj]
F:\Projects\Rimworld\active\mapgen_ai\dev\Source\MapGen\TextRegionPrompt.cs(31,175): error CS1003: 구문 오류입니다. ','이(가) 필요합니다. [F:\Projects\Rimworld\active\mapgen_ai\dev\Source\MapGenAI.csproj]
F:\Projects\Rimworld\active\mapgen_ai\dev\Source\MapGen\TextRegionPrompt.cs(31,185): error CS1044: for 문, using 문, fixed 문, 선언문 등에는 둘 이상의 형식을 사용할 수 없습니다. [F:\Projects\Rimworld\active\mapgen_ai\dev\Source\MapGenAI.csproj]
F:\Projects\Rimworld\active\mapgen_ai\dev\Source\MapGen\TextRegionPrompt.cs(31,195): error CS1003: 구문 오류입니다. ','이(가) 필요합니다. [F:\Projects\Rimworld\active\mapgen_ai\dev\Source\MapGenAI.csproj]
F:\Projects\Rimworld\active\mapgen_ai\dev\Source\MapGen\TextRegionPrompt.cs(32,52): error CS1044: for 문, using 문, fixed 문, 선언문 등에는 둘 이상의 형식을 사용할 수 없습니다. [F:\Projects\Rimworld\active\mapgen_ai\dev\Source\MapGenAI.csproj]
F:\Projects\Rimworld\active\mapgen_ai\dev\Source\MapGen\TextRegionPrompt.cs(32,59): error CS1003: 구문 오류입니다. ','이(가) 필요합니다. [F:\Projects\Rimworld\active\mapgen_ai\dev\Source\MapGenAI.csproj]
F:\Projects\Rimworld\active\mapgen_ai\dev\Source\MapGen\TextRegionPrompt.cs(32,93): error CS1002: ;이 필요합니다. [F:\Projects\Rimworld\active\mapgen_ai\dev\Source\MapGenAI.csproj]
F:\Projects\Rimworld\active\mapgen_ai\dev\Source\MapGen\TextRegionPrompt.cs(32,93): error CS1022: 형식이나 네임스페이스 정의 또는 파일 끝(EOF)이 필요합니다. [F:\Projects\Rimworld\active\mapgen_ai\dev\Source\MapGenAI.csproj]
F:\Projects\Rimworld\active\mapgen_ai\dev\Source\MapGen\TextRegionPrompt.cs(32,97): error CS1002: ;이 필요합니다. [F:\Projects\Rimworld\active\mapgen_ai\dev\Source\MapGenAI.csproj]
F:\Projects\Rimworld\active\mapgen_ai\dev\Source\MapGen\TextRegionPrompt.cs(32,101): error CS1002: ;이 필요합니다. [F:\Projects\Rimworld\active\mapgen_ai\dev\Source\MapGenAI.csproj]
F:\Projects\Rimworld\active\mapgen_ai\dev\Source\MapGen\TextRegionPrompt.cs(32,103): error CS1002: ;이 필요합니다. [F:\Projects\Rimworld\active\mapgen_ai\dev\Source\MapGenAI.csproj]
F:\Projects\Rimworld\active\mapgen_ai\dev\Source\MapGen\TextRegionPrompt.cs(32,103): error CS1513: }가 필요합니다. [F:\Projects\Rimworld\active\mapgen_ai\dev\Source\MapGenAI.csproj]
F:\Projects\Rimworld\active\mapgen_ai\dev\Source\MapGen\TextRegionPrompt.cs(32,106): error CS1002: ;이 필요합니다. [F:\Projects\Rimworld\active\mapgen_ai\dev\Source\MapGenAI.csproj]
F:\Projects\Rimworld\active\mapgen_ai\dev\Source\MapGen\TextRegionPrompt.cs(32,114): error CS1002: ;이 필요합니다. [F:\Projects\Rimworld\active\mapgen_ai\dev\Source\MapGenAI.csproj]
F:\Projects\Rimworld\active\mapgen_ai\dev\Source\MapGen\TextRegionPrompt.cs(32,116): error CS1002: ;이 필요합니다. [F:\Projects\Rimworld\active\mapgen_ai\dev\Source\MapGenAI.csproj]
F:\Projects\Rimworld\active\mapgen_ai\dev\Source\MapGen\TextRegionPrompt.cs(32,117): error CS1022: 형식이나 네임스페이스 정의 또는 파일 끝(EOF)이 필요합니다. [F:\Projects\Rimworld\active\mapgen_ai\dev\Source\MapGenAI.csproj]
F:\Projects\Rimworld\active\mapgen_ai\dev\Source\MapGen\TextRegionPrompt.cs(32,126): error CS1003: 구문 오류입니다. ','이(가) 필요합니다. [F:\Projects\Rimworld\active\mapgen_ai\dev\Source\MapGenAI.csproj]
F:\Projects\Rimworld\active\mapgen_ai\dev\Source\MapGen\TextRegionPrompt.cs(32,176): error CS1044: for 문, using 문, fixed 문, 선언문 등에는 둘 이상의 형식을 사용할 수 없습니다. [F:\Projects\Rimworld\active\mapgen_ai\dev\Source\MapGenAI.csproj]
F:\Projects\Rimworld\active\mapgen_ai\dev\Source\MapGen\TextRegionPrompt.cs(32,183): error CS1003: 구문 오류입니다. ','이(가) 필요합니다. [F:\Projects\Rimworld\active\mapgen_ai\dev\Source\MapGenAI.csproj]
F:\Projects\Rimworld\active\mapgen_ai\dev\Source\MapGen\TextRegionPrompt.cs(32,244): error CS1044: for 문, using 문, fixed 문, 선언문 등에는 둘 이상의 형식을 사용할 수 없습니다. [F:\Projects\Rimworld\active\mapgen_ai\dev\Source\MapGenAI.csproj]
F:\Projects\Rimworld\active\mapgen_ai\dev\Source\MapGen\TextRegionPrompt.cs(32,254): error CS1003: 구문 오류입니다. ','이(가) 필요합니다. [F:\Projects\Rimworld\active\mapgen_ai\dev\Source\MapGenAI.csproj]
F:\Projects\Rimworld\active\mapgen_ai\dev\Source\MapGen\TextRegionPrompt.cs(32,339): error CS1044: for 문, using 문, fixed 문, 선언문 등에는 둘 이상의 형식을 사용할 수 없습니다. [F:\Projects\Rimworld\active\mapgen_ai\dev\Source\MapGenAI.csproj]
F:\Projects\Rimworld\active\mapgen_ai\dev\Source\MapGen\TextRegionPrompt.cs(32,345): error CS1003: 구문 오류입니다. ','이(가) 필요합니다. [F:\Projects\Rimworld\active\mapgen_ai\dev\Source\MapGenAI.csproj]
F:\Projects\Rimworld\active\mapgen_ai\dev\Source\MapGen\TextRegionPrompt.cs(32,406): error CS1002: ;이 필요합니다. [F:\Projects\Rimworld\active\mapgen_ai\dev\Source\MapGenAI.csproj]
F:\Projects\Rimworld\active\mapgen_ai\dev\Source\MapGen\TextRegionPrompt.cs(32,420): error CS1001: 식별자가 필요합니다. [F:\Projects\Rimworld\active\mapgen_ai\dev\Source\MapGenAI.csproj]
F:\Projects\Rimworld\active\mapgen_ai\dev\Source\MapGen\TextRegionPrompt.cs(33,7): error CS1002: ;이 필요합니다. [F:\Projects\Rimworld\active\mapgen_ai\dev\Source\MapGenAI.csproj]
F:\Projects\Rimworld\active\mapgen_ai\dev\Source\MapGen\TextRegionPrompt.cs(33,14): error CS1001: 식별자가 필요합니다. [F:\Projects\Rimworld\active\mapgen_ai\dev\Source\MapGenAI.csproj]
F:\Projects\Rimworld\active\mapgen_ai\dev\Source\MapGen\TextRegionPrompt.cs(33,16): error CS1044: for 문, using 문, fixed 문, 선언문 등에는 둘 이상의 형식을 사용할 수 없습니다. [F:\Projects\Rimworld\active\mapgen_ai\dev\Source\MapGenAI.csproj]
F:\Projects\Rimworld\active\mapgen_ai\dev\Source\MapGen\TextRegionPrompt.cs(33,25): error CS1003: 구문 오류입니다. ','이(가) 필요합니다. [F:\Projects\Rimworld\active\mapgen_ai\dev\Source\MapGenAI.csproj]
F:\Projects\Rimworld\active\mapgen_ai\dev\Source\MapGen\TextRegionPrompt.cs(33,35): error CS1044: for 문, using 문, fixed 문, 선언문 등에는 둘 이상의 형식을 사용할 수 없습니다. [F:\Projects\Rimworld\active\mapgen_ai\dev\Source\MapGenAI.csproj]
F:\Projects\Rimworld\active\mapgen_ai\dev\Source\MapGen\TextRegionPrompt.cs(33,41): error CS1003: 구문 오류입니다. ','이(가) 필요합니다. [F:\Projects\Rimworld\active\mapgen_ai\dev\Source\MapGenAI.csproj]
F:\Projects\Rimworld\active\mapgen_ai\dev\Source\MapGen\TextRegionPrompt.cs(33,102): error CS1002: ;이 필요합니다. [F:\Projects\Rimworld\active\mapgen_ai\dev\Source\MapGenAI.csproj]
F:\Projects\Rimworld\active\mapgen_ai\dev\Source\MapGen\TextRegionPrompt.cs(33,102): error CS1022: 형식이나 네임스페이스 정의 또는 파일 끝(EOF)이 필요합니다. [F:\Projects\Rimworld\active\mapgen_ai\dev\Source\MapGenAI.csproj]
F:\Projects\Rimworld\active\mapgen_ai\dev\Source\MapGen\TextRegionPrompt.cs(33,112): error CS1003: 구문 오류입니다. ','이(가) 필요합니다. [F:\Projects\Rimworld\active\mapgen_ai\dev\Source\MapGenAI.csproj]
F:\Projects\Rimworld\active\mapgen_ai\dev\Source\MapGen\TextRegionPrompt.cs(33,113): error CS1002: ;이 필요합니다. [F:\Projects\Rimworld\active\mapgen_ai\dev\Source\MapGenAI.csproj]
F:\Projects\Rimworld\active\mapgen_ai\dev\Source\MapGen\TextRegionPrompt.cs(33,113): error CS1022: 형식이나 네임스페이스 정의 또는 파일 끝(EOF)이 필요합니다. [F:\Projects\Rimworld\active\mapgen_ai\dev\Source\MapGenAI.csproj]
F:\Projects\Rimworld\active\mapgen_ai\dev\Source\MapGen\TextRegionPrompt.cs(33,140): error CS1002: ;이 필요합니다. [F:\Projects\Rimworld\active\mapgen_ai\dev\Source\MapGenAI.csproj]
F:\Projects\Rimworld\active\mapgen_ai\dev\Source\MapGen\TextRegionPrompt.cs(33,155): error CS1003: 구문 오류입니다. ','이(가) 필요합니다. [F:\Projects\Rimworld\active\mapgen_ai\dev\Source\MapGenAI.csproj]
F:\Projects\Rimworld\active\mapgen_ai\dev\Source\MapGen\TextRegionPrompt.cs(33,163): error CS1044: for 문, using 문, fixed 문, 선언문 등에는 둘 이상의 형식을 사용할 수 없습니다. [F:\Projects\Rimworld\active\mapgen_ai\dev\Source\MapGenAI.csproj]
F:\Projects\Rimworld\active\mapgen_ai\dev\Source\MapGen\TextRegionPrompt.cs(33,167): error CS1003: 구문 오류입니다. ','이(가) 필요합니다. [F:\Projects\Rimworld\active\mapgen_ai\dev\Source\MapGenAI.csproj]
F:\Projects\Rimworld\active\mapgen_ai\dev\Source\MapGen\TextRegionPrompt.cs(33,223): error CS1002: ;이 필요합니다. [F:\Projects\Rimworld\active\mapgen_ai\dev\Source\MapGenAI.csproj]
F:\Projects\Rimworld\active\mapgen_ai\dev\Source\MapGen\TextRegionPrompt.cs(33,223): error CS1022: 형식이나 네임스페이스 정의 또는 파일 끝(EOF)이 필요합니다. [F:\Projects\Rimworld\active\mapgen_ai\dev\Source\MapGenAI.csproj]
F:\Projects\Rimworld\active\mapgen_ai\dev\Source\MapGen\TextRegionPrompt.cs(33,235): error CS1003: 구문 오류입니다. ','이(가) 필요합니다. [F:\Projects\Rimworld\active\mapgen_ai\dev\Source\MapGenAI.csproj]
F:\Projects\Rimworld\active\mapgen_ai\dev\Source\MapGen\TextRegionPrompt.cs(33,307): error CS1044: for 문, using 문, fixed 문, 선언문 등에는 둘 이상의 형식을 사용할 수 없습니다. [F:\Projects\Rimworld\active\mapgen_ai\dev\Source\MapGenAI.csproj]
F:\Projects\Rimworld\active\mapgen_ai\dev\Source\MapGen\TextRegionPrompt.cs(33,318): error CS1003: 구문 오류입니다. ','이(가) 필요합니다. [F:\Projects\Rimworld\active\mapgen_ai\dev\Source\MapGenAI.csproj]
F:\Projects\Rimworld\active\mapgen_ai\dev\Source\MapGen\TextRegionPrompt.cs(34,54): error CS1003: 구문 오류입니다. ','이(가) 필요합니다. [F:\Projects\Rimworld\active\mapgen_ai\dev\Source\MapGenAI.csproj]
F:\Projects\Rimworld\active\mapgen_ai\dev\Source\MapGen\TextRegionPrompt.cs(34,55): error CS1002: ;이 필요합니다. [F:\Projects\Rimworld\active\mapgen_ai\dev\Source\MapGenAI.csproj]
F:\Projects\Rimworld\active\mapgen_ai\dev\Source\MapGen\TextRegionPrompt.cs(34,55): error CS1022: 형식이나 네임스페이스 정의 또는 파일 끝(EOF)이 필요합니다. [F:\Projects\Rimworld\active\mapgen_ai\dev\Source\MapGenAI.csproj]
F:\Projects\Rimworld\active\mapgen_ai\dev\Source\MapGen\TextRegionPrompt.cs(34,60): error CS1002: ;이 필요합니다. [F:\Projects\Rimworld\active\mapgen_ai\dev\Source\MapGenAI.csproj]
F:\Projects\Rimworld\active\mapgen_ai\dev\Source\MapGen\TextRegionPrompt.cs(34,66): error CS1002: ;이 필요합니다. [F:\Projects\Rimworld\active\mapgen_ai\dev\Source\MapGenAI.csproj]
F:\Projects\Rimworld\active\mapgen_ai\dev\Source\MapGen\TextRegionPrompt.cs(34,68): error CS1002: ;이 필요합니다. [F:\Projects\Rimworld\active\mapgen_ai\dev\Source\MapGenAI.csproj]
F:\Projects\Rimworld\active\mapgen_ai\dev\Source\MapGen\TextRegionPrompt.cs(34,68): error CS1513: }가 필요합니다. [F:\Projects\Rimworld\active\mapgen_ai\dev\Source\MapGenAI.csproj]
F:\Projects\Rimworld\active\mapgen_ai\dev\Source\MapGen\TextRegionPrompt.cs(34,71): error CS1002: ;이 필요합니다. [F:\Projects\Rimworld\active\mapgen_ai\dev\Source\MapGenAI.csproj]
F:\Projects\Rimworld\active\mapgen_ai\dev\Source\MapGen\TextRegionPrompt.cs(34,79): error CS1002: ;이 필요합니다. [F:\Projects\Rimworld\active\mapgen_ai\dev\Source\MapGenAI.csproj]
F:\Projects\Rimworld\active\mapgen_ai\dev\Source\MapGen\TextRegionPrompt.cs(34,81): error CS1002: ;이 필요합니다. [F:\Projects\Rimworld\active\mapgen_ai\dev\Source\MapGenAI.csproj]
F:\Projects\Rimworld\active\mapgen_ai\dev\Source\MapGen\TextRegionPrompt.cs(34,81): error CS1513: }가 필요합니다. [F:\Projects\Rimworld\active\mapgen_ai\dev\Source\MapGenAI.csproj]
F:\Projects\Rimworld\active\mapgen_ai\dev\Source\MapGen\TextRegionPrompt.cs(34,84): error CS1002: ;이 필요합니다. [F:\Projects\Rimworld\active\mapgen_ai\dev\Source\MapGenAI.csproj]
F:\Projects\Rimworld\active\mapgen_ai\dev\Source\MapGen\TextRegionPrompt.cs(34,84): error CS1513: }가 필요합니다. [F:\Projects\Rimworld\active\mapgen_ai\dev\Source\MapGenAI.csproj]
F:\Projects\Rimworld\active\mapgen_ai\dev\Source\MapGen\TextRegionPrompt.cs(34,92): error CS1002: ;이 필요합니다. [F:\Projects\Rimworld\active\mapgen_ai\dev\Source\MapGenAI.csproj]
F:\Projects\Rimworld\active\mapgen_ai\dev\Source\MapGen\TextRegionPrompt.cs(34,92): error CS1513: }가 필요합니다. [F:\Projects\Rimworld\active\mapgen_ai\dev\Source\MapGenAI.csproj]
F:\Projects\Rimworld\active\mapgen_ai\dev\Source\MapGen\TextRegionPrompt.cs(34,96): error CS1002: ;이 필요합니다. [F:\Projects\Rimworld\active\mapgen_ai\dev\Source\MapGenAI.csproj]
F:\Projects\Rimworld\active\mapgen_ai\dev\Source\MapGen\TextRegionPrompt.cs(34,105): error CS1002: ;이 필요합니다. [F:\Projects\Rimworld\active\mapgen_ai\dev\Source\MapGenAI.csproj]
F:\Projects\Rimworld\active\mapgen_ai\dev\Source\MapGen\TextRegionPrompt.cs(34,107): error CS1002: ;이 필요합니다. [F:\Projects\Rimworld\active\mapgen_ai\dev\Source\MapGenAI.csproj]
F:\Projects\Rimworld\active\mapgen_ai\dev\Source\MapGen\TextRegionPrompt.cs(34,107): error CS1513: }가 필요합니다. [F:\Projects\Rimworld\active\mapgen_ai\dev\Source\MapGenAI.csproj]
F:\Projects\Rimworld\active\mapgen_ai\dev\Source\MapGen\TextRegionPrompt.cs(34,109): error CS1001: 식별자가 필요합니다. [F:\Projects\Rimworld\active\mapgen_ai\dev\Source\MapGenAI.csproj]
F:\Projects\Rimworld\active\mapgen_ai\dev\Source\MapGen\TextRegionPrompt.cs(34,109): error CS1003: 구문 오류입니다. ']'이(가) 필요합니다. [F:\Projects\Rimworld\active\mapgen_ai\dev\Source\MapGenAI.csproj]
F:\Projects\Rimworld\active\mapgen_ai\dev\Source\MapGen\TextRegionPrompt.cs(34,112): error CS1002: ;이 필요합니다. [F:\Projects\Rimworld\active\mapgen_ai\dev\Source\MapGenAI.csproj]
F:\Projects\Rimworld\active\mapgen_ai\dev\Source\MapGen\TextRegionPrompt.cs(34,114): error CS1002: ;이 필요합니다. [F:\Projects\Rimworld\active\mapgen_ai\dev\Source\MapGenAI.csproj]
F:\Projects\Rimworld\active\mapgen_ai\dev\Source\MapGen\TextRegionPrompt.cs(34,116): error CS1002: ;이 필요합니다. [F:\Projects\Rimworld\active\mapgen_ai\dev\Source\MapGenAI.csproj]
F:\Projects\Rimworld\active\mapgen_ai\dev\Source\MapGen\TextRegionPrompt.cs(34,116): error CS1513: }가 필요합니다. [F:\Projects\Rimworld\active\mapgen_ai\dev\Source\MapGenAI.csproj]
F:\Projects\Rimworld\active\mapgen_ai\dev\Source\MapGen\TextRegionPrompt.cs(34,119): error CS1002: ;이 필요합니다. [F:\Projects\Rimworld\active\mapgen_ai\dev\Source\MapGenAI.csproj]
F:\Projects\Rimworld\active\mapgen_ai\dev\Source\MapGen\TextRegionPrompt.cs(34,122): error CS1002: ;이 필요합니다. [F:\Projects\Rimworld\active\mapgen_ai\dev\Source\MapGenAI.csproj]
F:\Projects\Rimworld\active\mapgen_ai\dev\Source\MapGen\TextRegionPrompt.cs(34,124): error CS1002: ;이 필요합니다. [F:\Projects\Rimworld\active\mapgen_ai\dev\Source\MapGenAI.csproj]
F:\Projects\Rimworld\active\mapgen_ai\dev\Source\MapGen\TextRegionPrompt.cs(34,124): error CS1513: }가 필요합니다. [F:\Projects\Rimworld\active\mapgen_ai\dev\Source\MapGenAI.csproj]
F:\Projects\Rimworld\active\mapgen_ai\dev\Source\MapGen\TextRegionPrompt.cs(34,127): error CS1002: ;이 필요합니다. [F:\Projects\Rimworld\active\mapgen_ai\dev\Source\MapGenAI.csproj]
F:\Projects\Rimworld\active\mapgen_ai\dev\Source\MapGen\TextRegionPrompt.cs(34,132): error CS1002: ;이 필요합니다. [F:\Projects\Rimworld\active\mapgen_ai\dev\Source\MapGenAI.csproj]
F:\Projects\Rimworld\active\mapgen_ai\dev\Source\MapGen\TextRegionPrompt.cs(34,134): error CS1002: ;이 필요합니다. [F:\Projects\Rimworld\active\mapgen_ai\dev\Source\MapGenAI.csproj]
F:\Projects\Rimworld\active\mapgen_ai\dev\Source\MapGen\TextRegionPrompt.cs(34,134): error CS1513: }가 필요합니다. [F:\Projects\Rimworld\active\mapgen_ai\dev\Source\MapGenAI.csproj]
F:\Projects\Rimworld\active\mapgen_ai\dev\Source\MapGen\TextRegionPrompt.cs(34,138): error CS1002: ;이 필요합니다. [F:\Projects\Rimworld\active\mapgen_ai\dev\Source\MapGenAI.csproj]
F:\Projects\Rimworld\active\mapgen_ai\dev\Source\MapGen\TextRegionPrompt.cs(34,140): error CS1002: ;이 필요합니다. [F:\Projects\Rimworld\active\mapgen_ai\dev\Source\MapGenAI.csproj]
F:\Projects\Rimworld\active\mapgen_ai\dev\Source\MapGen\TextRegionPrompt.cs(34,142): error CS1002: ;이 필요합니다. [F:\Projects\Rimworld\active\mapgen_ai\dev\Source\MapGenAI.csproj]
F:\Projects\Rimworld\active\mapgen_ai\dev\Source\MapGen\TextRegionPrompt.cs(34,142): error CS1513: }가 필요합니다. [F:\Projects\Rimworld\active\mapgen_ai\dev\Source\MapGenAI.csproj]
F:\Projects\Rimworld\active\mapgen_ai\dev\Source\MapGen\TextRegionPrompt.cs(34,145): error CS1002: ;이 필요합니다. [F:\Projects\Rimworld\active\mapgen_ai\dev\Source\MapGenAI.csproj]
F:\Projects\Rimworld\active\mapgen_ai\dev\Source\MapGen\TextRegionPrompt.cs(34,154): error CS1002: ;이 필요합니다. [F:\Projects\Rimworld\active\mapgen_ai\dev\Source\MapGenAI.csproj]
F:\Projects\Rimworld\active\mapgen_ai\dev\Source\MapGen\TextRegionPrompt.cs(34,156): error CS1002: ;이 필요합니다. [F:\Projects\Rimworld\active\mapgen_ai\dev\Source\MapGenAI.csproj]
F:\Projects\Rimworld\active\mapgen_ai\dev\Source\MapGen\TextRegionPrompt.cs(34,156): error CS1513: }가 필요합니다. [F:\Projects\Rimworld\active\mapgen_ai\dev\Source\MapGenAI.csproj]
F:\Projects\Rimworld\active\mapgen_ai\dev\Source\MapGen\TextRegionPrompt.cs(34,159): error CS1002: ;이 필요합니다. [F:\Projects\Rimworld\active\mapgen_ai\dev\Source\MapGenAI.csproj]
F:\Projects\Rimworld\active\mapgen_ai\dev\Source\MapGen\TextRegionPrompt.cs(34,163): error CS1002: ;이 필요합니다. [F:\Projects\Rimworld\active\mapgen_ai\dev\Source\MapGenAI.csproj]
F:\Projects\Rimworld\active\mapgen_ai\dev\Source\MapGen\TextRegionPrompt.cs(34,165): error CS1002: ;이 필요합니다. [F:\Projects\Rimworld\active\mapgen_ai\dev\Source\MapGenAI.csproj]
F:\Projects\Rimworld\active\mapgen_ai\dev\Source\MapGen\TextRegionPrompt.cs(34,165): error CS1513: }가 필요합니다. [F:\Projects\Rimworld\active\mapgen_ai\dev\Source\MapGenAI.csproj]
F:\Projects\Rimworld\active\mapgen_ai\dev\Source\MapGen\TextRegionPrompt.cs(34,168): error CS1002: ;이 필요합니다. [F:\Projects\Rimworld\active\mapgen_ai\dev\Source\MapGenAI.csproj]
F:\Projects\Rimworld\active\mapgen_ai\dev\Source\MapGen\TextRegionPrompt.cs(34,177): error CS1002: ;이 필요합니다. [F:\Projects\Rimworld\active\mapgen_ai\dev\Source\MapGenAI.csproj]
F:\Projects\Rimworld\active\mapgen_ai\dev\Source\MapGen\TextRegionPrompt.cs(34,179): error CS1002: ;이 필요합니다. [F:\Projects\Rimworld\active\mapgen_ai\dev\Source\MapGenAI.csproj]
F:\Projects\Rimworld\active\mapgen_ai\dev\Source\MapGen\TextRegionPrompt.cs(34,179): error CS1513: }가 필요합니다. [F:\Projects\Rimworld\active\mapgen_ai\dev\Source\MapGenAI.csproj]
F:\Projects\Rimworld\active\mapgen_ai\dev\Source\MapGen\TextRegionPrompt.cs(34,182): error CS1002: ;이 필요합니다. [F:\Projects\Rimworld\active\mapgen_ai\dev\Source\MapGenAI.csproj]
F:\Projects\Rimworld\active\mapgen_ai\dev\Source\MapGen\TextRegionPrompt.cs(34,188): error CS1002: ;이 필요합니다. [F:\Projects\Rimworld\active\mapgen_ai\dev\Source\MapGenAI.csproj]
F:\Projects\Rimworld\active\mapgen_ai\dev\Source\MapGen\TextRegionPrompt.cs(34,190): error CS1002: ;이 필요합니다. [F:\Projects\Rimworld\active\mapgen_ai\dev\Source\MapGenAI.csproj]
F:\Projects\Rimworld\active\mapgen_ai\dev\Source\MapGen\TextRegionPrompt.cs(34,190): error CS1513: }가 필요합니다. [F:\Projects\Rimworld\active\mapgen_ai\dev\Source\MapGenAI.csproj]
F:\Projects\Rimworld\active\mapgen_ai\dev\Source\MapGen\TextRegionPrompt.cs(34,192): error CS1001: 식별자가 필요합니다. [F:\Projects\Rimworld\active\mapgen_ai\dev\Source\MapGenAI.csproj]
F:\Projects\Rimworld\active\mapgen_ai\dev\Source\MapGen\TextRegionPrompt.cs(34,192): error CS1003: 구문 오류입니다. ']'이(가) 필요합니다. [F:\Projects\Rimworld\active\mapgen_ai\dev\Source\MapGenAI.csproj]
F:\Projects\Rimworld\active\mapgen_ai\dev\Source\MapGen\TextRegionPrompt.cs(34,195): error CS1002: ;이 필요합니다. [F:\Projects\Rimworld\active\mapgen_ai\dev\Source\MapGenAI.csproj]
F:\Projects\Rimworld\active\mapgen_ai\dev\Source\MapGen\TextRegionPrompt.cs(34,197): error CS1002: ;이 필요합니다. [F:\Projects\Rimworld\active\mapgen_ai\dev\Source\MapGenAI.csproj]
F:\Projects\Rimworld\active\mapgen_ai\dev\Source\MapGen\TextRegionPrompt.cs(34,199): error CS1002: ;이 필요합니다. [F:\Projects\Rimworld\active\mapgen_ai\dev\Source\MapGenAI.csproj]
F:\Projects\Rimworld\active\mapgen_ai\dev\Source\MapGen\TextRegionPrompt.cs(34,199): error CS1513: }가 필요합니다. [F:\Projects\Rimworld\active\mapgen_ai\dev\Source\MapGenAI.csproj]
F:\Projects\Rimworld\active\mapgen_ai\dev\Source\MapGen\TextRegionPrompt.cs(34,202): error CS1002: ;이 필요합니다. [F:\Projects\Rimworld\active\mapgen_ai\dev\Source\MapGenAI.csproj]
F:\Projects\Rimworld\active\mapgen_ai\dev\Source\MapGen\TextRegionPrompt.cs(34,205): error CS1002: ;이 필요합니다. [F:\Projects\Rimworld\active\mapgen_ai\dev\Source\MapGenAI.csproj]
F:\Projects\Rimworld\active\mapgen_ai\dev\Source\MapGen\TextRegionPrompt.cs(34,207): error CS1002: ;이 필요합니다. [F:\Projects\Rimworld\active\mapgen_ai\dev\Source\MapGenAI.csproj]
F:\Projects\Rimworld\active\mapgen_ai\dev\Source\MapGen\TextRegionPrompt.cs(34,207): error CS1513: }가 필요합니다. [F:\Projects\Rimworld\active\mapgen_ai\dev\Source\MapGenAI.csproj]
F:\Projects\Rimworld\active\mapgen_ai\dev\Source\MapGen\TextRegionPrompt.cs(34,210): error CS1002: ;이 필요합니다. [F:\Projects\Rimworld\active\mapgen_ai\dev\Source\MapGenAI.csproj]
F:\Projects\Rimworld\active\mapgen_ai\dev\Source\MapGen\TextRegionPrompt.cs(34,214): error CS1002: ;이 필요합니다. [F:\Projects\Rimworld\active\mapgen_ai\dev\Source\MapGenAI.csproj]
F:\Projects\Rimworld\active\mapgen_ai\dev\Source\MapGen\TextRegionPrompt.cs(34,216): error CS1002: ;이 필요합니다. [F:\Projects\Rimworld\active\mapgen_ai\dev\Source\MapGenAI.csproj]
F:\Projects\Rimworld\active\mapgen_ai\dev\Source\MapGen\TextRegionPrompt.cs(34,216): error CS1513: }가 필요합니다. [F:\Projects\Rimworld\active\mapgen_ai\dev\Source\MapGenAI.csproj]
F:\Projects\Rimworld\active\mapgen_ai\dev\Source\MapGen\TextRegionPrompt.cs(34,219): error CS1002: ;이 필요합니다. [F:\Projects\Rimworld\active\mapgen_ai\dev\Source\MapGenAI.csproj]
F:\Projects\Rimworld\active\mapgen_ai\dev\Source\MapGen\TextRegionPrompt.cs(34,223): error CS1002: ;이 필요합니다. [F:\Projects\Rimworld\active\mapgen_ai\dev\Source\MapGenAI.csproj]
F:\Projects\Rimworld\active\mapgen_ai\dev\Source\MapGen\TextRegionPrompt.cs(34,225): error CS1002: ;이 필요합니다. [F:\Projects\Rimworld\active\mapgen_ai\dev\Source\MapGenAI.csproj]
F:\Projects\Rimworld\active\mapgen_ai\dev\Source\MapGen\TextRegionPrompt.cs(34,225): error CS1513: }가 필요합니다. [F:\Projects\Rimworld\active\mapgen_ai\dev\Source\MapGenAI.csproj]
F:\Projects\Rimworld\active\mapgen_ai\dev\Source\MapGen\TextRegionPrompt.cs(34,228): error CS1002: ;이 필요합니다. [F:\Projects\Rimworld\active\mapgen_ai\dev\Source\MapGenAI.csproj]
F:\Projects\Rimworld\active\mapgen_ai\dev\Source\MapGen\TextRegionPrompt.cs(34,234): error CS1002: ;이 필요합니다. [F:\Projects\Rimworld\active\mapgen_ai\dev\Source\MapGenAI.csproj]
F:\Projects\Rimworld\active\mapgen_ai\dev\Source\MapGen\TextRegionPrompt.cs(34,236): error CS1002: ;이 필요합니다. [F:\Projects\Rimworld\active\mapgen_ai\dev\Source\MapGenAI.csproj]
F:\Projects\Rimworld\active\mapgen_ai\dev\Source\MapGen\TextRegionPrompt.cs(34,236): error CS1513: }가 필요합니다. [F:\Projects\Rimworld\active\mapgen_ai\dev\Source\MapGenAI.csproj]
F:\Projects\Rimworld\active\mapgen_ai\dev\Source\MapGen\TextRegionPrompt.cs(34,247): error CS1002: ;이 필요합니다. [F:\Projects\Rimworld\active\mapgen_ai\dev\Source\MapGenAI.csproj]
F:\Projects\Rimworld\active\mapgen_ai\dev\Source\MapGen\TextRegionPrompt.cs(34,247): error CS1513: }가 필요합니다. [F:\Projects\Rimworld\active\mapgen_ai\dev\Source\MapGenAI.csproj]
F:\Projects\Rimworld\active\mapgen_ai\dev\Source\MapGen\TextRegionPrompt.cs(34,250): error CS1002: ;이 필요합니다. [F:\Projects\Rimworld\active\mapgen_ai\dev\Source\MapGenAI.csproj]
F:\Projects\Rimworld\active\mapgen_ai\dev\Source\MapGen\TextRegionPrompt.cs(34,251): error CS1002: ;이 필요합니다. [F:\Projects\Rimworld\active\mapgen_ai\dev\Source\MapGenAI.csproj]
F:\Projects\Rimworld\active\mapgen_ai\dev\Source\MapGen\TextRegionPrompt.cs(34,253): error CS1002: ;이 필요합니다. [F:\Projects\Rimworld\active\mapgen_ai\dev\Source\MapGenAI.csproj]
F:\Projects\Rimworld\active\mapgen_ai\dev\Source\MapGen\TextRegionPrompt.cs(34,253): error CS1513: }가 필요합니다. [F:\Projects\Rimworld\active\mapgen_ai\dev\Source\MapGenAI.csproj]
F:\Projects\Rimworld\active\mapgen_ai\dev\Source\MapGen\TextRegionPrompt.cs(34,257): error CS1002: ;이 필요합니다. [F:\Projects\Rimworld\active\mapgen_ai\dev\Source\MapGenAI.csproj]
F:\Projects\Rimworld\active\mapgen_ai\dev\Source\MapGen\TextRegionPrompt.cs(34,257): error CS1513: }가 필요합니다. [F:\Projects\Rimworld\active\mapgen_ai\dev\Source\MapGenAI.csproj]
F:\Projects\Rimworld\active\mapgen_ai\dev\Source\MapGen\TextRegionPrompt.cs(34,260): error CS1002: ;이 필요합니다. [F:\Projects\Rimworld\active\mapgen_ai\dev\Source\MapGenAI.csproj]
F:\Projects\Rimworld\active\mapgen_ai\dev\Source\MapGen\TextRegionPrompt.cs(34,261): error CS1002: ;이 필요합니다. [F:\Projects\Rimworld\active\mapgen_ai\dev\Source\MapGenAI.csproj]
F:\Projects\Rimworld\active\mapgen_ai\dev\Source\MapGen\TextRegionPrompt.cs(34,263): error CS1002: ;이 필요합니다. [F:\Projects\Rimworld\active\mapgen_ai\dev\Source\MapGenAI.csproj]
F:\Projects\Rimworld\active\mapgen_ai\dev\Source\MapGen\TextRegionPrompt.cs(34,263): error CS1513: }가 필요합니다. [F:\Projects\Rimworld\active\mapgen_ai\dev\Source\MapGenAI.csproj]
F:\Projects\Rimworld\active\mapgen_ai\dev\Source\MapGen\TextRegionPrompt.cs(34,268): error CS1002: ;이 필요합니다. [F:\Projects\Rimworld\active\mapgen_ai\dev\Source\MapGenAI.csproj]
F:\Projects\Rimworld\active\mapgen_ai\dev\Source\MapGen\TextRegionPrompt.cs(34,269): error CS1513: }가 필요합니다. [F:\Projects\Rimworld\active\mapgen_ai\dev\Source\MapGenAI.csproj]
F:\Projects\Rimworld\active\mapgen_ai\dev\Source\MapGen\TextRegionPrompt.cs(34,273): error CS1002: ;이 필요합니다. [F:\Projects\Rimworld\active\mapgen_ai\dev\Source\MapGenAI.csproj]
F:\Projects\Rimworld\active\mapgen_ai\dev\Source\MapGen\TextRegionPrompt.cs(34,280): error CS1002: ;이 필요합니다. [F:\Projects\Rimworld\active\mapgen_ai\dev\Source\MapGenAI.csproj]
F:\Projects\Rimworld\active\mapgen_ai\dev\Source\MapGen\TextRegionPrompt.cs(34,282): error CS1002: ;이 필요합니다. [F:\Projects\Rimworld\active\mapgen_ai\dev\Source\MapGenAI.csproj]
F:\Projects\Rimworld\active\mapgen_ai\dev\Source\MapGen\TextRegionPrompt.cs(34,282): error CS1513: }가 필요합니다. [F:\Projects\Rimworld\active\mapgen_ai\dev\Source\MapGenAI.csproj]
F:\Projects\Rimworld\active\mapgen_ai\dev\Source\MapGen\TextRegionPrompt.cs(34,284): error CS1001: 식별자가 필요합니다. [F:\Projects\Rimworld\active\mapgen_ai\dev\Source\MapGenAI.csproj]
F:\Projects\Rimworld\active\mapgen_ai\dev\Source\MapGen\TextRegionPrompt.cs(34,284): error CS1003: 구문 오류입니다. ']'이(가) 필요합니다. [F:\Projects\Rimworld\active\mapgen_ai\dev\Source\MapGenAI.csproj]
F:\Projects\Rimworld\active\mapgen_ai\dev\Source\MapGen\TextRegionPrompt.cs(34,287): error CS1002: ;이 필요합니다. [F:\Projects\Rimworld\active\mapgen_ai\dev\Source\MapGenAI.csproj]
F:\Projects\Rimworld\active\mapgen_ai\dev\Source\MapGen\TextRegionPrompt.cs(34,289): error CS1002: ;이 필요합니다. [F:\Projects\Rimworld\active\mapgen_ai\dev\Source\MapGenAI.csproj]
F:\Projects\Rimworld\active\mapgen_ai\dev\Source\MapGen\TextRegionPrompt.cs(34,291): error CS1002: ;이 필요합니다. [F:\Projects\Rimworld\active\mapgen_ai\dev\Source\MapGenAI.csproj]
F:\Projects\Rimworld\active\mapgen_ai\dev\Source\MapGen\TextRegionPrompt.cs(34,291): error CS1513: }가 필요합니다. [F:\Projects\Rimworld\active\mapgen_ai\dev\Source\MapGenAI.csproj]
F:\Projects\Rimworld\active\mapgen_ai\dev\Source\MapGen\TextRegionPrompt.cs(34,294): error CS1002: ;이 필요합니다. [F:\Projects\Rimworld\active\mapgen_ai\dev\Source\MapGenAI.csproj]
F:\Projects\Rimworld\active\mapgen_ai\dev\Source\MapGen\TextRegionPrompt.cs(34,297): error CS1002: ;이 필요합니다. [F:\Projects\Rimworld\active\mapgen_ai\dev\Source\MapGenAI.csproj]
F:\Projects\Rimworld\active\mapgen_ai\dev\Source\MapGen\TextRegionPrompt.cs(34,299): error CS1002: ;이 필요합니다. [F:\Projects\Rimworld\active\mapgen_ai\dev\Source\MapGenAI.csproj]
F:\Projects\Rimworld\active\mapgen_ai\dev\Source\MapGen\TextRegionPrompt.cs(34,299): error CS1513: }가 필요합니다. [F:\Projects\Rimworld\active\mapgen_ai\dev\Source\MapGenAI.csproj]
F:\Projects\Rimworld\active\mapgen_ai\dev\Source\MapGen\TextRegionPrompt.cs(34,302): error CS1002: ;이 필요합니다. [F:\Projects\Rimworld\active\mapgen_ai\dev\Source\MapGenAI.csproj]
F:\Projects\Rimworld\active\mapgen_ai\dev\Source\MapGen\TextRegionPrompt.cs(34,303): error CS1002: ;이 필요합니다. [F:\Projects\Rimworld\active\mapgen_ai\dev\Source\MapGenAI.csproj]
F:\Projects\Rimworld\active\mapgen_ai\dev\Source\MapGen\TextRegionPrompt.cs(34,305): error CS1002: ;이 필요합니다. [F:\Projects\Rimworld\active\mapgen_ai\dev\Source\MapGenAI.csproj]
F:\Projects\Rimworld\active\mapgen_ai\dev\Source\MapGen\TextRegionPrompt.cs(34,305): error CS1513: }가 필요합니다. [F:\Projects\Rimworld\active\mapgen_ai\dev\Source\MapGenAI.csproj]
F:\Projects\Rimworld\active\mapgen_ai\dev\Source\MapGen\TextRegionPrompt.cs(34,308): error CS1002: ;이 필요합니다. [F:\Projects\Rimworld\active\mapgen_ai\dev\Source\MapGenAI.csproj]
F:\Projects\Rimworld\active\mapgen_ai\dev\Source\MapGen\TextRegionPrompt.cs(34,311): error CS1002: ;이 필요합니다. [F:\Projects\Rimworld\active\mapgen_ai\dev\Source\MapGenAI.csproj]
F:\Projects\Rimworld\active\mapgen_ai\dev\Source\MapGen\TextRegionPrompt.cs(34,313): error CS1002: ;이 필요합니다. [F:\Projects\Rimworld\active\mapgen_ai\dev\Source\MapGenAI.csproj]
F:\Projects\Rimworld\active\mapgen_ai\dev\Source\MapGen\TextRegionPrompt.cs(34,313): error CS1513: }가 필요합니다. [F:\Projects\Rimworld\active\mapgen_ai\dev\Source\MapGenAI.csproj]
F:\Projects\Rimworld\active\mapgen_ai\dev\Source\MapGen\TextRegionPrompt.cs(34,316): error CS1002: ;이 필요합니다. [F:\Projects\Rimworld\active\mapgen_ai\dev\Source\MapGenAI.csproj]
F:\Projects\Rimworld\active\mapgen_ai\dev\Source\MapGen\TextRegionPrompt.cs(34,320): error CS1002: ;이 필요합니다. [F:\Projects\Rimworld\active\mapgen_ai\dev\Source\MapGenAI.csproj]
F:\Projects\Rimworld\active\mapgen_ai\dev\Source\MapGen\TextRegionPrompt.cs(34,322): error CS1002: ;이 필요합니다. [F:\Projects\Rimworld\active\mapgen_ai\dev\Source\MapGenAI.csproj]
F:\Projects\Rimworld\active\mapgen_ai\dev\Source\MapGen\TextRegionPrompt.cs(34,322): error CS1513: }가 필요합니다. [F:\Projects\Rimworld\active\mapgen_ai\dev\Source\MapGenAI.csproj]
F:\Projects\Rimworld\active\mapgen_ai\dev\Source\MapGen\TextRegionPrompt.cs(34,325): error CS1002: ;이 필요합니다. [F:\Projects\Rimworld\active\mapgen_ai\dev\Source\MapGenAI.csproj]
F:\Projects\Rimworld\active\mapgen_ai\dev\Source\MapGen\TextRegionPrompt.cs(34,329): error CS1002: ;이 필요합니다. [F:\Projects\Rimworld\active\mapgen_ai\dev\Source\MapGenAI.csproj]
F:\Projects\Rimworld\active\mapgen_ai\dev\Source\MapGen\TextRegionPrompt.cs(34,331): error CS1002: ;이 필요합니다. [F:\Projects\Rimworld\active\mapgen_ai\dev\Source\MapGenAI.csproj]
F:\Projects\Rimworld\active\mapgen_ai\dev\Source\MapGen\TextRegionPrompt.cs(34,331): error CS1513: }가 필요합니다. [F:\Projects\Rimworld\active\mapgen_ai\dev\Source\MapGenAI.csproj]
F:\Projects\Rimworld\active\mapgen_ai\dev\Source\MapGen\TextRegionPrompt.cs(34,334): error CS1002: ;이 필요합니다. [F:\Projects\Rimworld\active\mapgen_ai\dev\Source\MapGenAI.csproj]
F:\Projects\Rimworld\active\mapgen_ai\dev\Source\MapGen\TextRegionPrompt.cs(34,335): error CS1002: ;이 필요합니다. [F:\Projects\Rimworld\active\mapgen_ai\dev\Source\MapGenAI.csproj]
F:\Projects\Rimworld\active\mapgen_ai\dev\Source\MapGen\TextRegionPrompt.cs(34,337): error CS1002: ;이 필요합니다. [F:\Projects\Rimworld\active\mapgen_ai\dev\Source\MapGenAI.csproj]
F:\Projects\Rimworld\active\mapgen_ai\dev\Source\MapGen\TextRegionPrompt.cs(34,337): error CS1513: }가 필요합니다. [F:\Projects\Rimworld\active\mapgen_ai\dev\Source\MapGenAI.csproj]
F:\Projects\Rimworld\active\mapgen_ai\dev\Source\MapGen\TextRegionPrompt.cs(34,342): error CS1002: ;이 필요합니다. [F:\Projects\Rimworld\active\mapgen_ai\dev\Source\MapGenAI.csproj]
F:\Projects\Rimworld\active\mapgen_ai\dev\Source\MapGen\TextRegionPrompt.cs(34,342): error CS1513: }가 필요합니다. [F:\Projects\Rimworld\active\mapgen_ai\dev\Source\MapGenAI.csproj]
F:\Projects\Rimworld\active\mapgen_ai\dev\Source\MapGen\TextRegionPrompt.cs(34,345): error CS1002: ;이 필요합니다. [F:\Projects\Rimworld\active\mapgen_ai\dev\Source\MapGenAI.csproj]
F:\Projects\Rimworld\active\mapgen_ai\dev\Source\MapGen\TextRegionPrompt.cs(34,346): error CS1002: ;이 필요합니다. [F:\Projects\Rimworld\active\mapgen_ai\dev\Source\MapGenAI.csproj]
F:\Projects\Rimworld\active\mapgen_ai\dev\Source\MapGen\TextRegionPrompt.cs(34,348): error CS1002: ;이 필요합니다. [F:\Projects\Rimworld\active\mapgen_ai\dev\Source\MapGenAI.csproj]
F:\Projects\Rimworld\active\mapgen_ai\dev\Source\MapGen\TextRegionPrompt.cs(34,348): error CS1513: }가 필요합니다. [F:\Projects\Rimworld\active\mapgen_ai\dev\Source\MapGenAI.csproj]
F:\Projects\Rimworld\active\mapgen_ai\dev\Source\MapGen\TextRegionPrompt.cs(34,353): error CS1002: ;이 필요합니다. [F:\Projects\Rimworld\active\mapgen_ai\dev\Source\MapGenAI.csproj]
F:\Projects\Rimworld\active\mapgen_ai\dev\Source\MapGen\TextRegionPrompt.cs(34,354): error CS1513: }가 필요합니다. [F:\Projects\Rimworld\active\mapgen_ai\dev\Source\MapGenAI.csproj]
F:\Projects\Rimworld\active\mapgen_ai\dev\Source\MapGen\TextRegionPrompt.cs(34,357): error CS1513: }가 필요합니다. [F:\Projects\Rimworld\active\mapgen_ai\dev\Source\MapGenAI.csproj]
F:\Projects\Rimworld\active\mapgen_ai\dev\Source\MapGen\TextRegionPrompt.cs(34,360): error CS1022: 형식이나 네임스페이스 정의 또는 파일 끝(EOF)이 필요합니다. [F:\Projects\Rimworld\active\mapgen_ai\dev\Source\MapGenAI.csproj]
F:\Projects\Rimworld\active\mapgen_ai\dev\Source\MapGen\TextRegionPrompt.cs(34,376): error CS1003: 구문 오류입니다. ','이(가) 필요합니다. [F:\Projects\Rimworld\active\mapgen_ai\dev\Source\MapGenAI.csproj]
F:\Projects\Rimworld\active\mapgen_ai\dev\Source\MapGen\TextRegionPrompt.cs(34,426): error CS1003: 구문 오류입니다. ','이(가) 필요합니다. [F:\Projects\Rimworld\active\mapgen_ai\dev\Source\MapGenAI.csproj]
F:\Projects\Rimworld\active\mapgen_ai\dev\Source\MapGen\TextRegionPrompt.cs(35,94): error CS1044: for 문, using 문, fixed 문, 선언문 등에는 둘 이상의 형식을 사용할 수 없습니다. [F:\Projects\Rimworld\active\mapgen_ai\dev\Source\MapGenAI.csproj]
F:\Projects\Rimworld\active\mapgen_ai\dev\Source\MapGen\TextRegionPrompt.cs(35,100): error CS1003: 구문 오류입니다. ','이(가) 필요합니다. [F:\Projects\Rimworld\active\mapgen_ai\dev\Source\MapGenAI.csproj]
F:\Projects\Rimworld\active\mapgen_ai\dev\Source\MapGen\TextRegionPrompt.cs(35,165): error CS1002: ;이 필요합니다. [F:\Projects\Rimworld\active\mapgen_ai\dev\Source\MapGenAI.csproj]
F:\Projects\Rimworld\active\mapgen_ai\dev\Source\MapGen\TextRegionPrompt.cs(35,165): error CS1022: 형식이나 네임스페이스 정의 또는 파일 끝(EOF)이 필요합니다. [F:\Projects\Rimworld\active\mapgen_ai\dev\Source\MapGenAI.csproj]
F:\Projects\Rimworld\active\mapgen_ai\dev\Source\MapGen\TextRegionPrompt.cs(35,183): error CS1003: 구문 오류입니다. ','이(가) 필요합니다. [F:\Projects\Rimworld\active\mapgen_ai\dev\Source\MapGenAI.csproj]
F:\Projects\Rimworld\active\mapgen_ai\dev\Source\MapGen\TextRegionPrompt.cs(35,189): error CS1002: ;이 필요합니다. [F:\Projects\Rimworld\active\mapgen_ai\dev\Source\MapGenAI.csproj]
F:\Projects\Rimworld\active\mapgen_ai\dev\Source\MapGen\TextRegionPrompt.cs(35,189): error CS1022: 형식이나 네임스페이스 정의 또는 파일 끝(EOF)이 필요합니다. [F:\Projects\Rimworld\active\mapgen_ai\dev\Source\MapGenAI.csproj]
F:\Projects\Rimworld\active\mapgen_ai\dev\Source\MapGen\TextRegionPrompt.cs(35,207): error CS1003: 구문 오류입니다. ','이(가) 필요합니다. [F:\Projects\Rimworld\active\mapgen_ai\dev\Source\MapGenAI.csproj]
F:\Projects\Rimworld\active\mapgen_ai\dev\Source\MapGen\TextRegionPrompt.cs(35,222): error CS1002: ;이 필요합니다. [F:\Projects\Rimworld\active\mapgen_ai\dev\Source\MapGenAI.csproj]
F:\Projects\Rimworld\active\mapgen_ai\dev\Source\MapGen\TextRegionPrompt.cs(35,222): error CS1022: 형식이나 네임스페이스 정의 또는 파일 끝(EOF)이 필요합니다. [F:\Projects\Rimworld\active\mapgen_ai\dev\Source\MapGenAI.csproj]
F:\Projects\Rimworld\active\mapgen_ai\dev\Source\MapGen\TextRegionPrompt.cs(35,231): error CS1001: 식별자가 필요합니다. [F:\Projects\Rimworld\active\mapgen_ai\dev\Source\MapGenAI.csproj]
F:\Projects\Rimworld\active\mapgen_ai\dev\Source\MapGen\TextRegionPrompt.cs(35,241): error CS1002: ;이 필요합니다. [F:\Projects\Rimworld\active\mapgen_ai\dev\Source\MapGenAI.csproj]
F:\Projects\Rimworld\active\mapgen_ai\dev\Source\MapGen\TextRegionPrompt.cs(35,241): error CS1022: 형식이나 네임스페이스 정의 또는 파일 끝(EOF)이 필요합니다. [F:\Projects\Rimworld\active\mapgen_ai\dev\Source\MapGenAI.csproj]
F:\Projects\Rimworld\active\mapgen_ai\dev\Source\MapGen\TextRegionPrompt.cs(35,245): error CS1002: ;이 필요합니다. [F:\Projects\Rimworld\active\mapgen_ai\dev\Source\MapGenAI.csproj]
F:\Projects\Rimworld\active\mapgen_ai\dev\Source\MapGen\TextRegionPrompt.cs(35,245): error CS1022: 형식이나 네임스페이스 정의 또는 파일 끝(EOF)이 필요합니다. [F:\Projects\Rimworld\active\mapgen_ai\dev\Source\MapGenAI.csproj]
F:\Projects\Rimworld\active\mapgen_ai\dev\Source\MapGen\TextRegionPrompt.cs(35,277): error CS1002: ;이 필요합니다. [F:\Projects\Rimworld\active\mapgen_ai\dev\Source\MapGenAI.csproj]
F:\Projects\Rimworld\active\mapgen_ai\dev\Source\MapGen\TextRegionPrompt.cs(35,286): error CS1003: 구문 오류입니다. ','이(가) 필요합니다. [F:\Projects\Rimworld\active\mapgen_ai\dev\Source\MapGenAI.csproj]
F:\Projects\Rimworld\active\mapgen_ai\dev\Source\MapGen\TextRegionPrompt.cs(35,328): error CS1003: 구문 오류입니다. ','이(가) 필요합니다. [F:\Projects\Rimworld\active\mapgen_ai\dev\Source\MapGenAI.csproj]
F:\Projects\Rimworld\active\mapgen_ai\dev\Source\MapGen\TextRegionPrompt.cs(35,394): error CS1044: for 문, using 문, fixed 문, 선언문 등에는 둘 이상의 형식을 사용할 수 없습니다. [F:\Projects\Rimworld\active\mapgen_ai\dev\Source\MapGenAI.csproj]
F:\Projects\Rimworld\active\mapgen_ai\dev\Source\MapGen\TextRegionPrompt.cs(35,404): error CS1003: 구문 오류입니다. ','이(가) 필요합니다. [F:\Projects\Rimworld\active\mapgen_ai\dev\Source\MapGenAI.csproj]
F:\Projects\Rimworld\active\mapgen_ai\dev\Source\MapGen\TextRegionPrompt.cs(35,463): error CS1044: for 문, using 문, fixed 문, 선언문 등에는 둘 이상의 형식을 사용할 수 없습니다. [F:\Projects\Rimworld\active\mapgen_ai\dev\Source\MapGenAI.csproj]
F:\Projects\Rimworld\active\mapgen_ai\dev\Source\MapGen\TextRegionPrompt.cs(35,468): error CS1003: 구문 오류입니다. ','이(가) 필요합니다. [F:\Projects\Rimworld\active\mapgen_ai\dev\Source\MapGenAI.csproj]
F:\Projects\Rimworld\active\mapgen_ai\dev\Source\MapGen\TextRegionPrompt.cs(35,561): error CS1044: for 문, using 문, fixed 문, 선언문 등에는 둘 이상의 형식을 사용할 수 없습니다. [F:\Projects\Rimworld\active\mapgen_ai\dev\Source\MapGenAI.csproj]
F:\Projects\Rimworld\active\mapgen_ai\dev\Source\MapGen\TextRegionPrompt.cs(35,563): error CS1003: 구문 오류입니다. ','이(가) 필요합니다. [F:\Projects\Rimworld\active\mapgen_ai\dev\Source\MapGenAI.csproj]
F:\Projects\Rimworld\active\mapgen_ai\dev\Source\MapGen\TextRegionPrompt.cs(36,10): error CS1002: ;이 필요합니다. [F:\Projects\Rimworld\active\mapgen_ai\dev\Source\MapGenAI.csproj]
F:\Projects\Rimworld\active\mapgen_ai\dev\Source\MapGen\TextRegionPrompt.cs(36,10): error CS1022: 형식이나 네임스페이스 정의 또는 파일 끝(EOF)이 필요합니다. [F:\Projects\Rimworld\active\mapgen_ai\dev\Source\MapGenAI.csproj]
F:\Projects\Rimworld\active\mapgen_ai\dev\Source\MapGen\TextRegionPrompt.cs(36,15): error CS1002: ;이 필요합니다. [F:\Projects\Rimworld\active\mapgen_ai\dev\Source\MapGenAI.csproj]
F:\Projects\Rimworld\active\mapgen_ai\dev\Source\MapGen\TextRegionPrompt.cs(36,24): error CS1002: ;이 필요합니다. [F:\Projects\Rimworld\active\mapgen_ai\dev\Source\MapGenAI.csproj]
F:\Projects\Rimworld\active\mapgen_ai\dev\Source\MapGen\TextRegionPrompt.cs(36,26): error CS1002: ;이 필요합니다. [F:\Projects\Rimworld\active\mapgen_ai\dev\Source\MapGenAI.csproj]
F:\Projects\Rimworld\active\mapgen_ai\dev\Source\MapGen\TextRegionPrompt.cs(36,26): error CS1513: }가 필요합니다. [F:\Projects\Rimworld\active\mapgen_ai\dev\Source\MapGenAI.csproj]
F:\Projects\Rimworld\active\mapgen_ai\dev\Source\MapGen\TextRegionPrompt.cs(36,28): error CS1001: 식별자가 필요합니다. [F:\Projects\Rimworld\active\mapgen_ai\dev\Source\MapGenAI.csproj]
F:\Projects\Rimworld\active\mapgen_ai\dev\Source\MapGen\TextRegionPrompt.cs(36,28): error CS1003: 구문 오류입니다. ']'이(가) 필요합니다. [F:\Projects\Rimworld\active\mapgen_ai\dev\Source\MapGenAI.csproj]
F:\Projects\Rimworld\active\mapgen_ai\dev\Source\MapGen\TextRegionPrompt.cs(36,31): error CS1002: ;이 필요합니다. [F:\Projects\Rimworld\active\mapgen_ai\dev\Source\MapGenAI.csproj]
F:\Projects\Rimworld\active\mapgen_ai\dev\Source\MapGen\TextRegionPrompt.cs(36,33): error CS1002: ;이 필요합니다. [F:\Projects\Rimworld\active\mapgen_ai\dev\Source\MapGenAI.csproj]
F:\Projects\Rimworld\active\mapgen_ai\dev\Source\MapGen\TextRegionPrompt.cs(36,35): error CS1002: ;이 필요합니다. [F:\Projects\Rimworld\active\mapgen_ai\dev\Source\MapGenAI.csproj]
F:\Projects\Rimworld\active\mapgen_ai\dev\Source\MapGen\TextRegionPrompt.cs(36,35): error CS1513: }가 필요합니다. [F:\Projects\Rimworld\active\mapgen_ai\dev\Source\MapGenAI.csproj]
F:\Projects\Rimworld\active\mapgen_ai\dev\Source\MapGen\TextRegionPrompt.cs(36,38): error CS1002: ;이 필요합니다. [F:\Projects\Rimworld\active\mapgen_ai\dev\Source\MapGenAI.csproj]
F:\Projects\Rimworld\active\mapgen_ai\dev\Source\MapGen\TextRegionPrompt.cs(36,41): error CS1002: ;이 필요합니다. [F:\Projects\Rimworld\active\mapgen_ai\dev\Source\MapGenAI.csproj]
F:\Projects\Rimworld\active\mapgen_ai\dev\Source\MapGen\TextRegionPrompt.cs(36,43): error CS1002: ;이 필요합니다. [F:\Projects\Rimworld\active\mapgen_ai\dev\Source\MapGenAI.csproj]
F:\Projects\Rimworld\active\mapgen_ai\dev\Source\MapGen\TextRegionPrompt.cs(36,43): error CS1513: }가 필요합니다. [F:\Projects\Rimworld\active\mapgen_ai\dev\Source\MapGenAI.csproj]
F:\Projects\Rimworld\active\mapgen_ai\dev\Source\MapGen\TextRegionPrompt.cs(36,46): error CS1002: ;이 필요합니다. [F:\Projects\Rimworld\active\mapgen_ai\dev\Source\MapGenAI.csproj]
F:\Projects\Rimworld\active\mapgen_ai\dev\Source\MapGen\TextRegionPrompt.cs(36,51): error CS1002: ;이 필요합니다. [F:\Projects\Rimworld\active\mapgen_ai\dev\Source\MapGenAI.csproj]
F:\Projects\Rimworld\active\mapgen_ai\dev\Source\MapGen\TextRegionPrompt.cs(36,53): error CS1002: ;이 필요합니다. [F:\Projects\Rimworld\active\mapgen_ai\dev\Source\MapGenAI.csproj]
F:\Projects\Rimworld\active\mapgen_ai\dev\Source\MapGen\TextRegionPrompt.cs(36,53): error CS1513: }가 필요합니다. [F:\Projects\Rimworld\active\mapgen_ai\dev\Source\MapGenAI.csproj]
F:\Projects\Rimworld\active\mapgen_ai\dev\Source\MapGen\TextRegionPrompt.cs(36,57): error CS1002: ;이 필요합니다. [F:\Projects\Rimworld\active\mapgen_ai\dev\Source\MapGenAI.csproj]
F:\Projects\Rimworld\active\mapgen_ai\dev\Source\MapGen\TextRegionPrompt.cs(36,59): error CS1002: ;이 필요합니다. [F:\Projects\Rimworld\active\mapgen_ai\dev\Source\MapGenAI.csproj]
F:\Projects\Rimworld\active\mapgen_ai\dev\Source\MapGen\TextRegionPrompt.cs(36,61): error CS1002: ;이 필요합니다. [F:\Projects\Rimworld\active\mapgen_ai\dev\Source\MapGenAI.csproj]
F:\Projects\Rimworld\active\mapgen_ai\dev\Source\MapGen\TextRegionPrompt.cs(36,61): error CS1513: }가 필요합니다. [F:\Projects\Rimworld\active\mapgen_ai\dev\Source\MapGenAI.csproj]
F:\Projects\Rimworld\active\mapgen_ai\dev\Source\MapGen\TextRegionPrompt.cs(36,64): error CS1002: ;이 필요합니다. [F:\Projects\Rimworld\active\mapgen_ai\dev\Source\MapGenAI.csproj]
F:\Projects\Rimworld\active\mapgen_ai\dev\Source\MapGen\TextRegionPrompt.cs(36,74): error CS1002: ;이 필요합니다. [F:\Projects\Rimworld\active\mapgen_ai\dev\Source\MapGenAI.csproj]
F:\Projects\Rimworld\active\mapgen_ai\dev\Source\MapGen\TextRegionPrompt.cs(36,76): error CS1002: ;이 필요합니다. [F:\Projects\Rimworld\active\mapgen_ai\dev\Source\MapGenAI.csproj]
F:\Projects\Rimworld\active\mapgen_ai\dev\Source\MapGen\TextRegionPrompt.cs(36,76): error CS1513: }가 필요합니다. [F:\Projects\Rimworld\active\mapgen_ai\dev\Source\MapGenAI.csproj]
F:\Projects\Rimworld\active\mapgen_ai\dev\Source\MapGen\TextRegionPrompt.cs(36,79): error CS1002: ;이 필요합니다. [F:\Projects\Rimworld\active\mapgen_ai\dev\Source\MapGenAI.csproj]
F:\Projects\Rimworld\active\mapgen_ai\dev\Source\MapGen\TextRegionPrompt.cs(36,83): error CS1002: ;이 필요합니다. [F:\Projects\Rimworld\active\mapgen_ai\dev\Source\MapGenAI.csproj]
F:\Projects\Rimworld\active\mapgen_ai\dev\Source\MapGen\TextRegionPrompt.cs(36,85): error CS1002: ;이 필요합니다. [F:\Projects\Rimworld\active\mapgen_ai\dev\Source\MapGenAI.csproj]
F:\Projects\Rimworld\active\mapgen_ai\dev\Source\MapGen\TextRegionPrompt.cs(36,85): error CS1513: }가 필요합니다. [F:\Projects\Rimworld\active\mapgen_ai\dev\Source\MapGenAI.csproj]
F:\Projects\Rimworld\active\mapgen_ai\dev\Source\MapGen\TextRegionPrompt.cs(36,88): error CS1002: ;이 필요합니다. [F:\Projects\Rimworld\active\mapgen_ai\dev\Source\MapGenAI.csproj]
F:\Projects\Rimworld\active\mapgen_ai\dev\Source\MapGen\TextRegionPrompt.cs(36,99): error CS1002: ;이 필요합니다. [F:\Projects\Rimworld\active\mapgen_ai\dev\Source\MapGenAI.csproj]
F:\Projects\Rimworld\active\mapgen_ai\dev\Source\MapGen\TextRegionPrompt.cs(36,101): error CS1002: ;이 필요합니다. [F:\Projects\Rimworld\active\mapgen_ai\dev\Source\MapGenAI.csproj]
F:\Projects\Rimworld\active\mapgen_ai\dev\Source\MapGen\TextRegionPrompt.cs(36,101): error CS1513: }가 필요합니다. [F:\Projects\Rimworld\active\mapgen_ai\dev\Source\MapGenAI.csproj]
F:\Projects\Rimworld\active\mapgen_ai\dev\Source\MapGen\TextRegionPrompt.cs(36,104): error CS1002: ;이 필요합니다. [F:\Projects\Rimworld\active\mapgen_ai\dev\Source\MapGenAI.csproj]
F:\Projects\Rimworld\active\mapgen_ai\dev\Source\MapGen\TextRegionPrompt.cs(36,110): error CS1002: ;이 필요합니다. [F:\Projects\Rimworld\active\mapgen_ai\dev\Source\MapGenAI.csproj]
F:\Projects\Rimworld\active\mapgen_ai\dev\Source\MapGen\TextRegionPrompt.cs(36,112): error CS1002: ;이 필요합니다. [F:\Projects\Rimworld\active\mapgen_ai\dev\Source\MapGenAI.csproj]
F:\Projects\Rimworld\active\mapgen_ai\dev\Source\MapGen\TextRegionPrompt.cs(36,112): error CS1513: }가 필요합니다. [F:\Projects\Rimworld\active\mapgen_ai\dev\Source\MapGenAI.csproj]
F:\Projects\Rimworld\active\mapgen_ai\dev\Source\MapGen\TextRegionPrompt.cs(36,115): error CS1002: ;이 필요합니다. [F:\Projects\Rimworld\active\mapgen_ai\dev\Source\MapGenAI.csproj]
F:\Projects\Rimworld\active\mapgen_ai\dev\Source\MapGen\TextRegionPrompt.cs(36,137): error CS1002: ;이 필요합니다. [F:\Projects\Rimworld\active\mapgen_ai\dev\Source\MapGenAI.csproj]
F:\Projects\Rimworld\active\mapgen_ai\dev\Source\MapGen\TextRegionPrompt.cs(36,139): error CS1002: ;이 필요합니다. [F:\Projects\Rimworld\active\mapgen_ai\dev\Source\MapGenAI.csproj]
F:\Projects\Rimworld\active\mapgen_ai\dev\Source\MapGen\TextRegionPrompt.cs(36,139): error CS1513: }가 필요합니다. [F:\Projects\Rimworld\active\mapgen_ai\dev\Source\MapGenAI.csproj]
F:\Projects\Rimworld\active\mapgen_ai\dev\Source\MapGen\TextRegionPrompt.cs(36,142): error CS1002: ;이 필요합니다. [F:\Projects\Rimworld\active\mapgen_ai\dev\Source\MapGenAI.csproj]
F:\Projects\Rimworld\active\mapgen_ai\dev\Source\MapGen\TextRegionPrompt.cs(36,153): error CS1002: ;이 필요합니다. [F:\Projects\Rimworld\active\mapgen_ai\dev\Source\MapGenAI.csproj]
F:\Projects\Rimworld\active\mapgen_ai\dev\Source\MapGen\TextRegionPrompt.cs(36,155): error CS1002: ;이 필요합니다. [F:\Projects\Rimworld\active\mapgen_ai\dev\Source\MapGenAI.csproj]
F:\Projects\Rimworld\active\mapgen_ai\dev\Source\MapGen\TextRegionPrompt.cs(36,155): error CS1513: }가 필요합니다. [F:\Projects\Rimworld\active\mapgen_ai\dev\Source\MapGenAI.csproj]
F:\Projects\Rimworld\active\mapgen_ai\dev\Source\MapGen\TextRegionPrompt.cs(36,158): error CS1002: ;이 필요합니다. [F:\Projects\Rimworld\active\mapgen_ai\dev\Source\MapGenAI.csproj]
F:\Projects\Rimworld\active\mapgen_ai\dev\Source\MapGen\TextRegionPrompt.cs(36,166): error CS1002: ;이 필요합니다. [F:\Projects\Rimworld\active\mapgen_ai\dev\Source\MapGenAI.csproj]
F:\Projects\Rimworld\active\mapgen_ai\dev\Source\MapGen\TextRegionPrompt.cs(36,168): error CS1002: ;이 필요합니다. [F:\Projects\Rimworld\active\mapgen_ai\dev\Source\MapGenAI.csproj]
F:\Projects\Rimworld\active\mapgen_ai\dev\Source\MapGen\TextRegionPrompt.cs(36,168): error CS1513: }가 필요합니다. [F:\Projects\Rimworld\active\mapgen_ai\dev\Source\MapGenAI.csproj]
F:\Projects\Rimworld\active\mapgen_ai\dev\Source\MapGen\TextRegionPrompt.cs(36,171): error CS1002: ;이 필요합니다. [F:\Projects\Rimworld\active\mapgen_ai\dev\Source\MapGenAI.csproj]
F:\Projects\Rimworld\active\mapgen_ai\dev\Source\MapGen\TextRegionPrompt.cs(36,179): error CS1002: ;이 필요합니다. [F:\Projects\Rimworld\active\mapgen_ai\dev\Source\MapGenAI.csproj]
F:\Projects\Rimworld\active\mapgen_ai\dev\Source\MapGen\TextRegionPrompt.cs(36,181): error CS1002: ;이 필요합니다. [F:\Projects\Rimworld\active\mapgen_ai\dev\Source\MapGenAI.csproj]
F:\Projects\Rimworld\active\mapgen_ai\dev\Source\MapGen\TextRegionPrompt.cs(36,181): error CS1513: }가 필요합니다. [F:\Projects\Rimworld\active\mapgen_ai\dev\Source\MapGenAI.csproj]
F:\Projects\Rimworld\active\mapgen_ai\dev\Source\MapGen\TextRegionPrompt.cs(36,185): error CS1002: ;이 필요합니다. [F:\Projects\Rimworld\active\mapgen_ai\dev\Source\MapGenAI.csproj]
F:\Projects\Rimworld\active\mapgen_ai\dev\Source\MapGen\TextRegionPrompt.cs(36,185): error CS1513: }가 필요합니다. [F:\Projects\Rimworld\active\mapgen_ai\dev\Source\MapGenAI.csproj]
F:\Projects\Rimworld\active\mapgen_ai\dev\Source\MapGen\TextRegionPrompt.cs(36,188): error CS1002: ;이 필요합니다. [F:\Projects\Rimworld\active\mapgen_ai\dev\Source\MapGenAI.csproj]
F:\Projects\Rimworld\active\mapgen_ai\dev\Source\MapGen\TextRegionPrompt.cs(36,192): error CS1002: ;이 필요합니다. [F:\Projects\Rimworld\active\mapgen_ai\dev\Source\MapGenAI.csproj]
F:\Projects\Rimworld\active\mapgen_ai\dev\Source\MapGen\TextRegionPrompt.cs(36,194): error CS1002: ;이 필요합니다. [F:\Projects\Rimworld\active\mapgen_ai\dev\Source\MapGenAI.csproj]
F:\Projects\Rimworld\active\mapgen_ai\dev\Source\MapGen\TextRegionPrompt.cs(36,194): error CS1513: }가 필요합니다. [F:\Projects\Rimworld\active\mapgen_ai\dev\Source\MapGenAI.csproj]
F:\Projects\Rimworld\active\mapgen_ai\dev\Source\MapGen\TextRegionPrompt.cs(36,197): error CS1002: ;이 필요합니다. [F:\Projects\Rimworld\active\mapgen_ai\dev\Source\MapGenAI.csproj]
F:\Projects\Rimworld\active\mapgen_ai\dev\Source\MapGen\TextRegionPrompt.cs(36,205): error CS1002: ;이 필요합니다. [F:\Projects\Rimworld\active\mapgen_ai\dev\Source\MapGenAI.csproj]
F:\Projects\Rimworld\active\mapgen_ai\dev\Source\MapGen\TextRegionPrompt.cs(36,207): error CS1002: ;이 필요합니다. [F:\Projects\Rimworld\active\mapgen_ai\dev\Source\MapGenAI.csproj]
F:\Projects\Rimworld\active\mapgen_ai\dev\Source\MapGen\TextRegionPrompt.cs(36,209): error CS1513: }가 필요합니다. [F:\Projects\Rimworld\active\mapgen_ai\dev\Source\MapGenAI.csproj]
F:\Projects\Rimworld\active\mapgen_ai\dev\Source\MapGen\TextRegionPrompt.cs(36,211): error CS1022: 형식이나 네임스페이스 정의 또는 파일 끝(EOF)이 필요합니다. [F:\Projects\Rimworld\active\mapgen_ai\dev\Source\MapGenAI.csproj]
F:\Projects\Rimworld\active\mapgen_ai\dev\Source\MapGen\TextRegionPrompt.cs(36,224): error CS1003: 구문 오류입니다. ','이(가) 필요합니다. [F:\Projects\Rimworld\active\mapgen_ai\dev\Source\MapGenAI.csproj]
F:\Projects\Rimworld\active\mapgen_ai\dev\Source\MapGen\TextRegionPrompt.cs(36,292): error CS1012: 문자 리터럴에 문자가 너무 많습니다. [F:\Projects\Rimworld\active\mapgen_ai\dev\Source\MapGenAI.csproj]
F:\Projects\Rimworld\active\mapgen_ai\dev\Source\MapGen\TextRegionPrompt.cs(37,132): error CS1002: ;이 필요합니다. [F:\Projects\Rimworld\active\mapgen_ai\dev\Source\MapGenAI.csproj]
F:\Projects\Rimworld\active\mapgen_ai\dev\Source\MapGen\TextRegionPrompt.cs(37,132): error CS1022: 형식이나 네임스페이스 정의 또는 파일 끝(EOF)이 필요합니다. [F:\Projects\Rimworld\active\mapgen_ai\dev\Source\MapGenAI.csproj]
F:\Projects\Rimworld\active\mapgen_ai\dev\Source\MapGen\TextRegionPrompt.cs(37,155): error CS1002: ;이 필요합니다. [F:\Projects\Rimworld\active\mapgen_ai\dev\Source\MapGenAI.csproj]
F:\Projects\Rimworld\active\mapgen_ai\dev\Source\MapGen\TextRegionPrompt.cs(37,167): error CS1003: 구문 오류입니다. ','이(가) 필요합니다. [F:\Projects\Rimworld\active\mapgen_ai\dev\Source\MapGenAI.csproj]
F:\Projects\Rimworld\active\mapgen_ai\dev\Source\MapGen\TextRegionPrompt.cs(37,209): error CS1003: 구문 오류입니다. '='이(가) 필요합니다. [F:\Projects\Rimworld\active\mapgen_ai\dev\Source\MapGenAI.csproj]
F:\Projects\Rimworld\active\mapgen_ai\dev\Source\MapGen\TextRegionPrompt.cs(37,215): error CS1003: 구문 오류입니다. ','이(가) 필요합니다. [F:\Projects\Rimworld\active\mapgen_ai\dev\Source\MapGenAI.csproj]
F:\Projects\Rimworld\active\mapgen_ai\dev\Source\MapGen\TextRegionPrompt.cs(37,276): error CS1044: for 문, using 문, fixed 문, 선언문 등에는 둘 이상의 형식을 사용할 수 없습니다. [F:\Projects\Rimworld\active\mapgen_ai\dev\Source\MapGenAI.csproj]
F:\Projects\Rimworld\active\mapgen_ai\dev\Source\MapGen\TextRegionPrompt.cs(37,282): error CS1003: 구문 오류입니다. ','이(가) 필요합니다. [F:\Projects\Rimworld\active\mapgen_ai\dev\Source\MapGenAI.csproj]
F:\Projects\Rimworld\active\mapgen_ai\dev\Source\MapGen\TextRegionPrompt.cs(37,330): error CS1003: 구문 오류입니다. ','이(가) 필요합니다. [F:\Projects\Rimworld\active\mapgen_ai\dev\Source\MapGenAI.csproj]
F:\Projects\Rimworld\active\mapgen_ai\dev\Source\MapGen\TextRegionPrompt.cs(38,17): error CS1002: ;이 필요합니다. [F:\Projects\Rimworld\active\mapgen_ai\dev\Source\MapGenAI.csproj]
F:\Projects\Rimworld\active\mapgen_ai\dev\Source\MapGen\TextRegionPrompt.cs(38,17): error CS1022: 형식이나 네임스페이스 정의 또는 파일 끝(EOF)이 필요합니다. [F:\Projects\Rimworld\active\mapgen_ai\dev\Source\MapGenAI.csproj]
F:\Projects\Rimworld\active\mapgen_ai\dev\Source\MapGen\TextRegionPrompt.cs(38,31): error CS1003: 구문 오류입니다. ','이(가) 필요합니다. [F:\Projects\Rimworld\active\mapgen_ai\dev\Source\MapGenAI.csproj]
F:\Projects\Rimworld\active\mapgen_ai\dev\Source\MapGen\TextRegionPrompt.cs(38,76): error CS1003: 구문 오류입니다. ','이(가) 필요합니다. [F:\Projects\Rimworld\active\mapgen_ai\dev\Source\MapGenAI.csproj]
F:\Projects\Rimworld\active\mapgen_ai\dev\Source\MapGen\TextRegionPrompt.cs(38,135): error CS1002: ;이 필요합니다. [F:\Projects\Rimworld\active\mapgen_ai\dev\Source\MapGenAI.csproj]
F:\Projects\Rimworld\active\mapgen_ai\dev\Source\MapGen\TextRegionPrompt.cs(38,135): error CS1022: 형식이나 네임스페이스 정의 또는 파일 끝(EOF)이 필요합니다. [F:\Projects\Rimworld\active\mapgen_ai\dev\Source\MapGenAI.csproj]
F:\Projects\Rimworld\active\mapgen_ai\dev\Source\MapGen\TextRegionPrompt.cs(38,141): error CS1002: ;이 필요합니다. [F:\Projects\Rimworld\active\mapgen_ai\dev\Source\MapGenAI.csproj]
F:\Projects\Rimworld\active\mapgen_ai\dev\Source\MapGen\TextRegionPrompt.cs(38,152): error CS1003: 구문 오류입니다. '='이(가) 필요합니다. [F:\Projects\Rimworld\active\mapgen_ai\dev\Source\MapGenAI.csproj]
F:\Projects\Rimworld\active\mapgen_ai\dev\Source\MapGen\TextRegionPrompt.cs(38,161): error CS1003: 구문 오류입니다. ','이(가) 필요합니다. [F:\Projects\Rimworld\active\mapgen_ai\dev\Source\MapGenAI.csproj]
F:\Projects\Rimworld\active\mapgen_ai\dev\Source\MapGen\TextRegionPrompt.cs(39,43): error CS1044: for 문, using 문, fixed 문, 선언문 등에는 둘 이상의 형식을 사용할 수 없습니다. [F:\Projects\Rimworld\active\mapgen_ai\dev\Source\MapGenAI.csproj]
F:\Projects\Rimworld\active\mapgen_ai\dev\Source\MapGen\TextRegionPrompt.cs(39,47): error CS1003: 구문 오류입니다. ','이(가) 필요합니다. [F:\Projects\Rimworld\active\mapgen_ai\dev\Source\MapGenAI.csproj]
F:\Projects\Rimworld\active\mapgen_ai\dev\Source\MapGen\TextRegionPrompt.cs(39,60): error CS1002: ;이 필요합니다. [F:\Projects\Rimworld\active\mapgen_ai\dev\Source\MapGenAI.csproj]
F:\Projects\Rimworld\active\mapgen_ai\dev\Source\MapGen\TextRegionPrompt.cs(39,60): error CS1022: 형식이나 네임스페이스 정의 또는 파일 끝(EOF)이 필요합니다. [F:\Projects\Rimworld\active\mapgen_ai\dev\Source\MapGenAI.csproj]
F:\Projects\Rimworld\active\mapgen_ai\dev\Source\MapGen\TextRegionPrompt.cs(39,72): error CS1003: 구문 오류입니다. ','이(가) 필요합니다. [F:\Projects\Rimworld\active\mapgen_ai\dev\Source\MapGenAI.csproj]
F:\Projects\Rimworld\active\mapgen_ai\dev\Source\MapGen\TextRegionPrompt.cs(39,115): error CS1044: for 문, using 문, fixed 문, 선언문 등에는 둘 이상의 형식을 사용할 수 없습니다. [F:\Projects\Rimworld\active\mapgen_ai\dev\Source\MapGenAI.csproj]
F:\Projects\Rimworld\active\mapgen_ai\dev\Source\MapGen\TextRegionPrompt.cs(39,123): error CS1003: 구문 오류입니다. ','이(가) 필요합니다. [F:\Projects\Rimworld\active\mapgen_ai\dev\Source\MapGenAI.csproj]
F:\Projects\Rimworld\active\mapgen_ai\dev\Source\MapGen\TextRegionPrompt.cs(39,136): error CS1002: ;이 필요합니다. [F:\Projects\Rimworld\active\mapgen_ai\dev\Source\MapGenAI.csproj]
F:\Projects\Rimworld\active\mapgen_ai\dev\Source\MapGen\TextRegionPrompt.cs(39,136): error CS1022: 형식이나 네임스페이스 정의 또는 파일 끝(EOF)이 필요합니다. [F:\Projects\Rimworld\active\mapgen_ai\dev\Source\MapGenAI.csproj]
F:\Projects\Rimworld\active\mapgen_ai\dev\Source\MapGen\TextRegionPrompt.cs(39,157): error CS1003: 구문 오류입니다. ','이(가) 필요합니다. [F:\Projects\Rimworld\active\mapgen_ai\dev\Source\MapGenAI.csproj]
F:\Projects\Rimworld\active\mapgen_ai\dev\Source\MapGen\TextRegionPrompt.cs(39,251): error CS1044: for 문, using 문, fixed 문, 선언문 등에는 둘 이상의 형식을 사용할 수 없습니다. [F:\Projects\Rimworld\active\mapgen_ai\dev\Source\MapGenAI.csproj]
F:\Projects\Rimworld\active\mapgen_ai\dev\Source\MapGen\TextRegionPrompt.cs(39,262): error CS1003: 구문 오류입니다. ','이(가) 필요합니다. [F:\Projects\Rimworld\active\mapgen_ai\dev\Source\MapGenAI.csproj]
F:\Projects\Rimworld\active\mapgen_ai\dev\Source\MapGen\TextRegionPrompt.cs(39,274): error CS1044: for 문, using 문, fixed 문, 선언문 등에는 둘 이상의 형식을 사용할 수 없습니다. [F:\Projects\Rimworld\active\mapgen_ai\dev\Source\MapGenAI.csproj]
F:\Projects\Rimworld\active\mapgen_ai\dev\Source\MapGen\TextRegionPrompt.cs(39,278): error CS1003: 구문 오류입니다. ','이(가) 필요합니다. [F:\Projects\Rimworld\active\mapgen_ai\dev\Source\MapGenAI.csproj]
F:\Projects\Rimworld\active\mapgen_ai\dev\Source\MapGen\TextRegionPrompt.cs(39,328): error CS1044: for 문, using 문, fixed 문, 선언문 등에는 둘 이상의 형식을 사용할 수 없습니다. [F:\Projects\Rimworld\active\mapgen_ai\dev\Source\MapGenAI.csproj]
F:\Projects\Rimworld\active\mapgen_ai\dev\Source\MapGen\TextRegionPrompt.cs(39,334): error CS1003: 구문 오류입니다. ','이(가) 필요합니다. [F:\Projects\Rimworld\active\mapgen_ai\dev\Source\MapGenAI.csproj]
F:\Projects\Rimworld\active\mapgen_ai\dev\Source\MapGen\TextRegionPrompt.cs(40,25): error CS1002: ;이 필요합니다. [F:\Projects\Rimworld\active\mapgen_ai\dev\Source\MapGenAI.csproj]
F:\Projects\Rimworld\active\mapgen_ai\dev\Source\MapGen\TextRegionPrompt.cs(40,25): error CS1022: 형식이나 네임스페이스 정의 또는 파일 끝(EOF)이 필요합니다. [F:\Projects\Rimworld\active\mapgen_ai\dev\Source\MapGenAI.csproj]
F:\Projects\Rimworld\active\mapgen_ai\dev\Source\MapGen\TextRegionPrompt.cs(40,30): error CS1002: ;이 필요합니다. [F:\Projects\Rimworld\active\mapgen_ai\dev\Source\MapGenAI.csproj]
F:\Projects\Rimworld\active\mapgen_ai\dev\Source\MapGen\TextRegionPrompt.cs(40,43): error CS1002: ;이 필요합니다. [F:\Projects\Rimworld\active\mapgen_ai\dev\Source\MapGenAI.csproj]
F:\Projects\Rimworld\active\mapgen_ai\dev\Source\MapGen\TextRegionPrompt.cs(40,45): error CS1002: ;이 필요합니다. [F:\Projects\Rimworld\active\mapgen_ai\dev\Source\MapGenAI.csproj]
F:\Projects\Rimworld\active\mapgen_ai\dev\Source\MapGen\TextRegionPrompt.cs(40,45): error CS1513: }가 필요합니다. [F:\Projects\Rimworld\active\mapgen_ai\dev\Source\MapGenAI.csproj]
F:\Projects\Rimworld\active\mapgen_ai\dev\Source\MapGen\TextRegionPrompt.cs(40,47): error CS1001: 식별자가 필요합니다. [F:\Projects\Rimworld\active\mapgen_ai\dev\Source\MapGenAI.csproj]
F:\Projects\Rimworld\active\mapgen_ai\dev\Source\MapGen\TextRegionPrompt.cs(40,47): error CS1003: 구문 오류입니다. ']'이(가) 필요합니다. [F:\Projects\Rimworld\active\mapgen_ai\dev\Source\MapGenAI.csproj]
F:\Projects\Rimworld\active\mapgen_ai\dev\Source\MapGen\TextRegionPrompt.cs(40,50): error CS1002: ;이 필요합니다. [F:\Projects\Rimworld\active\mapgen_ai\dev\Source\MapGenAI.csproj]
F:\Projects\Rimworld\active\mapgen_ai\dev\Source\MapGen\TextRegionPrompt.cs(40,52): error CS1002: ;이 필요합니다. [F:\Projects\Rimworld\active\mapgen_ai\dev\Source\MapGenAI.csproj]
F:\Projects\Rimworld\active\mapgen_ai\dev\Source\MapGen\TextRegionPrompt.cs(40,54): error CS1002: ;이 필요합니다. [F:\Projects\Rimworld\active\mapgen_ai\dev\Source\MapGenAI.csproj]
F:\Projects\Rimworld\active\mapgen_ai\dev\Source\MapGen\TextRegionPrompt.cs(40,54): error CS1513: }가 필요합니다. [F:\Projects\Rimworld\active\mapgen_ai\dev\Source\MapGenAI.csproj]
F:\Projects\Rimworld\active\mapgen_ai\dev\Source\MapGen\TextRegionPrompt.cs(40,57): error CS1002: ;이 필요합니다. [F:\Projects\Rimworld\active\mapgen_ai\dev\Source\MapGenAI.csproj]
F:\Projects\Rimworld\active\mapgen_ai\dev\Source\MapGen\TextRegionPrompt.cs(40,60): error CS1002: ;이 필요합니다. [F:\Projects\Rimworld\active\mapgen_ai\dev\Source\MapGenAI.csproj]
F:\Projects\Rimworld\active\mapgen_ai\dev\Source\MapGen\TextRegionPrompt.cs(40,62): error CS1002: ;이 필요합니다. [F:\Projects\Rimworld\active\mapgen_ai\dev\Source\MapGenAI.csproj]
F:\Projects\Rimworld\active\mapgen_ai\dev\Source\MapGen\TextRegionPrompt.cs(40,62): error CS1513: }가 필요합니다. [F:\Projects\Rimworld\active\mapgen_ai\dev\Source\MapGenAI.csproj]
F:\Projects\Rimworld\active\mapgen_ai\dev\Source\MapGen\TextRegionPrompt.cs(40,65): error CS1002: ;이 필요합니다. [F:\Projects\Rimworld\active\mapgen_ai\dev\Source\MapGenAI.csproj]
F:\Projects\Rimworld\active\mapgen_ai\dev\Source\MapGen\TextRegionPrompt.cs(40,74): error CS1002: ;이 필요합니다. [F:\Projects\Rimworld\active\mapgen_ai\dev\Source\MapGenAI.csproj]
F:\Projects\Rimworld\active\mapgen_ai\dev\Source\MapGen\TextRegionPrompt.cs(40,76): error CS1002: ;이 필요합니다. [F:\Projects\Rimworld\active\mapgen_ai\dev\Source\MapGenAI.csproj]
F:\Projects\Rimworld\active\mapgen_ai\dev\Source\MapGen\TextRegionPrompt.cs(40,76): error CS1513: }가 필요합니다. [F:\Projects\Rimworld\active\mapgen_ai\dev\Source\MapGenAI.csproj]
F:\Projects\Rimworld\active\mapgen_ai\dev\Source\MapGen\TextRegionPrompt.cs(40,80): error CS1002: ;이 필요합니다. [F:\Projects\Rimworld\active\mapgen_ai\dev\Source\MapGenAI.csproj]
F:\Projects\Rimworld\active\mapgen_ai\dev\Source\MapGen\TextRegionPrompt.cs(40,82): error CS1002: ;이 필요합니다. [F:\Projects\Rimworld\active\mapgen_ai\dev\Source\MapGenAI.csproj]
F:\Projects\Rimworld\active\mapgen_ai\dev\Source\MapGen\TextRegionPrompt.cs(40,84): error CS1002: ;이 필요합니다. [F:\Projects\Rimworld\active\mapgen_ai\dev\Source\MapGenAI.csproj]
F:\Projects\Rimworld\active\mapgen_ai\dev\Source\MapGen\TextRegionPrompt.cs(40,84): error CS1513: }가 필요합니다. [F:\Projects\Rimworld\active\mapgen_ai\dev\Source\MapGenAI.csproj]
F:\Projects\Rimworld\active\mapgen_ai\dev\Source\MapGen\TextRegionPrompt.cs(40,87): error CS1002: ;이 필요합니다. [F:\Projects\Rimworld\active\mapgen_ai\dev\Source\MapGenAI.csproj]
F:\Projects\Rimworld\active\mapgen_ai\dev\Source\MapGen\TextRegionPrompt.cs(40,95): error CS1002: ;이 필요합니다. [F:\Projects\Rimworld\active\mapgen_ai\dev\Source\MapGenAI.csproj]
F:\Projects\Rimworld\active\mapgen_ai\dev\Source\MapGen\TextRegionPrompt.cs(40,97): error CS1002: ;이 필요합니다. [F:\Projects\Rimworld\active\mapgen_ai\dev\Source\MapGenAI.csproj]
F:\Projects\Rimworld\active\mapgen_ai\dev\Source\MapGen\TextRegionPrompt.cs(40,97): error CS1513: }가 필요합니다. [F:\Projects\Rimworld\active\mapgen_ai\dev\Source\MapGenAI.csproj]
F:\Projects\Rimworld\active\mapgen_ai\dev\Source\MapGen\TextRegionPrompt.cs(40,100): error CS1002: ;이 필요합니다. [F:\Projects\Rimworld\active\mapgen_ai\dev\Source\MapGenAI.csproj]
F:\Projects\Rimworld\active\mapgen_ai\dev\Source\MapGen\TextRegionPrompt.cs(40,104): error CS1002: ;이 필요합니다. [F:\Projects\Rimworld\active\mapgen_ai\dev\Source\MapGenAI.csproj]
F:\Projects\Rimworld\active\mapgen_ai\dev\Source\MapGen\TextRegionPrompt.cs(40,106): error CS1002: ;이 필요합니다. [F:\Projects\Rimworld\active\mapgen_ai\dev\Source\MapGenAI.csproj]
F:\Projects\Rimworld\active\mapgen_ai\dev\Source\MapGen\TextRegionPrompt.cs(40,106): error CS1513: }가 필요합니다. [F:\Projects\Rimworld\active\mapgen_ai\dev\Source\MapGenAI.csproj]
F:\Projects\Rimworld\active\mapgen_ai\dev\Source\MapGen\TextRegionPrompt.cs(40,109): error CS1002: ;이 필요합니다. [F:\Projects\Rimworld\active\mapgen_ai\dev\Source\MapGenAI.csproj]
F:\Projects\Rimworld\active\mapgen_ai\dev\Source\MapGen\TextRegionPrompt.cs(40,123): error CS1002: ;이 필요합니다. [F:\Projects\Rimworld\active\mapgen_ai\dev\Source\MapGenAI.csproj]
F:\Projects\Rimworld\active\mapgen_ai\dev\Source\MapGen\TextRegionPrompt.cs(40,125): error CS1002: ;이 필요합니다. [F:\Projects\Rimworld\active\mapgen_ai\dev\Source\MapGenAI.csproj]
F:\Projects\Rimworld\active\mapgen_ai\dev\Source\MapGen\TextRegionPrompt.cs(40,125): error CS1513: }가 필요합니다. [F:\Projects\Rimworld\active\mapgen_ai\dev\Source\MapGenAI.csproj]
F:\Projects\Rimworld\active\mapgen_ai\dev\Source\MapGen\TextRegionPrompt.cs(40,128): error CS1002: ;이 필요합니다. [F:\Projects\Rimworld\active\mapgen_ai\dev\Source\MapGenAI.csproj]
F:\Projects\Rimworld\active\mapgen_ai\dev\Source\MapGen\TextRegionPrompt.cs(40,134): error CS1002: ;이 필요합니다. [F:\Projects\Rimworld\active\mapgen_ai\dev\Source\MapGenAI.csproj]
F:\Projects\Rimworld\active\mapgen_ai\dev\Source\MapGen\TextRegionPrompt.cs(40,136): error CS1002: ;이 필요합니다. [F:\Projects\Rimworld\active\mapgen_ai\dev\Source\MapGenAI.csproj]
F:\Projects\Rimworld\active\mapgen_ai\dev\Source\MapGen\TextRegionPrompt.cs(40,136): error CS1513: }가 필요합니다. [F:\Projects\Rimworld\active\mapgen_ai\dev\Source\MapGenAI.csproj]
F:\Projects\Rimworld\active\mapgen_ai\dev\Source\MapGen\TextRegionPrompt.cs(40,139): error CS1002: ;이 필요합니다. [F:\Projects\Rimworld\active\mapgen_ai\dev\Source\MapGenAI.csproj]
F:\Projects\Rimworld\active\mapgen_ai\dev\Source\MapGen\TextRegionPrompt.cs(40,145): error CS1002: ;이 필요합니다. [F:\Projects\Rimworld\active\mapgen_ai\dev\Source\MapGenAI.csproj]
F:\Projects\Rimworld\active\mapgen_ai\dev\Source\MapGen\TextRegionPrompt.cs(40,147): error CS1002: ;이 필요합니다. [F:\Projects\Rimworld\active\mapgen_ai\dev\Source\MapGenAI.csproj]
F:\Projects\Rimworld\active\mapgen_ai\dev\Source\MapGen\TextRegionPrompt.cs(40,147): error CS1513: }가 필요합니다. [F:\Projects\Rimworld\active\mapgen_ai\dev\Source\MapGenAI.csproj]
F:\Projects\Rimworld\active\mapgen_ai\dev\Source\MapGen\TextRegionPrompt.cs(40,150): error CS1002: ;이 필요합니다. [F:\Projects\Rimworld\active\mapgen_ai\dev\Source\MapGenAI.csproj]
F:\Projects\Rimworld\active\mapgen_ai\dev\Source\MapGen\TextRegionPrompt.cs(40,155): error CS1002: ;이 필요합니다. [F:\Projects\Rimworld\active\mapgen_ai\dev\Source\MapGenAI.csproj]
F:\Projects\Rimworld\active\mapgen_ai\dev\Source\MapGen\TextRegionPrompt.cs(40,157): error CS1002: ;이 필요합니다. [F:\Projects\Rimworld\active\mapgen_ai\dev\Source\MapGenAI.csproj]
F:\Projects\Rimworld\active\mapgen_ai\dev\Source\MapGen\TextRegionPrompt.cs(40,157): error CS1513: }가 필요합니다. [F:\Projects\Rimworld\active\mapgen_ai\dev\Source\MapGenAI.csproj]
F:\Projects\Rimworld\active\mapgen_ai\dev\Source\MapGen\TextRegionPrompt.cs(40,160): error CS1002: ;이 필요합니다. [F:\Projects\Rimworld\active\mapgen_ai\dev\Source\MapGenAI.csproj]
F:\Projects\Rimworld\active\mapgen_ai\dev\Source\MapGen\TextRegionPrompt.cs(40,160): error CS1513: }가 필요합니다. [F:\Projects\Rimworld\active\mapgen_ai\dev\Source\MapGenAI.csproj]
F:\Projects\Rimworld\active\mapgen_ai\dev\Source\MapGen\TextRegionPrompt.cs(40,163): error CS1002: ;이 필요합니다. [F:\Projects\Rimworld\active\mapgen_ai\dev\Source\MapGenAI.csproj]
F:\Projects\Rimworld\active\mapgen_ai\dev\Source\MapGen\TextRegionPrompt.cs(40,169): error CS1002: ;이 필요합니다. [F:\Projects\Rimworld\active\mapgen_ai\dev\Source\MapGenAI.csproj]
F:\Projects\Rimworld\active\mapgen_ai\dev\Source\MapGen\TextRegionPrompt.cs(40,171): error CS1002: ;이 필요합니다. [F:\Projects\Rimworld\active\mapgen_ai\dev\Source\MapGenAI.csproj]
F:\Projects\Rimworld\active\mapgen_ai\dev\Source\MapGen\TextRegionPrompt.cs(40,171): error CS1513: }가 필요합니다. [F:\Projects\Rimworld\active\mapgen_ai\dev\Source\MapGenAI.csproj]
F:\Projects\Rimworld\active\mapgen_ai\dev\Source\MapGen\TextRegionPrompt.cs(40,174): error CS1002: ;이 필요합니다. [F:\Projects\Rimworld\active\mapgen_ai\dev\Source\MapGenAI.csproj]
F:\Projects\Rimworld\active\mapgen_ai\dev\Source\MapGen\TextRegionPrompt.cs(40,174): error CS1513: }가 필요합니다. [F:\Projects\Rimworld\active\mapgen_ai\dev\Source\MapGenAI.csproj]
F:\Projects\Rimworld\active\mapgen_ai\dev\Source\MapGen\TextRegionPrompt.cs(40,177): error CS1002: ;이 필요합니다. [F:\Projects\Rimworld\active\mapgen_ai\dev\Source\MapGenAI.csproj]
F:\Projects\Rimworld\active\mapgen_ai\dev\Source\MapGen\TextRegionPrompt.cs(40,182): error CS1002: ;이 필요합니다. [F:\Projects\Rimworld\active\mapgen_ai\dev\Source\MapGenAI.csproj]
F:\Projects\Rimworld\active\mapgen_ai\dev\Source\MapGen\TextRegionPrompt.cs(40,184): error CS1002: ;이 필요합니다. [F:\Projects\Rimworld\active\mapgen_ai\dev\Source\MapGenAI.csproj]
F:\Projects\Rimworld\active\mapgen_ai\dev\Source\MapGen\TextRegionPrompt.cs(40,184): error CS1513: }가 필요합니다. [F:\Projects\Rimworld\active\mapgen_ai\dev\Source\MapGenAI.csproj]
F:\Projects\Rimworld\active\mapgen_ai\dev\Source\MapGen\TextRegionPrompt.cs(40,186): error CS1002: ;이 필요합니다. [F:\Projects\Rimworld\active\mapgen_ai\dev\Source\MapGenAI.csproj]
F:\Projects\Rimworld\active\mapgen_ai\dev\Source\MapGen\TextRegionPrompt.cs(40,188): error CS1513: }가 필요합니다. [F:\Projects\Rimworld\active\mapgen_ai\dev\Source\MapGenAI.csproj]
F:\Projects\Rimworld\active\mapgen_ai\dev\Source\MapGen\TextRegionPrompt.cs(40,190): error CS1022: 형식이나 네임스페이스 정의 또는 파일 끝(EOF)이 필요합니다. [F:\Projects\Rimworld\active\mapgen_ai\dev\Source\MapGenAI.csproj]
F:\Projects\Rimworld\active\mapgen_ai\dev\Source\MapGen\TextRegionPrompt.cs(40,206): error CS1003: 구문 오류입니다. ','이(가) 필요합니다. [F:\Projects\Rimworld\active\mapgen_ai\dev\Source\MapGenAI.csproj]
F:\Projects\Rimworld\active\mapgen_ai\dev\Source\MapGen\TextRegionPrompt.cs(40,233): error CS1003: 구문 오류입니다. '='이(가) 필요합니다. [F:\Projects\Rimworld\active\mapgen_ai\dev\Source\MapGenAI.csproj]
F:\Projects\Rimworld\active\mapgen_ai\dev\Source\MapGen\TextRegionPrompt.cs(40,237): error CS1003: 구문 오류입니다. ','이(가) 필요합니다. [F:\Projects\Rimworld\active\mapgen_ai\dev\Source\MapGenAI.csproj]
F:\Projects\Rimworld\active\mapgen_ai\dev\Source\MapGen\TextRegionPrompt.cs(40,247): error CS1044: for 문, using 문, fixed 문, 선언문 등에는 둘 이상의 형식을 사용할 수 없습니다. [F:\Projects\Rimworld\active\mapgen_ai\dev\Source\MapGenAI.csproj]
F:\Projects\Rimworld\active\mapgen_ai\dev\Source\MapGen\TextRegionPrompt.cs(40,256): error CS1003: 구문 오류입니다. ','이(가) 필요합니다. [F:\Projects\Rimworld\active\mapgen_ai\dev\Source\MapGenAI.csproj]
F:\Projects\Rimworld\active\mapgen_ai\dev\Source\MapGen\TextRegionPrompt.cs(40,363): error CS1003: 구문 오류입니다. ','이(가) 필요합니다. [F:\Projects\Rimworld\active\mapgen_ai\dev\Source\MapGenAI.csproj]
F:\Projects\Rimworld\active\mapgen_ai\dev\Source\MapGen\TextRegionPrompt.cs(40,371): error CS1002: ;이 필요합니다. [F:\Projects\Rimworld\active\mapgen_ai\dev\Source\MapGenAI.csproj]
F:\Projects\Rimworld\active\mapgen_ai\dev\Source\MapGen\TextRegionPrompt.cs(40,371): error CS1022: 형식이나 네임스페이스 정의 또는 파일 끝(EOF)이 필요합니다. [F:\Projects\Rimworld\active\mapgen_ai\dev\Source\MapGenAI.csproj]
F:\Projects\Rimworld\active\mapgen_ai\dev\Source\MapGen\TextRegionPrompt.cs(40,374): error CS1002: ;이 필요합니다. [F:\Projects\Rimworld\active\mapgen_ai\dev\Source\MapGenAI.csproj]
F:\Projects\Rimworld\active\mapgen_ai\dev\Source\MapGen\TextRegionPrompt.cs(40,397): error CS1003: 구문 오류입니다. ','이(가) 필요합니다. [F:\Projects\Rimworld\active\mapgen_ai\dev\Source\MapGenAI.csproj]
F:\Projects\Rimworld\active\mapgen_ai\dev\Source\MapGen\TextRegionPrompt.cs(40,508): error CS1002: ;이 필요합니다. [F:\Projects\Rimworld\active\mapgen_ai\dev\Source\MapGenAI.csproj]
F:\Projects\Rimworld\active\mapgen_ai\dev\Source\MapGen\TextRegionPrompt.cs(40,508): error CS1022: 형식이나 네임스페이스 정의 또는 파일 끝(EOF)이 필요합니다. [F:\Projects\Rimworld\active\mapgen_ai\dev\Source\MapGenAI.csproj]
F:\Projects\Rimworld\active\mapgen_ai\dev\Source\MapGen\TextRegionPrompt.cs(40,511): error CS1002: ;이 필요합니다. [F:\Projects\Rimworld\active\mapgen_ai\dev\Source\MapGenAI.csproj]
F:\Projects\Rimworld\active\mapgen_ai\dev\Source\MapGen\TextRegionPrompt.cs(40,528): error CS1003: 구문 오류입니다. ','이(가) 필요합니다. [F:\Projects\Rimworld\active\mapgen_ai\dev\Source\MapGenAI.csproj]
F:\Projects\Rimworld\active\mapgen_ai\dev\Source\MapGen\TextRegionPrompt.cs(40,622): error CS1003: 구문 오류입니다. ','이(가) 필요합니다. [F:\Projects\Rimworld\active\mapgen_ai\dev\Source\MapGenAI.csproj]
F:\Projects\Rimworld\active\mapgen_ai\dev\Source\MapGen\TextRegionPrompt.cs(41,6): error CS1002: ;이 필요합니다. [F:\Projects\Rimworld\active\mapgen_ai\dev\Source\MapGenAI.csproj]
F:\Projects\Rimworld\active\mapgen_ai\dev\Source\MapGen\TextRegionPrompt.cs(41,6): error CS1022: 형식이나 네임스페이스 정의 또는 파일 끝(EOF)이 필요합니다. [F:\Projects\Rimworld\active\mapgen_ai\dev\Source\MapGenAI.csproj]
F:\Projects\Rimworld\active\mapgen_ai\dev\Source\MapGen\TextRegionPrompt.cs(41,11): error CS1002: ;이 필요합니다. [F:\Projects\Rimworld\active\mapgen_ai\dev\Source\MapGenAI.csproj]
F:\Projects\Rimworld\active\mapgen_ai\dev\Source\MapGen\TextRegionPrompt.cs(41,24): error CS1002: ;이 필요합니다. [F:\Projects\Rimworld\active\mapgen_ai\dev\Source\MapGenAI.csproj]
F:\Projects\Rimworld\active\mapgen_ai\dev\Source\MapGen\TextRegionPrompt.cs(41,26): error CS1002: ;이 필요합니다. [F:\Projects\Rimworld\active\mapgen_ai\dev\Source\MapGenAI.csproj]
F:\Projects\Rimworld\active\mapgen_ai\dev\Source\MapGen\TextRegionPrompt.cs(41,26): error CS1513: }가 필요합니다. [F:\Projects\Rimworld\active\mapgen_ai\dev\Source\MapGenAI.csproj]
F:\Projects\Rimworld\active\mapgen_ai\dev\Source\MapGen\TextRegionPrompt.cs(41,28): error CS1001: 식별자가 필요합니다. [F:\Projects\Rimworld\active\mapgen_ai\dev\Source\MapGenAI.csproj]
F:\Projects\Rimworld\active\mapgen_ai\dev\Source\MapGen\TextRegionPrompt.cs(41,28): error CS1003: 구문 오류입니다. ']'이(가) 필요합니다. [F:\Projects\Rimworld\active\mapgen_ai\dev\Source\MapGenAI.csproj]
F:\Projects\Rimworld\active\mapgen_ai\dev\Source\MapGen\TextRegionPrompt.cs(41,31): error CS1002: ;이 필요합니다. [F:\Projects\Rimworld\active\mapgen_ai\dev\Source\MapGenAI.csproj]
F:\Projects\Rimworld\active\mapgen_ai\dev\Source\MapGen\TextRegionPrompt.cs(41,33): error CS1002: ;이 필요합니다. [F:\Projects\Rimworld\active\mapgen_ai\dev\Source\MapGenAI.csproj]
F:\Projects\Rimworld\active\mapgen_ai\dev\Source\MapGen\TextRegionPrompt.cs(41,35): error CS1002: ;이 필요합니다. [F:\Projects\Rimworld\active\mapgen_ai\dev\Source\MapGenAI.csproj]
F:\Projects\Rimworld\active\mapgen_ai\dev\Source\MapGen\TextRegionPrompt.cs(41,35): error CS1513: }가 필요합니다. [F:\Projects\Rimworld\active\mapgen_ai\dev\Source\MapGenAI.csproj]
F:\Projects\Rimworld\active\mapgen_ai\dev\Source\MapGen\TextRegionPrompt.cs(41,38): error CS1002: ;이 필요합니다. [F:\Projects\Rimworld\active\mapgen_ai\dev\Source\MapGenAI.csproj]
F:\Projects\Rimworld\active\mapgen_ai\dev\Source\MapGen\TextRegionPrompt.cs(41,41): error CS1002: ;이 필요합니다. [F:\Projects\Rimworld\active\mapgen_ai\dev\Source\MapGenAI.csproj]
F:\Projects\Rimworld\active\mapgen_ai\dev\Source\MapGen\TextRegionPrompt.cs(41,43): error CS1002: ;이 필요합니다. [F:\Projects\Rimworld\active\mapgen_ai\dev\Source\MapGenAI.csproj]
F:\Projects\Rimworld\active\mapgen_ai\dev\Source\MapGen\TextRegionPrompt.cs(41,43): error CS1513: }가 필요합니다. [F:\Projects\Rimworld\active\mapgen_ai\dev\Source\MapGenAI.csproj]
F:\Projects\Rimworld\active\mapgen_ai\dev\Source\MapGen\TextRegionPrompt.cs(41,46): error CS1002: ;이 필요합니다. [F:\Projects\Rimworld\active\mapgen_ai\dev\Source\MapGenAI.csproj]
F:\Projects\Rimworld\active\mapgen_ai\dev\Source\MapGen\TextRegionPrompt.cs(41,55): error CS1002: ;이 필요합니다. [F:\Projects\Rimworld\active\mapgen_ai\dev\Source\MapGenAI.csproj]
F:\Projects\Rimworld\active\mapgen_ai\dev\Source\MapGen\TextRegionPrompt.cs(41,57): error CS1002: ;이 필요합니다. [F:\Projects\Rimworld\active\mapgen_ai\dev\Source\MapGenAI.csproj]
F:\Projects\Rimworld\active\mapgen_ai\dev\Source\MapGen\TextRegionPrompt.cs(41,57): error CS1513: }가 필요합니다. [F:\Projects\Rimworld\active\mapgen_ai\dev\Source\MapGenAI.csproj]
F:\Projects\Rimworld\active\mapgen_ai\dev\Source\MapGen\TextRegionPrompt.cs(41,61): error CS1002: ;이 필요합니다. [F:\Projects\Rimworld\active\mapgen_ai\dev\Source\MapGenAI.csproj]
F:\Projects\Rimworld\active\mapgen_ai\dev\Source\MapGen\TextRegionPrompt.cs(41,63): error CS1002: ;이 필요합니다. [F:\Projects\Rimworld\active\mapgen_ai\dev\Source\MapGenAI.csproj]
F:\Projects\Rimworld\active\mapgen_ai\dev\Source\MapGen\TextRegionPrompt.cs(41,65): error CS1002: ;이 필요합니다. [F:\Projects\Rimworld\active\mapgen_ai\dev\Source\MapGenAI.csproj]
F:\Projects\Rimworld\active\mapgen_ai\dev\Source\MapGen\TextRegionPrompt.cs(41,65): error CS1513: }가 필요합니다. [F:\Projects\Rimworld\active\mapgen_ai\dev\Source\MapGenAI.csproj]
F:\Projects\Rimworld\active\mapgen_ai\dev\Source\MapGen\TextRegionPrompt.cs(41,68): error CS1002: ;이 필요합니다. [F:\Projects\Rimworld\active\mapgen_ai\dev\Source\MapGenAI.csproj]
F:\Projects\Rimworld\active\mapgen_ai\dev\Source\MapGen\TextRegionPrompt.cs(41,75): error CS1002: ;이 필요합니다. [F:\Projects\Rimworld\active\mapgen_ai\dev\Source\MapGenAI.csproj]
F:\Projects\Rimworld\active\mapgen_ai\dev\Source\MapGen\TextRegionPrompt.cs(41,77): error CS1002: ;이 필요합니다. [F:\Projects\Rimworld\active\mapgen_ai\dev\Source\MapGenAI.csproj]
F:\Projects\Rimworld\active\mapgen_ai\dev\Source\MapGen\TextRegionPrompt.cs(41,77): error CS1513: }가 필요합니다. [F:\Projects\Rimworld\active\mapgen_ai\dev\Source\MapGenAI.csproj]
F:\Projects\Rimworld\active\mapgen_ai\dev\Source\MapGen\TextRegionPrompt.cs(41,80): error CS1002: ;이 필요합니다. [F:\Projects\Rimworld\active\mapgen_ai\dev\Source\MapGenAI.csproj]
F:\Projects\Rimworld\active\mapgen_ai\dev\Source\MapGen\TextRegionPrompt.cs(41,84): error CS1002: ;이 필요합니다. [F:\Projects\Rimworld\active\mapgen_ai\dev\Source\MapGenAI.csproj]
F:\Projects\Rimworld\active\mapgen_ai\dev\Source\MapGen\TextRegionPrompt.cs(41,86): error CS1002: ;이 필요합니다. [F:\Projects\Rimworld\active\mapgen_ai\dev\Source\MapGenAI.csproj]
F:\Projects\Rimworld\active\mapgen_ai\dev\Source\MapGen\TextRegionPrompt.cs(41,86): error CS1513: }가 필요합니다. [F:\Projects\Rimworld\active\mapgen_ai\dev\Source\MapGenAI.csproj]
F:\Projects\Rimworld\active\mapgen_ai\dev\Source\MapGen\TextRegionPrompt.cs(41,89): error CS1002: ;이 필요합니다. [F:\Projects\Rimworld\active\mapgen_ai\dev\Source\MapGenAI.csproj]
F:\Projects\Rimworld\active\mapgen_ai\dev\Source\MapGen\TextRegionPrompt.cs(41,93): error CS1002: ;이 필요합니다. [F:\Projects\Rimworld\active\mapgen_ai\dev\Source\MapGenAI.csproj]
F:\Projects\Rimworld\active\mapgen_ai\dev\Source\MapGen\TextRegionPrompt.cs(41,95): error CS1002: ;이 필요합니다. [F:\Projects\Rimworld\active\mapgen_ai\dev\Source\MapGenAI.csproj]
F:\Projects\Rimworld\active\mapgen_ai\dev\Source\MapGen\TextRegionPrompt.cs(41,95): error CS1513: }가 필요합니다. [F:\Projects\Rimworld\active\mapgen_ai\dev\Source\MapGenAI.csproj]
F:\Projects\Rimworld\active\mapgen_ai\dev\Source\MapGen\TextRegionPrompt.cs(41,98): error CS1002: ;이 필요합니다. [F:\Projects\Rimworld\active\mapgen_ai\dev\Source\MapGenAI.csproj]
F:\Projects\Rimworld\active\mapgen_ai\dev\Source\MapGen\TextRegionPrompt.cs(41,104): error CS1002: ;이 필요합니다. [F:\Projects\Rimworld\active\mapgen_ai\dev\Source\MapGenAI.csproj]
F:\Projects\Rimworld\active\mapgen_ai\dev\Source\MapGen\TextRegionPrompt.cs(41,106): error CS1002: ;이 필요합니다. [F:\Projects\Rimworld\active\mapgen_ai\dev\Source\MapGenAI.csproj]
F:\Projects\Rimworld\active\mapgen_ai\dev\Source\MapGen\TextRegionPrompt.cs(41,106): error CS1513: }가 필요합니다. [F:\Projects\Rimworld\active\mapgen_ai\dev\Source\MapGenAI.csproj]
F:\Projects\Rimworld\active\mapgen_ai\dev\Source\MapGen\TextRegionPrompt.cs(41,109): error CS1002: ;이 필요합니다. [F:\Projects\Rimworld\active\mapgen_ai\dev\Source\MapGenAI.csproj]
F:\Projects\Rimworld\active\mapgen_ai\dev\Source\MapGen\TextRegionPrompt.cs(41,115): error CS1002: ;이 필요합니다. [F:\Projects\Rimworld\active\mapgen_ai\dev\Source\MapGenAI.csproj]
F:\Projects\Rimworld\active\mapgen_ai\dev\Source\MapGen\TextRegionPrompt.cs(41,117): error CS1002: ;이 필요합니다. [F:\Projects\Rimworld\active\mapgen_ai\dev\Source\MapGenAI.csproj]
F:\Projects\Rimworld\active\mapgen_ai\dev\Source\MapGen\TextRegionPrompt.cs(41,117): error CS1513: }가 필요합니다. [F:\Projects\Rimworld\active\mapgen_ai\dev\Source\MapGenAI.csproj]
F:\Projects\Rimworld\active\mapgen_ai\dev\Source\MapGen\TextRegionPrompt.cs(41,120): error CS1002: ;이 필요합니다. [F:\Projects\Rimworld\active\mapgen_ai\dev\Source\MapGenAI.csproj]
F:\Projects\Rimworld\active\mapgen_ai\dev\Source\MapGen\TextRegionPrompt.cs(41,125): error CS1002: ;이 필요합니다. [F:\Projects\Rimworld\active\mapgen_ai\dev\Source\MapGenAI.csproj]
F:\Projects\Rimworld\active\mapgen_ai\dev\Source\MapGen\TextRegionPrompt.cs(41,127): error CS1002: ;이 필요합니다. [F:\Projects\Rimworld\active\mapgen_ai\dev\Source\MapGenAI.csproj]
F:\Projects\Rimworld\active\mapgen_ai\dev\Source\MapGen\TextRegionPrompt.cs(41,127): error CS1513: }가 필요합니다. [F:\Projects\Rimworld\active\mapgen_ai\dev\Source\MapGenAI.csproj]
F:\Projects\Rimworld\active\mapgen_ai\dev\Source\MapGen\TextRegionPrompt.cs(41,130): error CS1002: ;이 필요합니다. [F:\Projects\Rimworld\active\mapgen_ai\dev\Source\MapGenAI.csproj]
F:\Projects\Rimworld\active\mapgen_ai\dev\Source\MapGen\TextRegionPrompt.cs(41,130): error CS1513: }가 필요합니다. [F:\Projects\Rimworld\active\mapgen_ai\dev\Source\MapGenAI.csproj]
F:\Projects\Rimworld\active\mapgen_ai\dev\Source\MapGen\TextRegionPrompt.cs(41,133): error CS1002: ;이 필요합니다. [F:\Projects\Rimworld\active\mapgen_ai\dev\Source\MapGenAI.csproj]
F:\Projects\Rimworld\active\mapgen_ai\dev\Source\MapGen\TextRegionPrompt.cs(41,139): error CS1002: ;이 필요합니다. [F:\Projects\Rimworld\active\mapgen_ai\dev\Source\MapGenAI.csproj]
F:\Projects\Rimworld\active\mapgen_ai\dev\Source\MapGen\TextRegionPrompt.cs(41,141): error CS1002: ;이 필요합니다. [F:\Projects\Rimworld\active\mapgen_ai\dev\Source\MapGenAI.csproj]
F:\Projects\Rimworld\active\mapgen_ai\dev\Source\MapGen\TextRegionPrompt.cs(41,141): error CS1513: }가 필요합니다. [F:\Projects\Rimworld\active\mapgen_ai\dev\Source\MapGenAI.csproj]
F:\Projects\Rimworld\active\mapgen_ai\dev\Source\MapGen\TextRegionPrompt.cs(41,143): error CS1002: ;이 필요합니다. [F:\Projects\Rimworld\active\mapgen_ai\dev\Source\MapGenAI.csproj]
F:\Projects\Rimworld\active\mapgen_ai\dev\Source\MapGen\TextRegionPrompt.cs(41,143): error CS1513: }가 필요합니다. [F:\Projects\Rimworld\active\mapgen_ai\dev\Source\MapGenAI.csproj]
F:\Projects\Rimworld\active\mapgen_ai\dev\Source\MapGen\TextRegionPrompt.cs(41,146): error CS1002: ;이 필요합니다. [F:\Projects\Rimworld\active\mapgen_ai\dev\Source\MapGenAI.csproj]
F:\Projects\Rimworld\active\mapgen_ai\dev\Source\MapGen\TextRegionPrompt.cs(41,151): error CS1002: ;이 필요합니다. [F:\Projects\Rimworld\active\mapgen_ai\dev\Source\MapGenAI.csproj]
F:\Projects\Rimworld\active\mapgen_ai\dev\Source\MapGen\TextRegionPrompt.cs(41,153): error CS1002: ;이 필요합니다. [F:\Projects\Rimworld\active\mapgen_ai\dev\Source\MapGenAI.csproj]
F:\Projects\Rimworld\active\mapgen_ai\dev\Source\MapGen\TextRegionPrompt.cs(41,153): error CS1513: }가 필요합니다. [F:\Projects\Rimworld\active\mapgen_ai\dev\Source\MapGenAI.csproj]
F:\Projects\Rimworld\active\mapgen_ai\dev\Source\MapGen\TextRegionPrompt.cs(41,155): error CS1002: ;이 필요합니다. [F:\Projects\Rimworld\active\mapgen_ai\dev\Source\MapGenAI.csproj]
F:\Projects\Rimworld\active\mapgen_ai\dev\Source\MapGen\TextRegionPrompt.cs(41,157): error CS1513: }가 필요합니다. [F:\Projects\Rimworld\active\mapgen_ai\dev\Source\MapGenAI.csproj]
F:\Projects\Rimworld\active\mapgen_ai\dev\Source\MapGen\TextRegionPrompt.cs(41,159): error CS1022: 형식이나 네임스페이스 정의 또는 파일 끝(EOF)이 필요합니다. [F:\Projects\Rimworld\active\mapgen_ai\dev\Source\MapGenAI.csproj]
F:\Projects\Rimworld\active\mapgen_ai\dev\Source\MapGen\TextRegionPrompt.cs(41,179): error CS1003: 구문 오류입니다. ','이(가) 필요합니다. [F:\Projects\Rimworld\active\mapgen_ai\dev\Source\MapGenAI.csproj]
F:\Projects\Rimworld\active\mapgen_ai\dev\Source\MapGen\TextRegionPrompt.cs(41,277): error CS1044: for 문, using 문, fixed 문, 선언문 등에는 둘 이상의 형식을 사용할 수 없습니다. [F:\Projects\Rimworld\active\mapgen_ai\dev\Source\MapGenAI.csproj]
F:\Projects\Rimworld\active\mapgen_ai\dev\Source\MapGen\TextRegionPrompt.cs(41,287): error CS1003: 구문 오류입니다. ','이(가) 필요합니다. [F:\Projects\Rimworld\active\mapgen_ai\dev\Source\MapGenAI.csproj]
F:\Projects\Rimworld\active\mapgen_ai\dev\Source\MapGen\TextRegionPrompt.cs(42,25): error CS1002: ;이 필요합니다. [F:\Projects\Rimworld\active\mapgen_ai\dev\Source\MapGenAI.csproj]
F:\Projects\Rimworld\active\mapgen_ai\dev\Source\MapGen\TextRegionPrompt.cs(42,25): error CS1022: 형식이나 네임스페이스 정의 또는 파일 끝(EOF)이 필요합니다. [F:\Projects\Rimworld\active\mapgen_ai\dev\Source\MapGenAI.csproj]
F:\Projects\Rimworld\active\mapgen_ai\dev\Source\MapGen\TextRegionPrompt.cs(42,41): error CS1002: ;이 필요합니다. [F:\Projects\Rimworld\active\mapgen_ai\dev\Source\MapGenAI.csproj]
F:\Projects\Rimworld\active\mapgen_ai\dev\Source\MapGen\TextRegionPrompt.cs(42,41): error CS1022: 형식이나 네임스페이스 정의 또는 파일 끝(EOF)이 필요합니다. [F:\Projects\Rimworld\active\mapgen_ai\dev\Source\MapGenAI.csproj]
F:\Projects\Rimworld\active\mapgen_ai\dev\Source\MapGen\TextRegionPrompt.cs(42,64): error CS0116: 네임스페이스는 필드, 메서드 또는 문과 같은 멤버를 직접 포함할 수 없습니다. [F:\Projects\Rimworld\active\mapgen_ai\dev\Source\MapGenAI.csproj]
F:\Projects\Rimworld\active\mapgen_ai\dev\Source\MapGen\TextRegionPrompt.cs(42,65): error CS1022: 형식이나 네임스페이스 정의 또는 파일 끝(EOF)이 필요합니다. [F:\Projects\Rimworld\active\mapgen_ai\dev\Source\MapGenAI.csproj]
F:\Projects\Rimworld\active\mapgen_ai\dev\Source\MapGen\TextRegionPrompt.cs(42,81): error CS1002: ;이 필요합니다. [F:\Projects\Rimworld\active\mapgen_ai\dev\Source\MapGenAI.csproj]
F:\Projects\Rimworld\active\mapgen_ai\dev\Source\MapGen\TextRegionPrompt.cs(42,81): error CS1022: 형식이나 네임스페이스 정의 또는 파일 끝(EOF)이 필요합니다. [F:\Projects\Rimworld\active\mapgen_ai\dev\Source\MapGenAI.csproj]
F:\Projects\Rimworld\active\mapgen_ai\dev\Source\MapGen\TextRegionPrompt.cs(42,95): error CS1002: ;이 필요합니다. [F:\Projects\Rimworld\active\mapgen_ai\dev\Source\MapGenAI.csproj]
F:\Projects\Rimworld\active\mapgen_ai\dev\Source\MapGen\TextRegionPrompt.cs(42,110): error CS1003: 구문 오류입니다. ','이(가) 필요합니다. [F:\Projects\Rimworld\active\mapgen_ai\dev\Source\MapGenAI.csproj]
F:\Projects\Rimworld\active\mapgen_ai\dev\Source\MapGen\TextRegionPrompt.cs(42,117): error CS1056: 예기치 않은 '±' 문자입니다. [F:\Projects\Rimworld\active\mapgen_ai\dev\Source\MapGenAI.csproj]
F:\Projects\Rimworld\active\mapgen_ai\dev\Source\MapGen\TextRegionPrompt.cs(43,34): error CS1003: 구문 오류입니다. '='이(가) 필요합니다. [F:\Projects\Rimworld\active\mapgen_ai\dev\Source\MapGenAI.csproj]
F:\Projects\Rimworld\active\mapgen_ai\dev\Source\MapGen\TextRegionPrompt.cs(43,46): error CS1003: 구문 오류입니다. ','이(가) 필요합니다. [F:\Projects\Rimworld\active\mapgen_ai\dev\Source\MapGenAI.csproj]
F:\Projects\Rimworld\active\mapgen_ai\dev\Source\MapGen\TextRegionPrompt.cs(43,54): error CS1002: ;이 필요합니다. [F:\Projects\Rimworld\active\mapgen_ai\dev\Source\MapGenAI.csproj]
F:\Projects\Rimworld\active\mapgen_ai\dev\Source\MapGen\TextRegionPrompt.cs(43,54): error CS1022: 형식이나 네임스페이스 정의 또는 파일 끝(EOF)이 필요합니다. [F:\Projects\Rimworld\active\mapgen_ai\dev\Source\MapGenAI.csproj]
F:\Projects\Rimworld\active\mapgen_ai\dev\Source\MapGen\TextRegionPrompt.cs(43,59): error CS1002: ;이 필요합니다. [F:\Projects\Rimworld\active\mapgen_ai\dev\Source\MapGenAI.csproj]
F:\Projects\Rimworld\active\mapgen_ai\dev\Source\MapGen\TextRegionPrompt.cs(43,61): error CS1002: ;이 필요합니다. [F:\Projects\Rimworld\active\mapgen_ai\dev\Source\MapGenAI.csproj]
F:\Projects\Rimworld\active\mapgen_ai\dev\Source\MapGen\TextRegionPrompt.cs(43,63): error CS1002: ;이 필요합니다. [F:\Projects\Rimworld\active\mapgen_ai\dev\Source\MapGenAI.csproj]
F:\Projects\Rimworld\active\mapgen_ai\dev\Source\MapGen\TextRegionPrompt.cs(43,63): error CS1513: }가 필요합니다. [F:\Projects\Rimworld\active\mapgen_ai\dev\Source\MapGenAI.csproj]
F:\Projects\Rimworld\active\mapgen_ai\dev\Source\MapGen\TextRegionPrompt.cs(43,66): error CS1002: ;이 필요합니다. [F:\Projects\Rimworld\active\mapgen_ai\dev\Source\MapGenAI.csproj]
F:\Projects\Rimworld\active\mapgen_ai\dev\Source\MapGen\TextRegionPrompt.cs(43,72): error CS1002: ;이 필요합니다. [F:\Projects\Rimworld\active\mapgen_ai\dev\Source\MapGenAI.csproj]
F:\Projects\Rimworld\active\mapgen_ai\dev\Source\MapGen\TextRegionPrompt.cs(43,74): error CS1002: ;이 필요합니다. [F:\Projects\Rimworld\active\mapgen_ai\dev\Source\MapGenAI.csproj]
F:\Projects\Rimworld\active\mapgen_ai\dev\Source\MapGen\TextRegionPrompt.cs(43,74): error CS1513: }가 필요합니다. [F:\Projects\Rimworld\active\mapgen_ai\dev\Source\MapGenAI.csproj]
F:\Projects\Rimworld\active\mapgen_ai\dev\Source\MapGen\TextRegionPrompt.cs(43,77): error CS1002: ;이 필요합니다. [F:\Projects\Rimworld\active\mapgen_ai\dev\Source\MapGenAI.csproj]
F:\Projects\Rimworld\active\mapgen_ai\dev\Source\MapGen\TextRegionPrompt.cs(43,79): error CS1002: ;이 필요합니다. [F:\Projects\Rimworld\active\mapgen_ai\dev\Source\MapGenAI.csproj]
F:\Projects\Rimworld\active\mapgen_ai\dev\Source\MapGen\TextRegionPrompt.cs(43,81): error CS1002: ;이 필요합니다. [F:\Projects\Rimworld\active\mapgen_ai\dev\Source\MapGenAI.csproj]
F:\Projects\Rimworld\active\mapgen_ai\dev\Source\MapGen\TextRegionPrompt.cs(43,81): error CS1513: }가 필요합니다. [F:\Projects\Rimworld\active\mapgen_ai\dev\Source\MapGenAI.csproj]
F:\Projects\Rimworld\active\mapgen_ai\dev\Source\MapGen\TextRegionPrompt.cs(43,84): error CS1002: ;이 필요합니다. [F:\Projects\Rimworld\active\mapgen_ai\dev\Source\MapGenAI.csproj]
F:\Projects\Rimworld\active\mapgen_ai\dev\Source\MapGen\TextRegionPrompt.cs(43,91): error CS1002: ;이 필요합니다. [F:\Projects\Rimworld\active\mapgen_ai\dev\Source\MapGenAI.csproj]
F:\Projects\Rimworld\active\mapgen_ai\dev\Source\MapGen\TextRegionPrompt.cs(43,93): error CS1002: ;이 필요합니다. [F:\Projects\Rimworld\active\mapgen_ai\dev\Source\MapGenAI.csproj]
F:\Projects\Rimworld\active\mapgen_ai\dev\Source\MapGen\TextRegionPrompt.cs(43,93): error CS1513: }가 필요합니다. [F:\Projects\Rimworld\active\mapgen_ai\dev\Source\MapGenAI.csproj]
F:\Projects\Rimworld\active\mapgen_ai\dev\Source\MapGen\TextRegionPrompt.cs(43,96): error CS1002: ;이 필요합니다. [F:\Projects\Rimworld\active\mapgen_ai\dev\Source\MapGenAI.csproj]
F:\Projects\Rimworld\active\mapgen_ai\dev\Source\MapGen\TextRegionPrompt.cs(43,103): error CS1002: ;이 필요합니다. [F:\Projects\Rimworld\active\mapgen_ai\dev\Source\MapGenAI.csproj]
F:\Projects\Rimworld\active\mapgen_ai\dev\Source\MapGen\TextRegionPrompt.cs(43,105): error CS1002: ;이 필요합니다. [F:\Projects\Rimworld\active\mapgen_ai\dev\Source\MapGenAI.csproj]
F:\Projects\Rimworld\active\mapgen_ai\dev\Source\MapGen\TextRegionPrompt.cs(43,105): error CS1513: }가 필요합니다. [F:\Projects\Rimworld\active\mapgen_ai\dev\Source\MapGenAI.csproj]
F:\Projects\Rimworld\active\mapgen_ai\dev\Source\MapGen\TextRegionPrompt.cs(43,109): error CS1002: ;이 필요합니다. [F:\Projects\Rimworld\active\mapgen_ai\dev\Source\MapGenAI.csproj]
F:\Projects\Rimworld\active\mapgen_ai\dev\Source\MapGen\TextRegionPrompt.cs(43,114): error CS1002: ;이 필요합니다. [F:\Projects\Rimworld\active\mapgen_ai\dev\Source\MapGenAI.csproj]
F:\Projects\Rimworld\active\mapgen_ai\dev\Source\MapGen\TextRegionPrompt.cs(43,116): error CS1002: ;이 필요합니다. [F:\Projects\Rimworld\active\mapgen_ai\dev\Source\MapGenAI.csproj]
F:\Projects\Rimworld\active\mapgen_ai\dev\Source\MapGen\TextRegionPrompt.cs(43,116): error CS1513: }가 필요합니다. [F:\Projects\Rimworld\active\mapgen_ai\dev\Source\MapGenAI.csproj]
F:\Projects\Rimworld\active\mapgen_ai\dev\Source\MapGen\TextRegionPrompt.cs(43,118): error CS1002: ;이 필요합니다. [F:\Projects\Rimworld\active\mapgen_ai\dev\Source\MapGenAI.csproj]
F:\Projects\Rimworld\active\mapgen_ai\dev\Source\MapGen\TextRegionPrompt.cs(43,120): error CS1022: 형식이나 네임스페이스 정의 또는 파일 끝(EOF)이 필요합니다. [F:\Projects\Rimworld\active\mapgen_ai\dev\Source\MapGenAI.csproj]
F:\Projects\Rimworld\active\mapgen_ai\dev\Source\MapGen\TextRegionPrompt.cs(43,133): error CS1002: ;이 필요합니다. [F:\Projects\Rimworld\active\mapgen_ai\dev\Source\MapGenAI.csproj]
F:\Projects\Rimworld\active\mapgen_ai\dev\Source\MapGen\TextRegionPrompt.cs(43,135): error CS1002: ;이 필요합니다. [F:\Projects\Rimworld\active\mapgen_ai\dev\Source\MapGenAI.csproj]
F:\Projects\Rimworld\active\mapgen_ai\dev\Source\MapGen\TextRegionPrompt.cs(43,137): error CS1002: ;이 필요합니다. [F:\Projects\Rimworld\active\mapgen_ai\dev\Source\MapGenAI.csproj]
F:\Projects\Rimworld\active\mapgen_ai\dev\Source\MapGen\TextRegionPrompt.cs(43,137): error CS1513: }가 필요합니다. [F:\Projects\Rimworld\active\mapgen_ai\dev\Source\MapGenAI.csproj]
F:\Projects\Rimworld\active\mapgen_ai\dev\Source\MapGen\TextRegionPrompt.cs(43,140): error CS1002: ;이 필요합니다. [F:\Projects\Rimworld\active\mapgen_ai\dev\Source\MapGenAI.csproj]
F:\Projects\Rimworld\active\mapgen_ai\dev\Source\MapGen\TextRegionPrompt.cs(43,146): error CS1002: ;이 필요합니다. [F:\Projects\Rimworld\active\mapgen_ai\dev\Source\MapGenAI.csproj]
F:\Projects\Rimworld\active\mapgen_ai\dev\Source\MapGen\TextRegionPrompt.cs(43,148): error CS1002: ;이 필요합니다. [F:\Projects\Rimworld\active\mapgen_ai\dev\Source\MapGenAI.csproj]
F:\Projects\Rimworld\active\mapgen_ai\dev\Source\MapGen\TextRegionPrompt.cs(43,148): error CS1513: }가 필요합니다. [F:\Projects\Rimworld\active\mapgen_ai\dev\Source\MapGenAI.csproj]
F:\Projects\Rimworld\active\mapgen_ai\dev\Source\MapGen\TextRegionPrompt.cs(43,151): error CS1002: ;이 필요합니다. [F:\Projects\Rimworld\active\mapgen_ai\dev\Source\MapGenAI.csproj]
F:\Projects\Rimworld\active\mapgen_ai\dev\Source\MapGen\TextRegionPrompt.cs(43,153): error CS1002: ;이 필요합니다. [F:\Projects\Rimworld\active\mapgen_ai\dev\Source\MapGenAI.csproj]
F:\Projects\Rimworld\active\mapgen_ai\dev\Source\MapGen\TextRegionPrompt.cs(43,155): error CS1002: ;이 필요합니다. [F:\Projects\Rimworld\active\mapgen_ai\dev\Source\MapGenAI.csproj]
F:\Projects\Rimworld\active\mapgen_ai\dev\Source\MapGen\TextRegionPrompt.cs(43,155): error CS1513: }가 필요합니다. [F:\Projects\Rimworld\active\mapgen_ai\dev\Source\MapGenAI.csproj]
F:\Projects\Rimworld\active\mapgen_ai\dev\Source\MapGen\TextRegionPrompt.cs(43,158): error CS1002: ;이 필요합니다. [F:\Projects\Rimworld\active\mapgen_ai\dev\Source\MapGenAI.csproj]
F:\Projects\Rimworld\active\mapgen_ai\dev\Source\MapGen\TextRegionPrompt.cs(43,165): error CS1002: ;이 필요합니다. [F:\Projects\Rimworld\active\mapgen_ai\dev\Source\MapGenAI.csproj]
F:\Projects\Rimworld\active\mapgen_ai\dev\Source\MapGen\TextRegionPrompt.cs(43,167): error CS1002: ;이 필요합니다. [F:\Projects\Rimworld\active\mapgen_ai\dev\Source\MapGenAI.csproj]
F:\Projects\Rimworld\active\mapgen_ai\dev\Source\MapGen\TextRegionPrompt.cs(43,168): error CS1022: 형식이나 네임스페이스 정의 또는 파일 끝(EOF)이 필요합니다. [F:\Projects\Rimworld\active\mapgen_ai\dev\Source\MapGenAI.csproj]
F:\Projects\Rimworld\active\mapgen_ai\dev\Source\MapGen\TextRegionPrompt.cs(43,185): error CS1003: 구문 오류입니다. '='이(가) 필요합니다. [F:\Projects\Rimworld\active\mapgen_ai\dev\Source\MapGenAI.csproj]
F:\Projects\Rimworld\active\mapgen_ai\dev\Source\MapGen\TextRegionPrompt.cs(43,256): error CS1003: 구문 오류입니다. ','이(가) 필요합니다. [F:\Projects\Rimworld\active\mapgen_ai\dev\Source\MapGenAI.csproj]
F:\Projects\Rimworld\active\mapgen_ai\dev\Source\MapGen\TextRegionPrompt.cs(43,269): error CS1044: for 문, using 문, fixed 문, 선언문 등에는 둘 이상의 형식을 사용할 수 없습니다. [F:\Projects\Rimworld\active\mapgen_ai\dev\Source\MapGenAI.csproj]
F:\Projects\Rimworld\active\mapgen_ai\dev\Source\MapGen\TextRegionPrompt.cs(43,273): error CS1003: 구문 오류입니다. ','이(가) 필요합니다. [F:\Projects\Rimworld\active\mapgen_ai\dev\Source\MapGenAI.csproj]
F:\Projects\Rimworld\active\mapgen_ai\dev\Source\MapGen\TextRegionPrompt.cs(44,185): error CS1002: ;이 필요합니다. [F:\Projects\Rimworld\active\mapgen_ai\dev\Source\MapGenAI.csproj]
F:\Projects\Rimworld\active\mapgen_ai\dev\Source\MapGen\TextRegionPrompt.cs(44,185): error CS1022: 형식이나 네임스페이스 정의 또는 파일 끝(EOF)이 필요합니다. [F:\Projects\Rimworld\active\mapgen_ai\dev\Source\MapGenAI.csproj]
F:\Projects\Rimworld\active\mapgen_ai\dev\Source\MapGen\TextRegionPrompt.cs(44,188): error CS1002: ;이 필요합니다. [F:\Projects\Rimworld\active\mapgen_ai\dev\Source\MapGenAI.csproj]
F:\Projects\Rimworld\active\mapgen_ai\dev\Source\MapGen\TextRegionPrompt.cs(44,191): error CS1001: 식별자가 필요합니다. [F:\Projects\Rimworld\active\mapgen_ai\dev\Source\MapGenAI.csproj]
F:\Projects\Rimworld\active\mapgen_ai\dev\Source\MapGen\TextRegionPrompt.cs(44,193): error CS1044: for 문, using 문, fixed 문, 선언문 등에는 둘 이상의 형식을 사용할 수 없습니다. [F:\Projects\Rimworld\active\mapgen_ai\dev\Source\MapGenAI.csproj]
F:\Projects\Rimworld\active\mapgen_ai\dev\Source\MapGen\TextRegionPrompt.cs(44,201): error CS1003: 구문 오류입니다. ','이(가) 필요합니다. [F:\Projects\Rimworld\active\mapgen_ai\dev\Source\MapGenAI.csproj]
F:\Projects\Rimworld\active\mapgen_ai\dev\Source\MapGen\TextRegionPrompt.cs(45,101): error CS1044: for 문, using 문, fixed 문, 선언문 등에는 둘 이상의 형식을 사용할 수 없습니다. [F:\Projects\Rimworld\active\mapgen_ai\dev\Source\MapGenAI.csproj]
F:\Projects\Rimworld\active\mapgen_ai\dev\Source\MapGen\TextRegionPrompt.cs(45,104): error CS1003: 구문 오류입니다. ','이(가) 필요합니다. [F:\Projects\Rimworld\active\mapgen_ai\dev\Source\MapGenAI.csproj]
F:\Projects\Rimworld\active\mapgen_ai\dev\Source\MapGen\TextRegionPrompt.cs(46,19): error CS1002: ;이 필요합니다. [F:\Projects\Rimworld\active\mapgen_ai\dev\Source\MapGenAI.csproj]
F:\Projects\Rimworld\active\mapgen_ai\dev\Source\MapGen\TextRegionPrompt.cs(46,19): error CS1022: 형식이나 네임스페이스 정의 또는 파일 끝(EOF)이 필요합니다. [F:\Projects\Rimworld\active\mapgen_ai\dev\Source\MapGenAI.csproj]
F:\Projects\Rimworld\active\mapgen_ai\dev\Source\MapGen\TextRegionPrompt.cs(46,33): error CS1002: ;이 필요합니다. [F:\Projects\Rimworld\active\mapgen_ai\dev\Source\MapGenAI.csproj]
F:\Projects\Rimworld\active\mapgen_ai\dev\Source\MapGen\TextRegionPrompt.cs(46,39): error CS1002: ;이 필요합니다. [F:\Projects\Rimworld\active\mapgen_ai\dev\Source\MapGenAI.csproj]
F:\Projects\Rimworld\active\mapgen_ai\dev\Source\MapGen\TextRegionPrompt.cs(46,41): error CS1002: ;이 필요합니다. [F:\Projects\Rimworld\active\mapgen_ai\dev\Source\MapGenAI.csproj]
F:\Projects\Rimworld\active\mapgen_ai\dev\Source\MapGen\TextRegionPrompt.cs(46,41): error CS1513: }가 필요합니다. [F:\Projects\Rimworld\active\mapgen_ai\dev\Source\MapGenAI.csproj]
F:\Projects\Rimworld\active\mapgen_ai\dev\Source\MapGen\TextRegionPrompt.cs(46,44): error CS1002: ;이 필요합니다. [F:\Projects\Rimworld\active\mapgen_ai\dev\Source\MapGenAI.csproj]
F:\Projects\Rimworld\active\mapgen_ai\dev\Source\MapGen\TextRegionPrompt.cs(46,49): error CS1002: ;이 필요합니다. [F:\Projects\Rimworld\active\mapgen_ai\dev\Source\MapGenAI.csproj]
F:\Projects\Rimworld\active\mapgen_ai\dev\Source\MapGen\TextRegionPrompt.cs(46,51): error CS1002: ;이 필요합니다. [F:\Projects\Rimworld\active\mapgen_ai\dev\Source\MapGenAI.csproj]
F:\Projects\Rimworld\active\mapgen_ai\dev\Source\MapGen\TextRegionPrompt.cs(46,51): error CS1513: }가 필요합니다. [F:\Projects\Rimworld\active\mapgen_ai\dev\Source\MapGenAI.csproj]
F:\Projects\Rimworld\active\mapgen_ai\dev\Source\MapGen\TextRegionPrompt.cs(46,54): error CS1002: ;이 필요합니다. [F:\Projects\Rimworld\active\mapgen_ai\dev\Source\MapGenAI.csproj]
F:\Projects\Rimworld\active\mapgen_ai\dev\Source\MapGen\TextRegionPrompt.cs(46,66): error CS1002: ;이 필요합니다. [F:\Projects\Rimworld\active\mapgen_ai\dev\Source\MapGenAI.csproj]
F:\Projects\Rimworld\active\mapgen_ai\dev\Source\MapGen\TextRegionPrompt.cs(46,68): error CS1002: ;이 필요합니다. [F:\Projects\Rimworld\active\mapgen_ai\dev\Source\MapGenAI.csproj]
F:\Projects\Rimworld\active\mapgen_ai\dev\Source\MapGen\TextRegionPrompt.cs(46,68): error CS1513: }가 필요합니다. [F:\Projects\Rimworld\active\mapgen_ai\dev\Source\MapGenAI.csproj]
F:\Projects\Rimworld\active\mapgen_ai\dev\Source\MapGen\TextRegionPrompt.cs(46,70): error CS1002: ;이 필요합니다. [F:\Projects\Rimworld\active\mapgen_ai\dev\Source\MapGenAI.csproj]
F:\Projects\Rimworld\active\mapgen_ai\dev\Source\MapGen\TextRegionPrompt.cs(46,70): error CS1513: }가 필요합니다. [F:\Projects\Rimworld\active\mapgen_ai\dev\Source\MapGenAI.csproj]
F:\Projects\Rimworld\active\mapgen_ai\dev\Source\MapGen\TextRegionPrompt.cs(46,73): error CS1002: ;이 필요합니다. [F:\Projects\Rimworld\active\mapgen_ai\dev\Source\MapGenAI.csproj]
F:\Projects\Rimworld\active\mapgen_ai\dev\Source\MapGen\TextRegionPrompt.cs(46,85): error CS1002: ;이 필요합니다. [F:\Projects\Rimworld\active\mapgen_ai\dev\Source\MapGenAI.csproj]
F:\Projects\Rimworld\active\mapgen_ai\dev\Source\MapGen\TextRegionPrompt.cs(46,87): error CS1002: ;이 필요합니다. [F:\Projects\Rimworld\active\mapgen_ai\dev\Source\MapGenAI.csproj]
F:\Projects\Rimworld\active\mapgen_ai\dev\Source\MapGen\TextRegionPrompt.cs(46,87): error CS1513: }가 필요합니다. [F:\Projects\Rimworld\active\mapgen_ai\dev\Source\MapGenAI.csproj]
F:\Projects\Rimworld\active\mapgen_ai\dev\Source\MapGen\TextRegionPrompt.cs(46,90): error CS1002: ;이 필요합니다. [F:\Projects\Rimworld\active\mapgen_ai\dev\Source\MapGenAI.csproj]
F:\Projects\Rimworld\active\mapgen_ai\dev\Source\MapGen\TextRegionPrompt.cs(46,90): error CS1513: }가 필요합니다. [F:\Projects\Rimworld\active\mapgen_ai\dev\Source\MapGenAI.csproj]
F:\Projects\Rimworld\active\mapgen_ai\dev\Source\MapGen\TextRegionPrompt.cs(46,93): error CS1002: ;이 필요합니다. [F:\Projects\Rimworld\active\mapgen_ai\dev\Source\MapGenAI.csproj]
F:\Projects\Rimworld\active\mapgen_ai\dev\Source\MapGen\TextRegionPrompt.cs(46,97): error CS1002: ;이 필요합니다. [F:\Projects\Rimworld\active\mapgen_ai\dev\Source\MapGenAI.csproj]
F:\Projects\Rimworld\active\mapgen_ai\dev\Source\MapGen\TextRegionPrompt.cs(46,99): error CS1002: ;이 필요합니다. [F:\Projects\Rimworld\active\mapgen_ai\dev\Source\MapGenAI.csproj]
F:\Projects\Rimworld\active\mapgen_ai\dev\Source\MapGen\TextRegionPrompt.cs(46,99): error CS1513: }가 필요합니다. [F:\Projects\Rimworld\active\mapgen_ai\dev\Source\MapGenAI.csproj]
F:\Projects\Rimworld\active\mapgen_ai\dev\Source\MapGen\TextRegionPrompt.cs(46,102): error CS1002: ;이 필요합니다. [F:\Projects\Rimworld\active\mapgen_ai\dev\Source\MapGenAI.csproj]
F:\Projects\Rimworld\active\mapgen_ai\dev\Source\MapGen\TextRegionPrompt.cs(46,106): error CS1002: ;이 필요합니다. [F:\Projects\Rimworld\active\mapgen_ai\dev\Source\MapGenAI.csproj]
F:\Projects\Rimworld\active\mapgen_ai\dev\Source\MapGen\TextRegionPrompt.cs(46,108): error CS1002: ;이 필요합니다. [F:\Projects\Rimworld\active\mapgen_ai\dev\Source\MapGenAI.csproj]
F:\Projects\Rimworld\active\mapgen_ai\dev\Source\MapGen\TextRegionPrompt.cs(46,123): error CS1003: 구문 오류입니다. ','이(가) 필요합니다. [F:\Projects\Rimworld\active\mapgen_ai\dev\Source\MapGenAI.csproj]
F:\Projects\Rimworld\active\mapgen_ai\dev\Source\MapGen\TextRegionPrompt.cs(46,187): error CS1044: for 문, using 문, fixed 문, 선언문 등에는 둘 이상의 형식을 사용할 수 없습니다. [F:\Projects\Rimworld\active\mapgen_ai\dev\Source\MapGenAI.csproj]
F:\Projects\Rimworld\active\mapgen_ai\dev\Source\MapGen\TextRegionPrompt.cs(46,190): error CS1003: 구문 오류입니다. ','이(가) 필요합니다. [F:\Projects\Rimworld\active\mapgen_ai\dev\Source\MapGenAI.csproj]
F:\Projects\Rimworld\active\mapgen_ai\dev\Source\MapGen\TextRegionPrompt.cs(46,212): error CS1002: ;이 필요합니다. [F:\Projects\Rimworld\active\mapgen_ai\dev\Source\MapGenAI.csproj]
F:\Projects\Rimworld\active\mapgen_ai\dev\Source\MapGen\TextRegionPrompt.cs(46,212): error CS1022: 형식이나 네임스페이스 정의 또는 파일 끝(EOF)이 필요합니다. [F:\Projects\Rimworld\active\mapgen_ai\dev\Source\MapGenAI.csproj]
F:\Projects\Rimworld\active\mapgen_ai\dev\Source\MapGen\TextRegionPrompt.cs(46,227): error CS1003: 구문 오류입니다. ','이(가) 필요합니다. [F:\Projects\Rimworld\active\mapgen_ai\dev\Source\MapGenAI.csproj]
F:\Projects\Rimworld\active\mapgen_ai\dev\Source\MapGen\TextRegionPrompt.cs(46,233): error CS1002: ;이 필요합니다. [F:\Projects\Rimworld\active\mapgen_ai\dev\Source\MapGenAI.csproj]
F:\Projects\Rimworld\active\mapgen_ai\dev\Source\MapGen\TextRegionPrompt.cs(46,233): error CS1022: 형식이나 네임스페이스 정의 또는 파일 끝(EOF)이 필요합니다. [F:\Projects\Rimworld\active\mapgen_ai\dev\Source\MapGenAI.csproj]
F:\Projects\Rimworld\active\mapgen_ai\dev\Source\MapGen\TextRegionPrompt.cs(46,240): error CS1001: 식별자가 필요합니다. [F:\Projects\Rimworld\active\mapgen_ai\dev\Source\MapGenAI.csproj]
F:\Projects\Rimworld\active\mapgen_ai\dev\Source\MapGen\TextRegionPrompt.cs(46,251): error CS1528: ; 또는 =가 필요합니다. 선언에서는 생성자 인수를 지정할 수 없습니다. [F:\Projects\Rimworld\active\mapgen_ai\dev\Source\MapGenAI.csproj]
F:\Projects\Rimworld\active\mapgen_ai\dev\Source\MapGen\TextRegionPrompt.cs(46,251): error CS1003: 구문 오류입니다. '['이(가) 필요합니다. [F:\Projects\Rimworld\active\mapgen_ai\dev\Source\MapGenAI.csproj]
F:\Projects\Rimworld\active\mapgen_ai\dev\Source\MapGen\TextRegionPrompt.cs(46,258): error CS1003: 구문 오류입니다. ','이(가) 필요합니다. [F:\Projects\Rimworld\active\mapgen_ai\dev\Source\MapGenAI.csproj]
F:\Projects\Rimworld\active\mapgen_ai\dev\Source\MapGen\TextRegionPrompt.cs(46,267): error CS1003: 구문 오류입니다. ','이(가) 필요합니다. [F:\Projects\Rimworld\active\mapgen_ai\dev\Source\MapGenAI.csproj]
F:\Projects\Rimworld\active\mapgen_ai\dev\Source\MapGen\TextRegionPrompt.cs(46,271): error CS1003: 구문 오류입니다. ']'이(가) 필요합니다. [F:\Projects\Rimworld\active\mapgen_ai\dev\Source\MapGenAI.csproj]
F:\Projects\Rimworld\active\mapgen_ai\dev\Source\MapGen\TextRegionPrompt.cs(46,286): error CS1528: ; 또는 =가 필요합니다. 선언에서는 생성자 인수를 지정할 수 없습니다. [F:\Projects\Rimworld\active\mapgen_ai\dev\Source\MapGenAI.csproj]
F:\Projects\Rimworld\active\mapgen_ai\dev\Source\MapGen\TextRegionPrompt.cs(46,286): error CS1003: 구문 오류입니다. '['이(가) 필요합니다. [F:\Projects\Rimworld\active\mapgen_ai\dev\Source\MapGenAI.csproj]
F:\Projects\Rimworld\active\mapgen_ai\dev\Source\MapGen\TextRegionPrompt.cs(46,293): error CS1003: 구문 오류입니다. ','이(가) 필요합니다. [F:\Projects\Rimworld\active\mapgen_ai\dev\Source\MapGenAI.csproj]
F:\Projects\Rimworld\active\mapgen_ai\dev\Source\MapGen\TextRegionPrompt.cs(46,302): error CS1003: 구문 오류입니다. ','이(가) 필요합니다. [F:\Projects\Rimworld\active\mapgen_ai\dev\Source\MapGenAI.csproj]
F:\Projects\Rimworld\active\mapgen_ai\dev\Source\MapGen\TextRegionPrompt.cs(46,305): error CS1003: 구문 오류입니다. ','이(가) 필요합니다. [F:\Projects\Rimworld\active\mapgen_ai\dev\Source\MapGenAI.csproj]
F:\Projects\Rimworld\active\mapgen_ai\dev\Source\MapGen\TextRegionPrompt.cs(46,309): error CS1003: 구문 오류입니다. ','이(가) 필요합니다. [F:\Projects\Rimworld\active\mapgen_ai\dev\Source\MapGenAI.csproj]
F:\Projects\Rimworld\active\mapgen_ai\dev\Source\MapGen\TextRegionPrompt.cs(46,319): error CS1003: 구문 오류입니다. ','이(가) 필요합니다. [F:\Projects\Rimworld\active\mapgen_ai\dev\Source\MapGenAI.csproj]
F:\Projects\Rimworld\active\mapgen_ai\dev\Source\MapGen\TextRegionPrompt.cs(46,325): error CS1003: 구문 오류입니다. ']'이(가) 필요합니다. [F:\Projects\Rimworld\active\mapgen_ai\dev\Source\MapGenAI.csproj]
F:\Projects\Rimworld\active\mapgen_ai\dev\Source\MapGen\TextRegionPrompt.cs(46,326): error CS1003: 구문 오류입니다. ','이(가) 필요합니다. [F:\Projects\Rimworld\active\mapgen_ai\dev\Source\MapGenAI.csproj]
F:\Projects\Rimworld\active\mapgen_ai\dev\Source\MapGen\TextRegionPrompt.cs(46,333): error CS1002: ;이 필요합니다. [F:\Projects\Rimworld\active\mapgen_ai\dev\Source\MapGenAI.csproj]
F:\Projects\Rimworld\active\mapgen_ai\dev\Source\MapGen\TextRegionPrompt.cs(46,333): error CS1022: 형식이나 네임스페이스 정의 또는 파일 끝(EOF)이 필요합니다. [F:\Projects\Rimworld\active\mapgen_ai\dev\Source\MapGenAI.csproj]
F:\Projects\Rimworld\active\mapgen_ai\dev\Source\MapGen\TextRegionPrompt.cs(46,366): error CS1002: ;이 필요합니다. [F:\Projects\Rimworld\active\mapgen_ai\dev\Source\MapGenAI.csproj]
F:\Projects\Rimworld\active\mapgen_ai\dev\Source\MapGen\TextRegionPrompt.cs(46,376): error CS1001: 식별자가 필요합니다. [F:\Projects\Rimworld\active\mapgen_ai\dev\Source\MapGenAI.csproj]
F:\Projects\Rimworld\active\mapgen_ai\dev\Source\MapGen\TextRegionPrompt.cs(46,376): error CS1003: 구문 오류입니다. ','이(가) 필요합니다. [F:\Projects\Rimworld\active\mapgen_ai\dev\Source\MapGenAI.csproj]
F:\Projects\Rimworld\active\mapgen_ai\dev\Source\MapGen\TextRegionPrompt.cs(46,409): error CS1044: for 문, using 문, fixed 문, 선언문 등에는 둘 이상의 형식을 사용할 수 없습니다. [F:\Projects\Rimworld\active\mapgen_ai\dev\Source\MapGenAI.csproj]
F:\Projects\Rimworld\active\mapgen_ai\dev\Source\MapGen\TextRegionPrompt.cs(46,413): error CS1003: 구문 오류입니다. ','이(가) 필요합니다. [F:\Projects\Rimworld\active\mapgen_ai\dev\Source\MapGenAI.csproj]
F:\Projects\Rimworld\active\mapgen_ai\dev\Source\MapGen\TextRegionPrompt.cs(46,485): error CS1044: for 문, using 문, fixed 문, 선언문 등에는 둘 이상의 형식을 사용할 수 없습니다. [F:\Projects\Rimworld\active\mapgen_ai\dev\Source\MapGenAI.csproj]
F:\Projects\Rimworld\active\mapgen_ai\dev\Source\MapGen\TextRegionPrompt.cs(46,491): error CS1003: 구문 오류입니다. ','이(가) 필요합니다. [F:\Projects\Rimworld\active\mapgen_ai\dev\Source\MapGenAI.csproj]
F:\Projects\Rimworld\active\mapgen_ai\dev\Source\MapGen\TextRegionPrompt.cs(47,46): error CS1002: ;이 필요합니다. [F:\Projects\Rimworld\active\mapgen_ai\dev\Source\MapGenAI.csproj]
F:\Projects\Rimworld\active\mapgen_ai\dev\Source\MapGen\TextRegionPrompt.cs(47,46): error CS1022: 형식이나 네임스페이스 정의 또는 파일 끝(EOF)이 필요합니다. [F:\Projects\Rimworld\active\mapgen_ai\dev\Source\MapGenAI.csproj]
F:\Projects\Rimworld\active\mapgen_ai\dev\Source\MapGen\TextRegionPrompt.cs(47,50): error CS1002: ;이 필요합니다. [F:\Projects\Rimworld\active\mapgen_ai\dev\Source\MapGenAI.csproj]
F:\Projects\Rimworld\active\mapgen_ai\dev\Source\MapGen\TextRegionPrompt.cs(47,56): error CS1002: ;이 필요합니다. [F:\Projects\Rimworld\active\mapgen_ai\dev\Source\MapGenAI.csproj]
F:\Projects\Rimworld\active\mapgen_ai\dev\Source\MapGen\TextRegionPrompt.cs(47,58): error CS1002: ;이 필요합니다. [F:\Projects\Rimworld\active\mapgen_ai\dev\Source\MapGenAI.csproj]
F:\Projects\Rimworld\active\mapgen_ai\dev\Source\MapGen\TextRegionPrompt.cs(47,58): error CS1513: }가 필요합니다. [F:\Projects\Rimworld\active\mapgen_ai\dev\Source\MapGenAI.csproj]
F:\Projects\Rimworld\active\mapgen_ai\dev\Source\MapGen\TextRegionPrompt.cs(47,61): error CS1002: ;이 필요합니다. [F:\Projects\Rimworld\active\mapgen_ai\dev\Source\MapGenAI.csproj]
F:\Projects\Rimworld\active\mapgen_ai\dev\Source\MapGen\TextRegionPrompt.cs(47,72): error CS1002: ;이 필요합니다. [F:\Projects\Rimworld\active\mapgen_ai\dev\Source\MapGenAI.csproj]
F:\Projects\Rimworld\active\mapgen_ai\dev\Source\MapGen\TextRegionPrompt.cs(47,74): error CS1002: ;이 필요합니다. [F:\Projects\Rimworld\active\mapgen_ai\dev\Source\MapGenAI.csproj]
F:\Projects\Rimworld\active\mapgen_ai\dev\Source\MapGen\TextRegionPrompt.cs(47,74): error CS1513: }가 필요합니다. [F:\Projects\Rimworld\active\mapgen_ai\dev\Source\MapGenAI.csproj]
F:\Projects\Rimworld\active\mapgen_ai\dev\Source\MapGen\TextRegionPrompt.cs(47,77): error CS1002: ;이 필요합니다. [F:\Projects\Rimworld\active\mapgen_ai\dev\Source\MapGenAI.csproj]
F:\Projects\Rimworld\active\mapgen_ai\dev\Source\MapGen\TextRegionPrompt.cs(47,89): error CS1002: ;이 필요합니다. [F:\Projects\Rimworld\active\mapgen_ai\dev\Source\MapGenAI.csproj]
F:\Projects\Rimworld\active\mapgen_ai\dev\Source\MapGen\TextRegionPrompt.cs(47,91): error CS1002: ;이 필요합니다. [F:\Projects\Rimworld\active\mapgen_ai\dev\Source\MapGenAI.csproj]
F:\Projects\Rimworld\active\mapgen_ai\dev\Source\MapGen\TextRegionPrompt.cs(47,91): error CS1513: }가 필요합니다. [F:\Projects\Rimworld\active\mapgen_ai\dev\Source\MapGenAI.csproj]
F:\Projects\Rimworld\active\mapgen_ai\dev\Source\MapGen\TextRegionPrompt.cs(47,93): error CS1002: ;이 필요합니다. [F:\Projects\Rimworld\active\mapgen_ai\dev\Source\MapGenAI.csproj]
F:\Projects\Rimworld\active\mapgen_ai\dev\Source\MapGen\TextRegionPrompt.cs(47,93): error CS1513: }가 필요합니다. [F:\Projects\Rimworld\active\mapgen_ai\dev\Source\MapGenAI.csproj]
F:\Projects\Rimworld\active\mapgen_ai\dev\Source\MapGen\TextRegionPrompt.cs(47,96): error CS1002: ;이 필요합니다. [F:\Projects\Rimworld\active\mapgen_ai\dev\Source\MapGenAI.csproj]
F:\Projects\Rimworld\active\mapgen_ai\dev\Source\MapGen\TextRegionPrompt.cs(47,108): error CS1002: ;이 필요합니다. [F:\Projects\Rimworld\active\mapgen_ai\dev\Source\MapGenAI.csproj]
F:\Projects\Rimworld\active\mapgen_ai\dev\Source\MapGen\TextRegionPrompt.cs(47,110): error CS1002: ;이 필요합니다. [F:\Projects\Rimworld\active\mapgen_ai\dev\Source\MapGenAI.csproj]
F:\Projects\Rimworld\active\mapgen_ai\dev\Source\MapGen\TextRegionPrompt.cs(47,110): error CS1513: }가 필요합니다. [F:\Projects\Rimworld\active\mapgen_ai\dev\Source\MapGenAI.csproj]
F:\Projects\Rimworld\active\mapgen_ai\dev\Source\MapGen\TextRegionPrompt.cs(47,112): error CS1002: ;이 필요합니다. [F:\Projects\Rimworld\active\mapgen_ai\dev\Source\MapGenAI.csproj]
F:\Projects\Rimworld\active\mapgen_ai\dev\Source\MapGen\TextRegionPrompt.cs(47,113): error CS1022: 형식이나 네임스페이스 정의 또는 파일 끝(EOF)이 필요합니다. [F:\Projects\Rimworld\active\mapgen_ai\dev\Source\MapGenAI.csproj]
F:\Projects\Rimworld\active\mapgen_ai\dev\Source\MapGen\TextRegionPrompt.cs(47,126): error CS1003: 구문 오류입니다. ','이(가) 필요합니다. [F:\Projects\Rimworld\active\mapgen_ai\dev\Source\MapGenAI.csproj]
F:\Projects\Rimworld\active\mapgen_ai\dev\Source\MapGen\TextRegionPrompt.cs(47,213): error CS1003: 구문 오류입니다. '='이(가) 필요합니다. [F:\Projects\Rimworld\active\mapgen_ai\dev\Source\MapGenAI.csproj]
F:\Projects\Rimworld\active\mapgen_ai\dev\Source\MapGen\TextRegionPrompt.cs(47,236): error CS1003: 구문 오류입니다. ','이(가) 필요합니다. [F:\Projects\Rimworld\active\mapgen_ai\dev\Source\MapGenAI.csproj]
F:\Projects\Rimworld\active\mapgen_ai\dev\Source\MapGen\TextRegionPrompt.cs(47,287): error CS1003: 구문 오류입니다. ','이(가) 필요합니다. [F:\Projects\Rimworld\active\mapgen_ai\dev\Source\MapGenAI.csproj]
F:\Projects\Rimworld\active\mapgen_ai\dev\Source\MapGen\TextRegionPrompt.cs(47,350): error CS1003: 구문 오류입니다. ','이(가) 필요합니다. [F:\Projects\Rimworld\active\mapgen_ai\dev\Source\MapGenAI.csproj]
F:\Projects\Rimworld\active\mapgen_ai\dev\Source\MapGen\TextRegionPrompt.cs(47,388): error CS1002: ;이 필요합니다. [F:\Projects\Rimworld\active\mapgen_ai\dev\Source\MapGenAI.csproj]
F:\Projects\Rimworld\active\mapgen_ai\dev\Source\MapGen\TextRegionPrompt.cs(47,388): error CS1022: 형식이나 네임스페이스 정의 또는 파일 끝(EOF)이 필요합니다. [F:\Projects\Rimworld\active\mapgen_ai\dev\Source\MapGenAI.csproj]
F:\Projects\Rimworld\active\mapgen_ai\dev\Source\MapGen\TextRegionPrompt.cs(47,394): error CS1002: ;이 필요합니다. [F:\Projects\Rimworld\active\mapgen_ai\dev\Source\MapGenAI.csproj]
F:\Projects\Rimworld\active\mapgen_ai\dev\Source\MapGen\TextRegionPrompt.cs(47,403): error CS1003: 구문 오류입니다. ','이(가) 필요합니다. [F:\Projects\Rimworld\active\mapgen_ai\dev\Source\MapGenAI.csproj]
F:\Projects\Rimworld\active\mapgen_ai\dev\Source\MapGen\TextRegionPrompt.cs(47,404): error CS1002: ;이 필요합니다. [F:\Projects\Rimworld\active\mapgen_ai\dev\Source\MapGenAI.csproj]
F:\Projects\Rimworld\active\mapgen_ai\dev\Source\MapGen\TextRegionPrompt.cs(48,12): error CS1002: ;이 필요합니다. [F:\Projects\Rimworld\active\mapgen_ai\dev\Source\MapGenAI.csproj]
F:\Projects\Rimworld\active\mapgen_ai\dev\Source\MapGen\TextRegionPrompt.cs(48,32): error CS1002: ;이 필요합니다. [F:\Projects\Rimworld\active\mapgen_ai\dev\Source\MapGenAI.csproj]
F:\Projects\Rimworld\active\mapgen_ai\dev\Source\MapGen\TextRegionPrompt.cs(48,66): error CS1002: ;이 필요합니다. [F:\Projects\Rimworld\active\mapgen_ai\dev\Source\MapGenAI.csproj]
F:\Projects\Rimworld\active\mapgen_ai\dev\Source\MapGen\TextRegionPrompt.cs(48,80): error CS1003: 구문 오류입니다. '='이(가) 필요합니다. [F:\Projects\Rimworld\active\mapgen_ai\dev\Source\MapGenAI.csproj]
F:\Projects\Rimworld\active\mapgen_ai\dev\Source\MapGen\TextRegionPrompt.cs(48,116): error CS1003: 구문 오류입니다. ','이(가) 필요합니다. [F:\Projects\Rimworld\active\mapgen_ai\dev\Source\MapGenAI.csproj]
F:\Projects\Rimworld\active\mapgen_ai\dev\Source\MapGen\TextRegionPrompt.cs(48,265): error CS1003: 구문 오류입니다. '='이(가) 필요합니다. [F:\Projects\Rimworld\active\mapgen_ai\dev\Source\MapGenAI.csproj]
F:\Projects\Rimworld\active\mapgen_ai\dev\Source\MapGen\TextRegionPrompt.cs(48,275): error CS1003: 구문 오류입니다. ','이(가) 필요합니다. [F:\Projects\Rimworld\active\mapgen_ai\dev\Source\MapGenAI.csproj]
F:\Projects\Rimworld\active\mapgen_ai\dev\Source\MapGen\TextRegionPrompt.cs(49,7): error CS1056: 예기치 않은 '\' 문자입니다. [F:\Projects\Rimworld\active\mapgen_ai\dev\Source\MapGenAI.csproj]
F:\Projects\Rimworld\active\mapgen_ai\dev\Source\MapGen\TextRegionPrompt.cs(49,70): error CS1002: ;이 필요합니다. [F:\Projects\Rimworld\active\mapgen_ai\dev\Source\MapGenAI.csproj]
F:\Projects\Rimworld\active\mapgen_ai\dev\Source\MapGen\TextRegionPrompt.cs(49,70): error CS1022: 형식이나 네임스페이스 정의 또는 파일 끝(EOF)이 필요합니다. [F:\Projects\Rimworld\active\mapgen_ai\dev\Source\MapGenAI.csproj]
F:\Projects\Rimworld\active\mapgen_ai\dev\Source\MapGen\TextRegionPrompt.cs(49,71): error CS1056: 예기치 않은 '\' 문자입니다. [F:\Projects\Rimworld\active\mapgen_ai\dev\Source\MapGenAI.csproj]
F:\Projects\Rimworld\active\mapgen_ai\dev\Source\MapGen\TextRegionPrompt.cs(49,73): error CS1001: 식별자가 필요합니다. [F:\Projects\Rimworld\active\mapgen_ai\dev\Source\MapGenAI.csproj]
F:\Projects\Rimworld\active\mapgen_ai\dev\Source\MapGen\TextRegionPrompt.cs(49,73): error CS1010: 상수에 줄 바꿈 문자가 있습니다. [F:\Projects\Rimworld\active\mapgen_ai\dev\Source\MapGenAI.csproj]
F:\Projects\Rimworld\active\mapgen_ai\dev\Source\MapGen\TextRegionPrompt.cs(49,104): error CS1002: ;이 필요합니다. [F:\Projects\Rimworld\active\mapgen_ai\dev\Source\MapGenAI.csproj]
F:\Projects\Rimworld\active\mapgen_ai\dev\Source\MapGen\TextRegionPrompt.cs(50,5): error CS1022: 형식이나 네임스페이스 정의 또는 파일 끝(EOF)이 필요합니다. [F:\Projects\Rimworld\active\mapgen_ai\dev\Source\MapGenAI.csproj]
F:\Projects\Rimworld\active\mapgen_ai\dev\Source\MapGen\TextRegionPrompt.cs(51,1): error CS1022: 형식이나 네임스페이스 정의 또는 파일 끝(EOF)이 필요합니다. [F:\Projects\Rimworld\active\mapgen_ai\dev\Source\MapGenAI.csproj]

빌드하지 못했습니다.

F:\Projects\Rimworld\active\mapgen_ai\dev\Source\MapGen\TextRegionPrompt.cs(13,4): error CS1003: 구문 오류입니다. ':'이(가) 필요합니다. [F:\Projects\Rimworld\active\mapgen_ai\dev\Source\MapGenAI.csproj]
F:\Projects\Rimworld\active\mapgen_ai\dev\Source\MapGen\TextRegionPrompt.cs(13,10): error CS1026: )가 필요합니다. [F:\Projects\Rimworld\active\mapgen_ai\dev\Source\MapGenAI.csproj]
F:\Projects\Rimworld\active\mapgen_ai\dev\Source\MapGen\TextRegionPrompt.cs(13,10): error CS1002: ;이 필요합니다. [F:\Projects\Rimworld\active\mapgen_ai\dev\Source\MapGenAI.csproj]
F:\Projects\Rimworld\active\mapgen_ai\dev\Source\MapGen\TextRegionPrompt.cs(13,16): error CS1003: 구문 오류입니다. '='이(가) 필요합니다. [F:\Projects\Rimworld\active\mapgen_ai\dev\Source\MapGenAI.csproj]
F:\Projects\Rimworld\active\mapgen_ai\dev\Source\MapGen\TextRegionPrompt.cs(13,21): error CS1002: ;이 필요합니다. [F:\Projects\Rimworld\active\mapgen_ai\dev\Source\MapGenAI.csproj]
F:\Projects\Rimworld\active\mapgen_ai\dev\Source\MapGen\TextRegionPrompt.cs(13,27): error CS1010: 상수에 줄 바꿈 문자가 있습니다. [F:\Projects\Rimworld\active\mapgen_ai\dev\Source\MapGenAI.csproj]
F:\Projects\Rimworld\active\mapgen_ai\dev\Source\MapGen\TextRegionPrompt.cs(14,3): error CS1002: ;이 필요합니다. [F:\Projects\Rimworld\active\mapgen_ai\dev\Source\MapGenAI.csproj]
F:\Projects\Rimworld\active\mapgen_ai\dev\Source\MapGen\TextRegionPrompt.cs(14,4): error CS1519: 멤버 선언에 잘못된 토큰 ':'이(가) 있습니다. [F:\Projects\Rimworld\active\mapgen_ai\dev\Source\MapGenAI.csproj]
F:\Projects\Rimworld\active\mapgen_ai\dev\Source\MapGen\TextRegionPrompt.cs(14,18): error CS1519: 멤버 선언에 잘못된 토큰 '""'이(가) 있습니다. [F:\Projects\Rimworld\active\mapgen_ai\dev\Source\MapGenAI.csproj]
F:\Projects\Rimworld\active\mapgen_ai\dev\Source\MapGen\TextRegionPrompt.cs(14,22): error CS1001: 식별자가 필요합니다. [F:\Projects\Rimworld\active\mapgen_ai\dev\Source\MapGenAI.csproj]
F:\Projects\Rimworld\active\mapgen_ai\dev\Source\MapGen\TextRegionPrompt.cs(14,22): error CS1003: 구문 오류입니다. ','이(가) 필요합니다. [F:\Projects\Rimworld\active\mapgen_ai\dev\Source\MapGenAI.csproj]
F:\Projects\Rimworld\active\mapgen_ai\dev\Source\MapGen\TextRegionPrompt.cs(14,25): error CS1003: 구문 오류입니다. ','이(가) 필요합니다. [F:\Projects\Rimworld\active\mapgen_ai\dev\Source\MapGenAI.csproj]
F:\Projects\Rimworld\active\mapgen_ai\dev\Source\MapGen\TextRegionPrompt.cs(14,27): error CS1003: 구문 오류입니다. ','이(가) 필요합니다. [F:\Projects\Rimworld\active\mapgen_ai\dev\Source\MapGenAI.csproj]
F:\Projects\Rimworld\active\mapgen_ai\dev\Source\MapGen\TextRegionPrompt.cs(14,32): error CS1003: 구문 오류입니다. ','이(가) 필요합니다. [F:\Projects\Rimworld\active\mapgen_ai\dev\Source\MapGenAI.csproj]
F:\Projects\Rimworld\active\mapgen_ai\dev\Source\MapGen\TextRegionPrompt.cs(14,35): error CS1003: 구문 오류입니다. ','이(가) 필요합니다. [F:\Projects\Rimworld\active\mapgen_ai\dev\Source\MapGenAI.csproj]
F:\Projects\Rimworld\active\mapgen_ai\dev\Source\MapGen\TextRegionPrompt.cs(14,38): error CS1001: 식별자가 필요합니다. [F:\Projects\Rimworld\active\mapgen_ai\dev\Source\MapGenAI.csproj]
F:\Projects\Rimworld\active\mapgen_ai\dev\Source\MapGen\TextRegionPrompt.cs(14,45): error CS1003: 구문 오류입니다. ','이(가) 필요합니다. [F:\Projects\Rimworld\active\mapgen_ai\dev\Source\MapGenAI.csproj]
F:\Projects\Rimworld\active\mapgen_ai\dev\Source\MapGen\TextRegionPrompt.cs(14,51): error CS1003: 구문 오류입니다. ','이(가) 필요합니다. [F:\Projects\Rimworld\active\mapgen_ai\dev\Source\MapGenAI.csproj]
F:\Projects\Rimworld\active\mapgen_ai\dev\Source\MapGen\TextRegionPrompt.cs(14,53): error CS1003: 구문 오류입니다. ','이(가) 필요합니다. [F:\Projects\Rimworld\active\mapgen_ai\dev\Source\MapGenAI.csproj]
F:\Projects\Rimworld\active\mapgen_ai\dev\Source\MapGen\TextRegionPrompt.cs(14,58): error CS1003: 구문 오류입니다. ','이(가) 필요합니다. [F:\Projects\Rimworld\active\mapgen_ai\dev\Source\MapGenAI.csproj]
F:\Projects\Rimworld\active\mapgen_ai\dev\Source\MapGen\TextRegionPrompt.cs(14,68): error CS1003: 구문 오류입니다. ','이(가) 필요합니다. [F:\Projects\Rimworld\active\mapgen_ai\dev\Source\MapGenAI.csproj]
F:\Projects\Rimworld\active\mapgen_ai\dev\Source\MapGen\TextRegionPrompt.cs(14,71): error CS1001: 식별자가 필요합니다. [F:\Projects\Rimworld\active\mapgen_ai\dev\Source\MapGenAI.csproj]
F:\Projects\Rimworld\active\mapgen_ai\dev\Source\MapGen\TextRegionPrompt.cs(14,77): error CS1003: 구문 오류입니다. ','이(가) 필요합니다. [F:\Projects\Rimworld\active\mapgen_ai\dev\Source\MapGenAI.csproj]
F:\Projects\Rimworld\active\mapgen_ai\dev\Source\MapGen\TextRegionPrompt.cs(14,82): error CS1003: 구문 오류입니다. ','이(가) 필요합니다. [F:\Projects\Rimworld\active\mapgen_ai\dev\Source\MapGenAI.csproj]
F:\Projects\Rimworld\active\mapgen_ai\dev\Source\MapGen\TextRegionPrompt.cs(14,93): error CS1003: 구문 오류입니다. ','이(가) 필요합니다. [F:\Projects\Rimworld\active\mapgen_ai\dev\Source\MapGenAI.csproj]
F:\Projects\Rimworld\active\mapgen_ai\dev\Source\MapGen\TextRegionPrompt.cs(14,96): error CS1001: 식별자가 필요합니다. [F:\Projects\Rimworld\active\mapgen_ai\dev\Source\MapGenAI.csproj]
F:\Projects\Rimworld\active\mapgen_ai\dev\Source\MapGen\TextRegionPrompt.cs(14,104): error CS1003: 구문 오류입니다. ','이(가) 필요합니다. [F:\Projects\Rimworld\active\mapgen_ai\dev\Source\MapGenAI.csproj]
F:\Projects\Rimworld\active\mapgen_ai\dev\Source\MapGen\TextRegionPrompt.cs(14,109): error CS1003: 구문 오류입니다. ','이(가) 필요합니다. [F:\Projects\Rimworld\active\mapgen_ai\dev\Source\MapGenAI.csproj]
F:\Projects\Rimworld\active\mapgen_ai\dev\Source\MapGen\TextRegionPrompt.cs(14,131): error CS1003: 구문 오류입니다. ','이(가) 필요합니다. [F:\Projects\Rimworld\active\mapgen_ai\dev\Source\MapGenAI.csproj]
F:\Projects\Rimworld\active\mapgen_ai\dev\Source\MapGen\TextRegionPrompt.cs(14,134): error CS1001: 식별자가 필요합니다. [F:\Projects\Rimworld\active\mapgen_ai\dev\Source\MapGenAI.csproj]
F:\Projects\Rimworld\active\mapgen_ai\dev\Source\MapGen\TextRegionPrompt.cs(14,147): error CS1003: 구문 오류입니다. ','이(가) 필요합니다. [F:\Projects\Rimworld\active\mapgen_ai\dev\Source\MapGenAI.csproj]
F:\Projects\Rimworld\active\mapgen_ai\dev\Source\MapGen\TextRegionPrompt.cs(14,152): error CS1003: 구문 오류입니다. ','이(가) 필요합니다. [F:\Projects\Rimworld\active\mapgen_ai\dev\Source\MapGenAI.csproj]
F:\Projects\Rimworld\active\mapgen_ai\dev\Source\MapGen\TextRegionPrompt.cs(14,160): error CS1003: 구문 오류입니다. ','이(가) 필요합니다. [F:\Projects\Rimworld\active\mapgen_ai\dev\Source\MapGenAI.csproj]
F:\Projects\Rimworld\active\mapgen_ai\dev\Source\MapGen\TextRegionPrompt.cs(14,163): error CS1001: 식별자가 필요합니다. [F:\Projects\Rimworld\active\mapgen_ai\dev\Source\MapGenAI.csproj]
F:\Projects\Rimworld\active\mapgen_ai\dev\Source\MapGen\TextRegionPrompt.cs(14,173): error CS1003: 구문 오류입니다. ','이(가) 필요합니다. [F:\Projects\Rimworld\active\mapgen_ai\dev\Source\MapGenAI.csproj]
F:\Projects\Rimworld\active\mapgen_ai\dev\Source\MapGen\TextRegionPrompt.cs(14,180): error CS1001: 식별자가 필요합니다. [F:\Projects\Rimworld\active\mapgen_ai\dev\Source\MapGenAI.csproj]
F:\Projects\Rimworld\active\mapgen_ai\dev\Source\MapGen\TextRegionPrompt.cs(14,186): error CS1003: 구문 오류입니다. ','이(가) 필요합니다. [F:\Projects\Rimworld\active\mapgen_ai\dev\Source\MapGenAI.csproj]
F:\Projects\Rimworld\active\mapgen_ai\dev\Source\MapGen\TextRegionPrompt.cs(14,191): error CS1003: 구문 오류입니다. ','이(가) 필요합니다. [F:\Projects\Rimworld\active\mapgen_ai\dev\Source\MapGenAI.csproj]
F:\Projects\Rimworld\active\mapgen_ai\dev\Source\MapGen\TextRegionPrompt.cs(14,199): error CS1003: 구문 오류입니다. ','이(가) 필요합니다. [F:\Projects\Rimworld\active\mapgen_ai\dev\Source\MapGenAI.csproj]
F:\Projects\Rimworld\active\mapgen_ai\dev\Source\MapGen\TextRegionPrompt.cs(14,201): error CS1003: 구문 오류입니다. ']'이(가) 필요합니다. [F:\Projects\Rimworld\active\mapgen_ai\dev\Source\MapGenAI.csproj]
F:\Projects\Rimworld\active\mapgen_ai\dev\Source\MapGen\TextRegionPrompt.cs(14,203): error CS1022: 형식이나 네임스페이스 정의 또는 파일 끝(EOF)이 필요합니다. [F:\Projects\Rimworld\active\mapgen_ai\dev\Source\MapGenAI.csproj]
F:\Projects\Rimworld\active\mapgen_ai\dev\Source\MapGen\TextRegionPrompt.cs(14,204): error CS1022: 형식이나 네임스페이스 정의 또는 파일 끝(EOF)이 필요합니다. [F:\Projects\Rimworld\active\mapgen_ai\dev\Source\MapGenAI.csproj]
F:\Projects\Rimworld\active\mapgen_ai\dev\Source\MapGen\TextRegionPrompt.cs(14,205): error CS1022: 형식이나 네임스페이스 정의 또는 파일 끝(EOF)이 필요합니다. [F:\Projects\Rimworld\active\mapgen_ai\dev\Source\MapGenAI.csproj]
F:\Projects\Rimworld\active\mapgen_ai\dev\Source\MapGen\TextRegionPrompt.cs(14,207): error CS8803: 최상위 문은 네임스페이스 및 형식 선언 앞에 와야 합니다. [F:\Projects\Rimworld\active\mapgen_ai\dev\Source\MapGenAI.csproj]
F:\Projects\Rimworld\active\mapgen_ai\dev\Source\MapGen\TextRegionPrompt.cs(14,214): error CS1003: 구문 오류입니다. ','이(가) 필요합니다. [F:\Projects\Rimworld\active\mapgen_ai\dev\Source\MapGenAI.csproj]
F:\Projects\Rimworld\active\mapgen_ai\dev\Source\MapGen\TextRegionPrompt.cs(14,261): error CS1002: ;이 필요합니다. [F:\Projects\Rimworld\active\mapgen_ai\dev\Source\MapGenAI.csproj]
F:\Projects\Rimworld\active\mapgen_ai\dev\Source\MapGen\TextRegionPrompt.cs(14,261): error CS1022: 형식이나 네임스페이스 정의 또는 파일 끝(EOF)이 필요합니다. [F:\Projects\Rimworld\active\mapgen_ai\dev\Source\MapGenAI.csproj]
F:\Projects\Rimworld\active\mapgen_ai\dev\Source\MapGen\TextRegionPrompt.cs(14,265): error CS1002: ;이 필요합니다. [F:\Projects\Rimworld\active\mapgen_ai\dev\Source\MapGenAI.csproj]
F:\Projects\Rimworld\active\mapgen_ai\dev\Source\MapGen\TextRegionPrompt.cs(14,273): error CS1002: ;이 필요합니다. [F:\Projects\Rimworld\active\mapgen_ai\dev\Source\MapGenAI.csproj]
F:\Projects\Rimworld\active\mapgen_ai\dev\Source\MapGen\TextRegionPrompt.cs(14,275): error CS1002: ;이 필요합니다. [F:\Projects\Rimworld\active\mapgen_ai\dev\Source\MapGenAI.csproj]
F:\Projects\Rimworld\active\mapgen_ai\dev\Source\MapGen\TextRegionPrompt.cs(14,275): error CS1513: }가 필요합니다. [F:\Projects\Rimworld\active\mapgen_ai\dev\Source\MapGenAI.csproj]
F:\Projects\Rimworld\active\mapgen_ai\dev\Source\MapGen\TextRegionPrompt.cs(14,279): error CS1002: ;이 필요합니다. [F:\Projects\Rimworld\active\mapgen_ai\dev\Source\MapGenAI.csproj]
F:\Projects\Rimworld\active\mapgen_ai\dev\Source\MapGen\TextRegionPrompt.cs(14,284): error CS1001: 식별자가 필요합니다. [F:\Projects\Rimworld\active\mapgen_ai\dev\Source\MapGenAI.csproj]
F:\Projects\Rimworld\active\mapgen_ai\dev\Source\MapGen\TextRegionPrompt.cs(14,284): error CS1003: 구문 오류입니다. ','이(가) 필요합니다. [F:\Projects\Rimworld\active\mapgen_ai\dev\Source\MapGenAI.csproj]
F:\Projects\Rimworld\active\mapgen_ai\dev\Source\MapGen\TextRegionPrompt.cs(15,79): error CS1002: ;이 필요합니다. [F:\Projects\Rimworld\active\mapgen_ai\dev\Source\MapGenAI.csproj]
F:\Projects\Rimworld\active\mapgen_ai\dev\Source\MapGen\TextRegionPrompt.cs(15,79): error CS1022: 형식이나 네임스페이스 정의 또는 파일 끝(EOF)이 필요합니다. [F:\Projects\Rimworld\active\mapgen_ai\dev\Source\MapGenAI.csproj]
F:\Projects\Rimworld\active\mapgen_ai\dev\Source\MapGen\TextRegionPrompt.cs(15,103): error CS1002: ;이 필요합니다. [F:\Projects\Rimworld\active\mapgen_ai\dev\Source\MapGenAI.csproj]
F:\Projects\Rimworld\active\mapgen_ai\dev\Source\MapGen\TextRegionPrompt.cs(15,110): error CS1003: 구문 오류입니다. ','이(가) 필요합니다. [F:\Projects\Rimworld\active\mapgen_ai\dev\Source\MapGenAI.csproj]
F:\Projects\Rimworld\active\mapgen_ai\dev\Source\MapGen\TextRegionPrompt.cs(15,143): error CS1044: for 문, using 문, fixed 문, 선언문 등에는 둘 이상의 형식을 사용할 수 없습니다. [F:\Projects\Rimworld\active\mapgen_ai\dev\Source\MapGenAI.csproj]
F:\Projects\Rimworld\active\mapgen_ai\dev\Source\MapGen\TextRegionPrompt.cs(15,146): error CS1003: 구문 오류입니다. ','이(가) 필요합니다. [F:\Projects\Rimworld\active\mapgen_ai\dev\Source\MapGenAI.csproj]
F:\Projects\Rimworld\active\mapgen_ai\dev\Source\MapGen\TextRegionPrompt.cs(16,9): error CS1002: ;이 필요합니다. [F:\Projects\Rimworld\active\mapgen_ai\dev\Source\MapGenAI.csproj]
F:\Projects\Rimworld\active\mapgen_ai\dev\Source\MapGen\TextRegionPrompt.cs(16,9): error CS1022: 형식이나 네임스페이스 정의 또는 파일 끝(EOF)이 필요합니다. [F:\Projects\Rimworld\active\mapgen_ai\dev\Source\MapGenAI.csproj]
F:\Projects\Rimworld\active\mapgen_ai\dev\Source\MapGen\TextRegionPrompt.cs(16,18): error CS1003: 구문 오류입니다. ','이(가) 필요합니다. [F:\Projects\Rimworld\active\mapgen_ai\dev\Source\MapGenAI.csproj]
F:\Projects\Rimworld\active\mapgen_ai\dev\Source\MapGen\TextRegionPrompt.cs(16,37): error CS1002: ;이 필요합니다. [F:\Projects\Rimworld\active\mapgen_ai\dev\Source\MapGenAI.csproj]
F:\Projects\Rimworld\active\mapgen_ai\dev\Source\MapGen\TextRegionPrompt.cs(16,37): error CS1022: 형식이나 네임스페이스 정의 또는 파일 끝(EOF)이 필요합니다. [F:\Projects\Rimworld\active\mapgen_ai\dev\Source\MapGenAI.csproj]
F:\Projects\Rimworld\active\mapgen_ai\dev\Source\MapGen\TextRegionPrompt.cs(16,42): error CS1001: 식별자가 필요합니다. [F:\Projects\Rimworld\active\mapgen_ai\dev\Source\MapGenAI.csproj]
F:\Projects\Rimworld\active\mapgen_ai\dev\Source\MapGen\TextRegionPrompt.cs(16,44): error CS1044: for 문, using 문, fixed 문, 선언문 등에는 둘 이상의 형식을 사용할 수 없습니다. [F:\Projects\Rimworld\active\mapgen_ai\dev\Source\MapGenAI.csproj]
F:\Projects\Rimworld\active\mapgen_ai\dev\Source\MapGen\TextRegionPrompt.cs(16,47): error CS1003: 구문 오류입니다. ','이(가) 필요합니다. [F:\Projects\Rimworld\active\mapgen_ai\dev\Source\MapGenAI.csproj]
F:\Projects\Rimworld\active\mapgen_ai\dev\Source\MapGen\TextRegionPrompt.cs(16,58): error CS1002: ;이 필요합니다. [F:\Projects\Rimworld\active\mapgen_ai\dev\Source\MapGenAI.csproj]
F:\Projects\Rimworld\active\mapgen_ai\dev\Source\MapGen\TextRegionPrompt.cs(16,58): error CS1022: 형식이나 네임스페이스 정의 또는 파일 끝(EOF)이 필요합니다. [F:\Projects\Rimworld\active\mapgen_ai\dev\Source\MapGenAI.csproj]
F:\Projects\Rimworld\active\mapgen_ai\dev\Source\MapGen\TextRegionPrompt.cs(16,66): error CS1002: ;이 필요합니다. [F:\Projects\Rimworld\active\mapgen_ai\dev\Source\MapGenAI.csproj]
F:\Projects\Rimworld\active\mapgen_ai\dev\Source\MapGen\TextRegionPrompt.cs(16,66): error CS1022: 형식이나 네임스페이스 정의 또는 파일 끝(EOF)이 필요합니다. [F:\Projects\Rimworld\active\mapgen_ai\dev\Source\MapGenAI.csproj]
F:\Projects\Rimworld\active\mapgen_ai\dev\Source\MapGen\TextRegionPrompt.cs(16,76): error CS1002: ;이 필요합니다. [F:\Projects\Rimworld\active\mapgen_ai\dev\Source\MapGenAI.csproj]
F:\Projects\Rimworld\active\mapgen_ai\dev\Source\MapGen\TextRegionPrompt.cs(16,83): error CS1003: 구문 오류입니다. ','이(가) 필요합니다. [F:\Projects\Rimworld\active\mapgen_ai\dev\Source\MapGenAI.csproj]
F:\Projects\Rimworld\active\mapgen_ai\dev\Source\MapGen\TextRegionPrompt.cs(16,85): error CS1002: ;이 필요합니다. [F:\Projects\Rimworld\active\mapgen_ai\dev\Source\MapGenAI.csproj]
F:\Projects\Rimworld\active\mapgen_ai\dev\Source\MapGen\TextRegionPrompt.cs(16,92): error CS1003: 구문 오류입니다. ','이(가) 필요합니다. [F:\Projects\Rimworld\active\mapgen_ai\dev\Source\MapGenAI.csproj]
F:\Projects\Rimworld\active\mapgen_ai\dev\Source\MapGen\TextRegionPrompt.cs(17,40): error CS1002: ;이 필요합니다. [F:\Projects\Rimworld\active\mapgen_ai\dev\Source\MapGenAI.csproj]
F:\Projects\Rimworld\active\mapgen_ai\dev\Source\MapGen\TextRegionPrompt.cs(17,40): error CS1022: 형식이나 네임스페이스 정의 또는 파일 끝(EOF)이 필요합니다. [F:\Projects\Rimworld\active\mapgen_ai\dev\Source\MapGenAI.csproj]
F:\Projects\Rimworld\active\mapgen_ai\dev\Source\MapGen\TextRegionPrompt.cs(17,49): error CS1056: 예기치 않은 '·' 문자입니다. [F:\Projects\Rimworld\active\mapgen_ai\dev\Source\MapGenAI.csproj]
F:\Projects\Rimworld\active\mapgen_ai\dev\Source\MapGen\TextRegionPrompt.cs(17,51): error CS1056: 예기치 않은 '·' 문자입니다. [F:\Projects\Rimworld\active\mapgen_ai\dev\Source\MapGenAI.csproj]
F:\Projects\Rimworld\active\mapgen_ai\dev\Source\MapGen\TextRegionPrompt.cs(17,83): error CS1002: ;이 필요합니다. [F:\Projects\Rimworld\active\mapgen_ai\dev\Source\MapGenAI.csproj]
F:\Projects\Rimworld\active\mapgen_ai\dev\Source\MapGen\TextRegionPrompt.cs(17,83): error CS1022: 형식이나 네임스페이스 정의 또는 파일 끝(EOF)이 필요합니다. [F:\Projects\Rimworld\active\mapgen_ai\dev\Source\MapGenAI.csproj]
F:\Projects\Rimworld\active\mapgen_ai\dev\Source\MapGen\TextRegionPrompt.cs(17,104): error CS1003: 구문 오류입니다. ','이(가) 필요합니다. [F:\Projects\Rimworld\active\mapgen_ai\dev\Source\MapGenAI.csproj]
F:\Projects\Rimworld\active\mapgen_ai\dev\Source\MapGen\TextRegionPrompt.cs(17,130): error CS1056: 예기치 않은 '·' 문자입니다. [F:\Projects\Rimworld\active\mapgen_ai\dev\Source\MapGenAI.csproj]
F:\Projects\Rimworld\active\mapgen_ai\dev\Source\MapGen\TextRegionPrompt.cs(17,136): error CS1056: 예기치 않은 '·' 문자입니다. [F:\Projects\Rimworld\active\mapgen_ai\dev\Source\MapGenAI.csproj]
F:\Projects\Rimworld\active\mapgen_ai\dev\Source\MapGen\TextRegionPrompt.cs(17,140): error CS1056: 예기치 않은 '·' 문자입니다. [F:\Projects\Rimworld\active\mapgen_ai\dev\Source\MapGenAI.csproj]
F:\Projects\Rimworld\active\mapgen_ai\dev\Source\MapGen\TextRegionPrompt.cs(17,144): error CS1056: 예기치 않은 '·' 문자입니다. [F:\Projects\Rimworld\active\mapgen_ai\dev\Source\MapGenAI.csproj]
F:\Projects\Rimworld\active\mapgen_ai\dev\Source\MapGen\TextRegionPrompt.cs(17,198): error CS1044: for 문, using 문, fixed 문, 선언문 등에는 둘 이상의 형식을 사용할 수 없습니다. [F:\Projects\Rimworld\active\mapgen_ai\dev\Source\MapGenAI.csproj]
F:\Projects\Rimworld\active\mapgen_ai\dev\Source\MapGen\TextRegionPrompt.cs(17,202): error CS1003: 구문 오류입니다. ','이(가) 필요합니다. [F:\Projects\Rimworld\active\mapgen_ai\dev\Source\MapGenAI.csproj]
F:\Projects\Rimworld\active\mapgen_ai\dev\Source\MapGen\TextRegionPrompt.cs(17,204): error CS1056: 예기치 않은 '·' 문자입니다. [F:\Projects\Rimworld\active\mapgen_ai\dev\Source\MapGenAI.csproj]
F:\Projects\Rimworld\active\mapgen_ai\dev\Source\MapGen\TextRegionPrompt.cs(18,13): error CS1002: ;이 필요합니다. [F:\Projects\Rimworld\active\mapgen_ai\dev\Source\MapGenAI.csproj]
F:\Projects\Rimworld\active\mapgen_ai\dev\Source\MapGen\TextRegionPrompt.cs(18,13): error CS1022: 형식이나 네임스페이스 정의 또는 파일 끝(EOF)이 필요합니다. [F:\Projects\Rimworld\active\mapgen_ai\dev\Source\MapGenAI.csproj]
F:\Projects\Rimworld\active\mapgen_ai\dev\Source\MapGen\TextRegionPrompt.cs(18,18): error CS1002: ;이 필요합니다. [F:\Projects\Rimworld\active\mapgen_ai\dev\Source\MapGenAI.csproj]
F:\Projects\Rimworld\active\mapgen_ai\dev\Source\MapGen\TextRegionPrompt.cs(18,31): error CS1002: ;이 필요합니다. [F:\Projects\Rimworld\active\mapgen_ai\dev\Source\MapGenAI.csproj]
F:\Projects\Rimworld\active\mapgen_ai\dev\Source\MapGen\TextRegionPrompt.cs(18,33): error CS1002: ;이 필요합니다. [F:\Projects\Rimworld\active\mapgen_ai\dev\Source\MapGenAI.csproj]
F:\Projects\Rimworld\active\mapgen_ai\dev\Source\MapGen\TextRegionPrompt.cs(18,33): error CS1513: }가 필요합니다. [F:\Projects\Rimworld\active\mapgen_ai\dev\Source\MapGenAI.csproj]
F:\Projects\Rimworld\active\mapgen_ai\dev\Source\MapGen\TextRegionPrompt.cs(18,35): error CS1001: 식별자가 필요합니다. [F:\Projects\Rimworld\active\mapgen_ai\dev\Source\MapGenAI.csproj]
F:\Projects\Rimworld\active\mapgen_ai\dev\Source\MapGen\TextRegionPrompt.cs(18,35): error CS1003: 구문 오류입니다. ']'이(가) 필요합니다. [F:\Projects\Rimworld\active\mapgen_ai\dev\Source\MapGenAI.csproj]
F:\Projects\Rimworld\active\mapgen_ai\dev\Source\MapGen\TextRegionPrompt.cs(18,38): error CS1002: ;이 필요합니다. [F:\Projects\Rimworld\active\mapgen_ai\dev\Source\MapGenAI.csproj]
F:\Projects\Rimworld\active\mapgen_ai\dev\Source\MapGen\TextRegionPrompt.cs(18,40): error CS1002: ;이 필요합니다. [F:\Projects\Rimworld\active\mapgen_ai\dev\Source\MapGenAI.csproj]
F:\Projects\Rimworld\active\mapgen_ai\dev\Source\MapGen\TextRegionPrompt.cs(18,42): error CS1002: ;이 필요합니다. [F:\Projects\Rimworld\active\mapgen_ai\dev\Source\MapGenAI.csproj]
F:\Projects\Rimworld\active\mapgen_ai\dev\Source\MapGen\TextRegionPrompt.cs(18,42): error CS1513: }가 필요합니다. [F:\Projects\Rimworld\active\mapgen_ai\dev\Source\MapGenAI.csproj]
F:\Projects\Rimworld\active\mapgen_ai\dev\Source\MapGen\TextRegionPrompt.cs(18,45): error CS1002: ;이 필요합니다. [F:\Projects\Rimworld\active\mapgen_ai\dev\Source\MapGenAI.csproj]
F:\Projects\Rimworld\active\mapgen_ai\dev\Source\MapGen\TextRegionPrompt.cs(18,48): error CS1002: ;이 필요합니다. [F:\Projects\Rimworld\active\mapgen_ai\dev\Source\MapGenAI.csproj]
F:\Projects\Rimworld\active\mapgen_ai\dev\Source\MapGen\TextRegionPrompt.cs(18,50): error CS1002: ;이 필요합니다. [F:\Projects\Rimworld\active\mapgen_ai\dev\Source\MapGenAI.csproj]
F:\Projects\Rimworld\active\mapgen_ai\dev\Source\MapGen\TextRegionPrompt.cs(18,50): error CS1513: }가 필요합니다. [F:\Projects\Rimworld\active\mapgen_ai\dev\Source\MapGenAI.csproj]
F:\Projects\Rimworld\active\mapgen_ai\dev\Source\MapGen\TextRegionPrompt.cs(18,53): error CS1002: ;이 필요합니다. [F:\Projects\Rimworld\active\mapgen_ai\dev\Source\MapGenAI.csproj]
F:\Projects\Rimworld\active\mapgen_ai\dev\Source\MapGen\TextRegionPrompt.cs(18,62): error CS1002: ;이 필요합니다. [F:\Projects\Rimworld\active\mapgen_ai\dev\Source\MapGenAI.csproj]
F:\Projects\Rimworld\active\mapgen_ai\dev\Source\MapGen\TextRegionPrompt.cs(18,64): error CS1002: ;이 필요합니다. [F:\Projects\Rimworld\active\mapgen_ai\dev\Source\MapGenAI.csproj]
F:\Projects\Rimworld\active\mapgen_ai\dev\Source\MapGen\TextRegionPrompt.cs(18,64): error CS1513: }가 필요합니다. [F:\Projects\Rimworld\active\mapgen_ai\dev\Source\MapGenAI.csproj]
F:\Projects\Rimworld\active\mapgen_ai\dev\Source\MapGen\TextRegionPrompt.cs(18,68): error CS1002: ;이 필요합니다. [F:\Projects\Rimworld\active\mapgen_ai\dev\Source\MapGenAI.csproj]
F:\Projects\Rimworld\active\mapgen_ai\dev\Source\MapGen\TextRegionPrompt.cs(18,70): error CS1002: ;이 필요합니다. [F:\Projects\Rimworld\active\mapgen_ai\dev\Source\MapGenAI.csproj]
F:\Projects\Rimworld\active\mapgen_ai\dev\Source\MapGen\TextRegionPrompt.cs(18,72): error CS1002: ;이 필요합니다. [F:\Projects\Rimworld\active\mapgen_ai\dev\Source\MapGenAI.csproj]
F:\Projects\Rimworld\active\mapgen_ai\dev\Source\MapGen\TextRegionPrompt.cs(18,72): error CS1513: }가 필요합니다. [F:\Projects\Rimworld\active\mapgen_ai\dev\Source\MapGenAI.csproj]
F:\Projects\Rimworld\active\mapgen_ai\dev\Source\MapGen\TextRegionPrompt.cs(18,75): error CS1002: ;이 필요합니다. [F:\Projects\Rimworld\active\mapgen_ai\dev\Source\MapGenAI.csproj]
F:\Projects\Rimworld\active\mapgen_ai\dev\Source\MapGen\TextRegionPrompt.cs(18,83): error CS1002: ;이 필요합니다. [F:\Projects\Rimworld\active\mapgen_ai\dev\Source\MapGenAI.csproj]
F:\Projects\Rimworld\active\mapgen_ai\dev\Source\MapGen\TextRegionPrompt.cs(18,85): error CS1002: ;이 필요합니다. [F:\Projects\Rimworld\active\mapgen_ai\dev\Source\MapGenAI.csproj]
F:\Projects\Rimworld\active\mapgen_ai\dev\Source\MapGen\TextRegionPrompt.cs(18,85): error CS1513: }가 필요합니다. [F:\Projects\Rimworld\active\mapgen_ai\dev\Source\MapGenAI.csproj]
F:\Projects\Rimworld\active\mapgen_ai\dev\Source\MapGen\TextRegionPrompt.cs(18,88): error CS1002: ;이 필요합니다. [F:\Projects\Rimworld\active\mapgen_ai\dev\Source\MapGenAI.csproj]
F:\Projects\Rimworld\active\mapgen_ai\dev\Source\MapGen\TextRegionPrompt.cs(18,92): error CS1002: ;이 필요합니다. [F:\Projects\Rimworld\active\mapgen_ai\dev\Source\MapGenAI.csproj]
F:\Projects\Rimworld\active\mapgen_ai\dev\Source\MapGen\TextRegionPrompt.cs(18,94): error CS1002: ;이 필요합니다. [F:\Projects\Rimworld\active\mapgen_ai\dev\Source\MapGenAI.csproj]
F:\Projects\Rimworld\active\mapgen_ai\dev\Source\MapGen\TextRegionPrompt.cs(18,94): error CS1513: }가 필요합니다. [F:\Projects\Rimworld\active\mapgen_ai\dev\Source\MapGenAI.csproj]
F:\Projects\Rimworld\active\mapgen_ai\dev\Source\MapGen\TextRegionPrompt.cs(18,97): error CS1002: ;이 필요합니다. [F:\Projects\Rimworld\active\mapgen_ai\dev\Source\MapGenAI.csproj]
F:\Projects\Rimworld\active\mapgen_ai\dev\Source\MapGen\TextRegionPrompt.cs(18,111): error CS1002: ;이 필요합니다. [F:\Projects\Rimworld\active\mapgen_ai\dev\Source\MapGenAI.csproj]
F:\Projects\Rimworld\active\mapgen_ai\dev\Source\MapGen\TextRegionPrompt.cs(18,113): error CS1002: ;이 필요합니다. [F:\Projects\Rimworld\active\mapgen_ai\dev\Source\MapGenAI.csproj]
F:\Projects\Rimworld\active\mapgen_ai\dev\Source\MapGen\TextRegionPrompt.cs(18,113): error CS1513: }가 필요합니다. [F:\Projects\Rimworld\active\mapgen_ai\dev\Source\MapGenAI.csproj]
F:\Projects\Rimworld\active\mapgen_ai\dev\Source\MapGen\TextRegionPrompt.cs(18,116): error CS1002: ;이 필요합니다. [F:\Projects\Rimworld\active\mapgen_ai\dev\Source\MapGenAI.csproj]
F:\Projects\Rimworld\active\mapgen_ai\dev\Source\MapGen\TextRegionPrompt.cs(18,122): error CS1002: ;이 필요합니다. [F:\Projects\Rimworld\active\mapgen_ai\dev\Source\MapGenAI.csproj]
F:\Projects\Rimworld\active\mapgen_ai\dev\Source\MapGen\TextRegionPrompt.cs(18,124): error CS1002: ;이 필요합니다. [F:\Projects\Rimworld\active\mapgen_ai\dev\Source\MapGenAI.csproj]
F:\Projects\Rimworld\active\mapgen_ai\dev\Source\MapGen\TextRegionPrompt.cs(18,124): error CS1513: }가 필요합니다. [F:\Projects\Rimworld\active\mapgen_ai\dev\Source\MapGenAI.csproj]
F:\Projects\Rimworld\active\mapgen_ai\dev\Source\MapGen\TextRegionPrompt.cs(18,127): error CS1002: ;이 필요합니다. [F:\Projects\Rimworld\active\mapgen_ai\dev\Source\MapGenAI.csproj]
F:\Projects\Rimworld\active\mapgen_ai\dev\Source\MapGen\TextRegionPrompt.cs(18,133): error CS1002: ;이 필요합니다. [F:\Projects\Rimworld\active\mapgen_ai\dev\Source\MapGenAI.csproj]
F:\Projects\Rimworld\active\mapgen_ai\dev\Source\MapGen\TextRegionPrompt.cs(18,135): error CS1002: ;이 필요합니다. [F:\Projects\Rimworld\active\mapgen_ai\dev\Source\MapGenAI.csproj]
F:\Projects\Rimworld\active\mapgen_ai\dev\Source\MapGen\TextRegionPrompt.cs(18,135): error CS1513: }가 필요합니다. [F:\Projects\Rimworld\active\mapgen_ai\dev\Source\MapGenAI.csproj]
F:\Projects\Rimworld\active\mapgen_ai\dev\Source\MapGen\TextRegionPrompt.cs(18,138): error CS1002: ;이 필요합니다. [F:\Projects\Rimworld\active\mapgen_ai\dev\Source\MapGenAI.csproj]
F:\Projects\Rimworld\active\mapgen_ai\dev\Source\MapGen\TextRegionPrompt.cs(18,143): error CS1002: ;이 필요합니다. [F:\Projects\Rimworld\active\mapgen_ai\dev\Source\MapGenAI.csproj]
F:\Projects\Rimworld\active\mapgen_ai\dev\Source\MapGen\TextRegionPrompt.cs(18,145): error CS1002: ;이 필요합니다. [F:\Projects\Rimworld\active\mapgen_ai\dev\Source\MapGenAI.csproj]
F:\Projects\Rimworld\active\mapgen_ai\dev\Source\MapGen\TextRegionPrompt.cs(18,145): error CS1513: }가 필요합니다. [F:\Projects\Rimworld\active\mapgen_ai\dev\Source\MapGenAI.csproj]
F:\Projects\Rimworld\active\mapgen_ai\dev\Source\MapGen\TextRegionPrompt.cs(18,148): error CS1002: ;이 필요합니다. [F:\Projects\Rimworld\active\mapgen_ai\dev\Source\MapGenAI.csproj]
F:\Projects\Rimworld\active\mapgen_ai\dev\Source\MapGen\TextRegionPrompt.cs(18,148): error CS1513: }가 필요합니다. [F:\Projects\Rimworld\active\mapgen_ai\dev\Source\MapGenAI.csproj]
F:\Projects\Rimworld\active\mapgen_ai\dev\Source\MapGen\TextRegionPrompt.cs(18,151): error CS1002: ;이 필요합니다. [F:\Projects\Rimworld\active\mapgen_ai\dev\Source\MapGenAI.csproj]
F:\Projects\Rimworld\active\mapgen_ai\dev\Source\MapGen\TextRegionPrompt.cs(18,157): error CS1002: ;이 필요합니다. [F:\Projects\Rimworld\active\mapgen_ai\dev\Source\MapGenAI.csproj]
F:\Projects\Rimworld\active\mapgen_ai\dev\Source\MapGen\TextRegionPrompt.cs(18,159): error CS1002: ;이 필요합니다. [F:\Projects\Rimworld\active\mapgen_ai\dev\Source\MapGenAI.csproj]
F:\Projects\Rimworld\active\mapgen_ai\dev\Source\MapGen\TextRegionPrompt.cs(18,159): error CS1513: }가 필요합니다. [F:\Projects\Rimworld\active\mapgen_ai\dev\Source\MapGenAI.csproj]
F:\Projects\Rimworld\active\mapgen_ai\dev\Source\MapGen\TextRegionPrompt.cs(18,162): error CS1002: ;이 필요합니다. [F:\Projects\Rimworld\active\mapgen_ai\dev\Source\MapGenAI.csproj]
F:\Projects\Rimworld\active\mapgen_ai\dev\Source\MapGen\TextRegionPrompt.cs(18,162): error CS1513: }가 필요합니다. [F:\Projects\Rimworld\active\mapgen_ai\dev\Source\MapGenAI.csproj]
F:\Projects\Rimworld\active\mapgen_ai\dev\Source\MapGen\TextRegionPrompt.cs(18,165): error CS1002: ;이 필요합니다. [F:\Projects\Rimworld\active\mapgen_ai\dev\Source\MapGenAI.csproj]
F:\Projects\Rimworld\active\mapgen_ai\dev\Source\MapGen\TextRegionPrompt.cs(18,170): error CS1002: ;이 필요합니다. [F:\Projects\Rimworld\active\mapgen_ai\dev\Source\MapGenAI.csproj]
F:\Projects\Rimworld\active\mapgen_ai\dev\Source\MapGen\TextRegionPrompt.cs(18,172): error CS1002: ;이 필요합니다. [F:\Projects\Rimworld\active\mapgen_ai\dev\Source\MapGenAI.csproj]
F:\Projects\Rimworld\active\mapgen_ai\dev\Source\MapGen\TextRegionPrompt.cs(18,172): error CS1513: }가 필요합니다. [F:\Projects\Rimworld\active\mapgen_ai\dev\Source\MapGenAI.csproj]
F:\Projects\Rimworld\active\mapgen_ai\dev\Source\MapGen\TextRegionPrompt.cs(18,174): error CS1002: ;이 필요합니다. [F:\Projects\Rimworld\active\mapgen_ai\dev\Source\MapGenAI.csproj]
F:\Projects\Rimworld\active\mapgen_ai\dev\Source\MapGen\TextRegionPrompt.cs(18,176): error CS1513: }가 필요합니다. [F:\Projects\Rimworld\active\mapgen_ai\dev\Source\MapGenAI.csproj]
F:\Projects\Rimworld\active\mapgen_ai\dev\Source\MapGen\TextRegionPrompt.cs(18,178): error CS1022: 형식이나 네임스페이스 정의 또는 파일 끝(EOF)이 필요합니다. [F:\Projects\Rimworld\active\mapgen_ai\dev\Source\MapGenAI.csproj]
F:\Projects\Rimworld\active\mapgen_ai\dev\Source\MapGen\TextRegionPrompt.cs(18,182): error CS1001: 식별자가 필요합니다. [F:\Projects\Rimworld\active\mapgen_ai\dev\Source\MapGenAI.csproj]
F:\Projects\Rimworld\active\mapgen_ai\dev\Source\MapGen\TextRegionPrompt.cs(18,182): error CS1056: 예기치 않은 '·' 문자입니다. [F:\Projects\Rimworld\active\mapgen_ai\dev\Source\MapGenAI.csproj]
F:\Projects\Rimworld\active\mapgen_ai\dev\Source\MapGen\TextRegionPrompt.cs(18,367): error CS1012: 문자 리터럴에 문자가 너무 많습니다. [F:\Projects\Rimworld\active\mapgen_ai\dev\Source\MapGenAI.csproj]
F:\Projects\Rimworld\active\mapgen_ai\dev\Source\MapGen\TextRegionPrompt.cs(18,396): error CS1002: ;이 필요합니다. [F:\Projects\Rimworld\active\mapgen_ai\dev\Source\MapGenAI.csproj]
F:\Projects\Rimworld\active\mapgen_ai\dev\Source\MapGen\TextRegionPrompt.cs(18,396): error CS1022: 형식이나 네임스페이스 정의 또는 파일 끝(EOF)이 필요합니다. [F:\Projects\Rimworld\active\mapgen_ai\dev\Source\MapGenAI.csproj]
F:\Projects\Rimworld\active\mapgen_ai\dev\Source\MapGen\TextRegionPrompt.cs(18,398): error CS1002: ;이 필요합니다. [F:\Projects\Rimworld\active\mapgen_ai\dev\Source\MapGenAI.csproj]
F:\Projects\Rimworld\active\mapgen_ai\dev\Source\MapGen\TextRegionPrompt.cs(18,403): error CS1003: 구문 오류입니다. ','이(가) 필요합니다. [F:\Projects\Rimworld\active\mapgen_ai\dev\Source\MapGenAI.csproj]
F:\Projects\Rimworld\active\mapgen_ai\dev\Source\MapGen\TextRegionPrompt.cs(19,7): error CS1002: ;이 필요합니다. [F:\Projects\Rimworld\active\mapgen_ai\dev\Source\MapGenAI.csproj]
F:\Projects\Rimworld\active\mapgen_ai\dev\Source\MapGen\TextRegionPrompt.cs(19,7): error CS1022: 형식이나 네임스페이스 정의 또는 파일 끝(EOF)이 필요합니다. [F:\Projects\Rimworld\active\mapgen_ai\dev\Source\MapGenAI.csproj]
F:\Projects\Rimworld\active\mapgen_ai\dev\Source\MapGen\TextRegionPrompt.cs(19,12): error CS1002: ;이 필요합니다. [F:\Projects\Rimworld\active\mapgen_ai\dev\Source\MapGenAI.csproj]
F:\Projects\Rimworld\active\mapgen_ai\dev\Source\MapGen\TextRegionPrompt.cs(19,25): error CS1002: ;이 필요합니다. [F:\Projects\Rimworld\active\mapgen_ai\dev\Source\MapGenAI.csproj]
F:\Projects\Rimworld\active\mapgen_ai\dev\Source\MapGen\TextRegionPrompt.cs(19,27): error CS1002: ;이 필요합니다. [F:\Projects\Rimworld\active\mapgen_ai\dev\Source\MapGenAI.csproj]
F:\Projects\Rimworld\active\mapgen_ai\dev\Source\MapGen\TextRegionPrompt.cs(19,27): error CS1513: }가 필요합니다. [F:\Projects\Rimworld\active\mapgen_ai\dev\Source\MapGenAI.csproj]
F:\Projects\Rimworld\active\mapgen_ai\dev\Source\MapGen\TextRegionPrompt.cs(19,29): error CS1001: 식별자가 필요합니다. [F:\Projects\Rimworld\active\mapgen_ai\dev\Source\MapGenAI.csproj]
F:\Projects\Rimworld\active\mapgen_ai\dev\Source\MapGen\TextRegionPrompt.cs(19,29): error CS1003: 구문 오류입니다. ']'이(가) 필요합니다. [F:\Projects\Rimworld\active\mapgen_ai\dev\Source\MapGenAI.csproj]
F:\Projects\Rimworld\active\mapgen_ai\dev\Source\MapGen\TextRegionPrompt.cs(19,32): error CS1002: ;이 필요합니다. [F:\Projects\Rimworld\active\mapgen_ai\dev\Source\MapGenAI.csproj]
F:\Projects\Rimworld\active\mapgen_ai\dev\Source\MapGen\TextRegionPrompt.cs(19,34): error CS1002: ;이 필요합니다. [F:\Projects\Rimworld\active\mapgen_ai\dev\Source\MapGenAI.csproj]
F:\Projects\Rimworld\active\mapgen_ai\dev\Source\MapGen\TextRegionPrompt.cs(19,36): error CS1002: ;이 필요합니다. [F:\Projects\Rimworld\active\mapgen_ai\dev\Source\MapGenAI.csproj]
F:\Projects\Rimworld\active\mapgen_ai\dev\Source\MapGen\TextRegionPrompt.cs(19,36): error CS1513: }가 필요합니다. [F:\Projects\Rimworld\active\mapgen_ai\dev\Source\MapGenAI.csproj]
F:\Projects\Rimworld\active\mapgen_ai\dev\Source\MapGen\TextRegionPrompt.cs(19,39): error CS1002: ;이 필요합니다. [F:\Projects\Rimworld\active\mapgen_ai\dev\Source\MapGenAI.csproj]
F:\Projects\Rimworld\active\mapgen_ai\dev\Source\MapGen\TextRegionPrompt.cs(19,42): error CS1002: ;이 필요합니다. [F:\Projects\Rimworld\active\mapgen_ai\dev\Source\MapGenAI.csproj]
F:\Projects\Rimworld\active\mapgen_ai\dev\Source\MapGen\TextRegionPrompt.cs(19,44): error CS1002: ;이 필요합니다. [F:\Projects\Rimworld\active\mapgen_ai\dev\Source\MapGenAI.csproj]
F:\Projects\Rimworld\active\mapgen_ai\dev\Source\MapGen\TextRegionPrompt.cs(19,44): error CS1513: }가 필요합니다. [F:\Projects\Rimworld\active\mapgen_ai\dev\Source\MapGenAI.csproj]
F:\Projects\Rimworld\active\mapgen_ai\dev\Source\MapGen\TextRegionPrompt.cs(19,47): error CS1002: ;이 필요합니다. [F:\Projects\Rimworld\active\mapgen_ai\dev\Source\MapGenAI.csproj]
F:\Projects\Rimworld\active\mapgen_ai\dev\Source\MapGen\TextRegionPrompt.cs(19,56): error CS1002: ;이 필요합니다. [F:\Projects\Rimworld\active\mapgen_ai\dev\Source\MapGenAI.csproj]
F:\Projects\Rimworld\active\mapgen_ai\dev\Source\MapGen\TextRegionPrompt.cs(19,58): error CS1002: ;이 필요합니다. [F:\Projects\Rimworld\active\mapgen_ai\dev\Source\MapGenAI.csproj]
F:\Projects\Rimworld\active\mapgen_ai\dev\Source\MapGen\TextRegionPrompt.cs(19,58): error CS1513: }가 필요합니다. [F:\Projects\Rimworld\active\mapgen_ai\dev\Source\MapGenAI.csproj]
F:\Projects\Rimworld\active\mapgen_ai\dev\Source\MapGen\TextRegionPrompt.cs(19,62): error CS1002: ;이 필요합니다. [F:\Projects\Rimworld\active\mapgen_ai\dev\Source\MapGenAI.csproj]
F:\Projects\Rimworld\active\mapgen_ai\dev\Source\MapGen\TextRegionPrompt.cs(19,64): error CS1002: ;이 필요합니다. [F:\Projects\Rimworld\active\mapgen_ai\dev\Source\MapGenAI.csproj]
F:\Projects\Rimworld\active\mapgen_ai\dev\Source\MapGen\TextRegionPrompt.cs(19,66): error CS1002: ;이 필요합니다. [F:\Projects\Rimworld\active\mapgen_ai\dev\Source\MapGenAI.csproj]
F:\Projects\Rimworld\active\mapgen_ai\dev\Source\MapGen\TextRegionPrompt.cs(19,66): error CS1513: }가 필요합니다. [F:\Projects\Rimworld\active\mapgen_ai\dev\Source\MapGenAI.csproj]
F:\Projects\Rimworld\active\mapgen_ai\dev\Source\MapGen\TextRegionPrompt.cs(19,69): error CS1002: ;이 필요합니다. [F:\Projects\Rimworld\active\mapgen_ai\dev\Source\MapGenAI.csproj]
F:\Projects\Rimworld\active\mapgen_ai\dev\Source\MapGen\TextRegionPrompt.cs(19,76): error CS1002: ;이 필요합니다. [F:\Projects\Rimworld\active\mapgen_ai\dev\Source\MapGenAI.csproj]
F:\Projects\Rimworld\active\mapgen_ai\dev\Source\MapGen\TextRegionPrompt.cs(19,78): error CS1002: ;이 필요합니다. [F:\Projects\Rimworld\active\mapgen_ai\dev\Source\MapGenAI.csproj]
F:\Projects\Rimworld\active\mapgen_ai\dev\Source\MapGen\TextRegionPrompt.cs(19,78): error CS1513: }가 필요합니다. [F:\Projects\Rimworld\active\mapgen_ai\dev\Source\MapGenAI.csproj]
F:\Projects\Rimworld\active\mapgen_ai\dev\Source\MapGen\TextRegionPrompt.cs(19,81): error CS1002: ;이 필요합니다. [F:\Projects\Rimworld\active\mapgen_ai\dev\Source\MapGenAI.csproj]
F:\Projects\Rimworld\active\mapgen_ai\dev\Source\MapGen\TextRegionPrompt.cs(19,85): error CS1002: ;이 필요합니다. [F:\Projects\Rimworld\active\mapgen_ai\dev\Source\MapGenAI.csproj]
F:\Projects\Rimworld\active\mapgen_ai\dev\Source\MapGen\TextRegionPrompt.cs(19,87): error CS1002: ;이 필요합니다. [F:\Projects\Rimworld\active\mapgen_ai\dev\Source\MapGenAI.csproj]
F:\Projects\Rimworld\active\mapgen_ai\dev\Source\MapGen\TextRegionPrompt.cs(19,87): error CS1513: }가 필요합니다. [F:\Projects\Rimworld\active\mapgen_ai\dev\Source\MapGenAI.csproj]
F:\Projects\Rimworld\active\mapgen_ai\dev\Source\MapGen\TextRegionPrompt.cs(19,90): error CS1002: ;이 필요합니다. [F:\Projects\Rimworld\active\mapgen_ai\dev\Source\MapGenAI.csproj]
F:\Projects\Rimworld\active\mapgen_ai\dev\Source\MapGen\TextRegionPrompt.cs(19,94): error CS1002: ;이 필요합니다. [F:\Projects\Rimworld\active\mapgen_ai\dev\Source\MapGenAI.csproj]
F:\Projects\Rimworld\active\mapgen_ai\dev\Source\MapGen\TextRegionPrompt.cs(19,96): error CS1002: ;이 필요합니다. [F:\Projects\Rimworld\active\mapgen_ai\dev\Source\MapGenAI.csproj]
F:\Projects\Rimworld\active\mapgen_ai\dev\Source\MapGen\TextRegionPrompt.cs(19,96): error CS1513: }가 필요합니다. [F:\Projects\Rimworld\active\mapgen_ai\dev\Source\MapGenAI.csproj]
F:\Projects\Rimworld\active\mapgen_ai\dev\Source\MapGen\TextRegionPrompt.cs(19,99): error CS1002: ;이 필요합니다. [F:\Projects\Rimworld\active\mapgen_ai\dev\Source\MapGenAI.csproj]
F:\Projects\Rimworld\active\mapgen_ai\dev\Source\MapGen\TextRegionPrompt.cs(19,105): error CS1002: ;이 필요합니다. [F:\Projects\Rimworld\active\mapgen_ai\dev\Source\MapGenAI.csproj]
F:\Projects\Rimworld\active\mapgen_ai\dev\Source\MapGen\TextRegionPrompt.cs(19,107): error CS1002: ;이 필요합니다. [F:\Projects\Rimworld\active\mapgen_ai\dev\Source\MapGenAI.csproj]
F:\Projects\Rimworld\active\mapgen_ai\dev\Source\MapGen\TextRegionPrompt.cs(19,107): error CS1513: }가 필요합니다. [F:\Projects\Rimworld\active\mapgen_ai\dev\Source\MapGenAI.csproj]
F:\Projects\Rimworld\active\mapgen_ai\dev\Source\MapGen\TextRegionPrompt.cs(19,110): error CS1002: ;이 필요합니다. [F:\Projects\Rimworld\active\mapgen_ai\dev\Source\MapGenAI.csproj]
F:\Projects\Rimworld\active\mapgen_ai\dev\Source\MapGen\TextRegionPrompt.cs(19,116): error CS1002: ;이 필요합니다. [F:\Projects\Rimworld\active\mapgen_ai\dev\Source\MapGenAI.csproj]
F:\Projects\Rimworld\active\mapgen_ai\dev\Source\MapGen\TextRegionPrompt.cs(19,118): error CS1002: ;이 필요합니다. [F:\Projects\Rimworld\active\mapgen_ai\dev\Source\MapGenAI.csproj]
F:\Projects\Rimworld\active\mapgen_ai\dev\Source\MapGen\TextRegionPrompt.cs(19,118): error CS1513: }가 필요합니다. [F:\Projects\Rimworld\active\mapgen_ai\dev\Source\MapGenAI.csproj]
F:\Projects\Rimworld\active\mapgen_ai\dev\Source\MapGen\TextRegionPrompt.cs(19,121): error CS1002: ;이 필요합니다. [F:\Projects\Rimworld\active\mapgen_ai\dev\Source\MapGenAI.csproj]
F:\Projects\Rimworld\active\mapgen_ai\dev\Source\MapGen\TextRegionPrompt.cs(19,126): error CS1002: ;이 필요합니다. [F:\Projects\Rimworld\active\mapgen_ai\dev\Source\MapGenAI.csproj]
F:\Projects\Rimworld\active\mapgen_ai\dev\Source\MapGen\TextRegionPrompt.cs(19,128): error CS1002: ;이 필요합니다. [F:\Projects\Rimworld\active\mapgen_ai\dev\Source\MapGenAI.csproj]
F:\Projects\Rimworld\active\mapgen_ai\dev\Source\MapGen\TextRegionPrompt.cs(19,128): error CS1513: }가 필요합니다. [F:\Projects\Rimworld\active\mapgen_ai\dev\Source\MapGenAI.csproj]
F:\Projects\Rimworld\active\mapgen_ai\dev\Source\MapGen\TextRegionPrompt.cs(19,131): error CS1002: ;이 필요합니다. [F:\Projects\Rimworld\active\mapgen_ai\dev\Source\MapGenAI.csproj]
F:\Projects\Rimworld\active\mapgen_ai\dev\Source\MapGen\TextRegionPrompt.cs(19,131): error CS1513: }가 필요합니다. [F:\Projects\Rimworld\active\mapgen_ai\dev\Source\MapGenAI.csproj]
F:\Projects\Rimworld\active\mapgen_ai\dev\Source\MapGen\TextRegionPrompt.cs(19,134): error CS1002: ;이 필요합니다. [F:\Projects\Rimworld\active\mapgen_ai\dev\Source\MapGenAI.csproj]
F:\Projects\Rimworld\active\mapgen_ai\dev\Source\MapGen\TextRegionPrompt.cs(19,140): error CS1002: ;이 필요합니다. [F:\Projects\Rimworld\active\mapgen_ai\dev\Source\MapGenAI.csproj]
F:\Projects\Rimworld\active\mapgen_ai\dev\Source\MapGen\TextRegionPrompt.cs(19,142): error CS1002: ;이 필요합니다. [F:\Projects\Rimworld\active\mapgen_ai\dev\Source\MapGenAI.csproj]
F:\Projects\Rimworld\active\mapgen_ai\dev\Source\MapGen\TextRegionPrompt.cs(19,142): error CS1513: }가 필요합니다. [F:\Projects\Rimworld\active\mapgen_ai\dev\Source\MapGenAI.csproj]
F:\Projects\Rimworld\active\mapgen_ai\dev\Source\MapGen\TextRegionPrompt.cs(19,144): error CS1002: ;이 필요합니다. [F:\Projects\Rimworld\active\mapgen_ai\dev\Source\MapGenAI.csproj]
F:\Projects\Rimworld\active\mapgen_ai\dev\Source\MapGen\TextRegionPrompt.cs(19,144): error CS1513: }가 필요합니다. [F:\Projects\Rimworld\active\mapgen_ai\dev\Source\MapGenAI.csproj]
F:\Projects\Rimworld\active\mapgen_ai\dev\Source\MapGen\TextRegionPrompt.cs(19,147): error CS1002: ;이 필요합니다. [F:\Projects\Rimworld\active\mapgen_ai\dev\Source\MapGenAI.csproj]
F:\Projects\Rimworld\active\mapgen_ai\dev\Source\MapGen\TextRegionPrompt.cs(19,152): error CS1002: ;이 필요합니다. [F:\Projects\Rimworld\active\mapgen_ai\dev\Source\MapGenAI.csproj]
F:\Projects\Rimworld\active\mapgen_ai\dev\Source\MapGen\TextRegionPrompt.cs(19,154): error CS1002: ;이 필요합니다. [F:\Projects\Rimworld\active\mapgen_ai\dev\Source\MapGenAI.csproj]
F:\Projects\Rimworld\active\mapgen_ai\dev\Source\MapGen\TextRegionPrompt.cs(19,154): error CS1513: }가 필요합니다. [F:\Projects\Rimworld\active\mapgen_ai\dev\Source\MapGenAI.csproj]
F:\Projects\Rimworld\active\mapgen_ai\dev\Source\MapGen\TextRegionPrompt.cs(19,156): error CS1002: ;이 필요합니다. [F:\Projects\Rimworld\active\mapgen_ai\dev\Source\MapGenAI.csproj]
F:\Projects\Rimworld\active\mapgen_ai\dev\Source\MapGen\TextRegionPrompt.cs(19,158): error CS1513: }가 필요합니다. [F:\Projects\Rimworld\active\mapgen_ai\dev\Source\MapGenAI.csproj]
F:\Projects\Rimworld\active\mapgen_ai\dev\Source\MapGen\TextRegionPrompt.cs(19,160): error CS1022: 형식이나 네임스페이스 정의 또는 파일 끝(EOF)이 필요합니다. [F:\Projects\Rimworld\active\mapgen_ai\dev\Source\MapGenAI.csproj]
F:\Projects\Rimworld\active\mapgen_ai\dev\Source\MapGen\TextRegionPrompt.cs(19,175): error CS1003: 구문 오류입니다. '='이(가) 필요합니다. [F:\Projects\Rimworld\active\mapgen_ai\dev\Source\MapGenAI.csproj]
F:\Projects\Rimworld\active\mapgen_ai\dev\Source\MapGen\TextRegionPrompt.cs(19,185): error CS1003: 구문 오류입니다. ','이(가) 필요합니다. [F:\Projects\Rimworld\active\mapgen_ai\dev\Source\MapGenAI.csproj]
F:\Projects\Rimworld\active\mapgen_ai\dev\Source\MapGen\TextRegionPrompt.cs(20,17): error CS1002: ;이 필요합니다. [F:\Projects\Rimworld\active\mapgen_ai\dev\Source\MapGenAI.csproj]
F:\Projects\Rimworld\active\mapgen_ai\dev\Source\MapGen\TextRegionPrompt.cs(20,17): error CS1022: 형식이나 네임스페이스 정의 또는 파일 끝(EOF)이 필요합니다. [F:\Projects\Rimworld\active\mapgen_ai\dev\Source\MapGenAI.csproj]
F:\Projects\Rimworld\active\mapgen_ai\dev\Source\MapGen\TextRegionPrompt.cs(20,33): error CS1002: ;이 필요합니다. [F:\Projects\Rimworld\active\mapgen_ai\dev\Source\MapGenAI.csproj]
F:\Projects\Rimworld\active\mapgen_ai\dev\Source\MapGen\TextRegionPrompt.cs(20,33): error CS1022: 형식이나 네임스페이스 정의 또는 파일 끝(EOF)이 필요합니다. [F:\Projects\Rimworld\active\mapgen_ai\dev\Source\MapGenAI.csproj]
F:\Projects\Rimworld\active\mapgen_ai\dev\Source\MapGen\TextRegionPrompt.cs(20,53): error CS1003: 구문 오류입니다. '='이(가) 필요합니다. [F:\Projects\Rimworld\active\mapgen_ai\dev\Source\MapGenAI.csproj]
F:\Projects\Rimworld\active\mapgen_ai\dev\Source\MapGen\TextRegionPrompt.cs(20,85): error CS1003: 구문 오류입니다. ','이(가) 필요합니다. [F:\Projects\Rimworld\active\mapgen_ai\dev\Source\MapGenAI.csproj]
F:\Projects\Rimworld\active\mapgen_ai\dev\Source\MapGen\TextRegionPrompt.cs(20,92): error CS1056: 예기치 않은 '±' 문자입니다. [F:\Projects\Rimworld\active\mapgen_ai\dev\Source\MapGenAI.csproj]
F:\Projects\Rimworld\active\mapgen_ai\dev\Source\MapGen\TextRegionPrompt.cs(21,29): error CS1003: 구문 오류입니다. '='이(가) 필요합니다. [F:\Projects\Rimworld\active\mapgen_ai\dev\Source\MapGenAI.csproj]
F:\Projects\Rimworld\active\mapgen_ai\dev\Source\MapGen\TextRegionPrompt.cs(21,39): error CS1003: 구문 오류입니다. ','이(가) 필요합니다. [F:\Projects\Rimworld\active\mapgen_ai\dev\Source\MapGenAI.csproj]
F:\Projects\Rimworld\active\mapgen_ai\dev\Source\MapGen\TextRegionPrompt.cs(21,43): error CS1002: ;이 필요합니다. [F:\Projects\Rimworld\active\mapgen_ai\dev\Source\MapGenAI.csproj]
F:\Projects\Rimworld\active\mapgen_ai\dev\Source\MapGen\TextRegionPrompt.cs(21,43): error CS1022: 형식이나 네임스페이스 정의 또는 파일 끝(EOF)이 필요합니다. [F:\Projects\Rimworld\active\mapgen_ai\dev\Source\MapGenAI.csproj]
F:\Projects\Rimworld\active\mapgen_ai\dev\Source\MapGen\TextRegionPrompt.cs(21,48): error CS1002: ;이 필요합니다. [F:\Projects\Rimworld\active\mapgen_ai\dev\Source\MapGenAI.csproj]
F:\Projects\Rimworld\active\mapgen_ai\dev\Source\MapGen\TextRegionPrompt.cs(21,50): error CS1002: ;이 필요합니다. [F:\Projects\Rimworld\active\mapgen_ai\dev\Source\MapGenAI.csproj]
F:\Projects\Rimworld\active\mapgen_ai\dev\Source\MapGen\TextRegionPrompt.cs(21,52): error CS1002: ;이 필요합니다. [F:\Projects\Rimworld\active\mapgen_ai\dev\Source\MapGenAI.csproj]
F:\Projects\Rimworld\active\mapgen_ai\dev\Source\MapGen\TextRegionPrompt.cs(21,52): error CS1513: }가 필요합니다. [F:\Projects\Rimworld\active\mapgen_ai\dev\Source\MapGenAI.csproj]
F:\Projects\Rimworld\active\mapgen_ai\dev\Source\MapGen\TextRegionPrompt.cs(21,55): error CS1002: ;이 필요합니다. [F:\Projects\Rimworld\active\mapgen_ai\dev\Source\MapGenAI.csproj]
F:\Projects\Rimworld\active\mapgen_ai\dev\Source\MapGen\TextRegionPrompt.cs(21,61): error CS1002: ;이 필요합니다. [F:\Projects\Rimworld\active\mapgen_ai\dev\Source\MapGenAI.csproj]
F:\Projects\Rimworld\active\mapgen_ai\dev\Source\MapGen\TextRegionPrompt.cs(21,63): error CS1002: ;이 필요합니다. [F:\Projects\Rimworld\active\mapgen_ai\dev\Source\MapGenAI.csproj]
F:\Projects\Rimworld\active\mapgen_ai\dev\Source\MapGen\TextRegionPrompt.cs(21,63): error CS1513: }가 필요합니다. [F:\Projects\Rimworld\active\mapgen_ai\dev\Source\MapGenAI.csproj]
F:\Projects\Rimworld\active\mapgen_ai\dev\Source\MapGen\TextRegionPrompt.cs(21,66): error CS1002: ;이 필요합니다. [F:\Projects\Rimworld\active\mapgen_ai\dev\Source\MapGenAI.csproj]
F:\Projects\Rimworld\active\mapgen_ai\dev\Source\MapGen\TextRegionPrompt.cs(21,68): error CS1002: ;이 필요합니다. [F:\Projects\Rimworld\active\mapgen_ai\dev\Source\MapGenAI.csproj]
F:\Projects\Rimworld\active\mapgen_ai\dev\Source\MapGen\TextRegionPrompt.cs(21,70): error CS1002: ;이 필요합니다. [F:\Projects\Rimworld\active\mapgen_ai\dev\Source\MapGenAI.csproj]
F:\Projects\Rimworld\active\mapgen_ai\dev\Source\MapGen\TextRegionPrompt.cs(21,70): error CS1513: }가 필요합니다. [F:\Projects\Rimworld\active\mapgen_ai\dev\Source\MapGenAI.csproj]
F:\Projects\Rimworld\active\mapgen_ai\dev\Source\MapGen\TextRegionPrompt.cs(21,73): error CS1002: ;이 필요합니다. [F:\Projects\Rimworld\active\mapgen_ai\dev\Source\MapGenAI.csproj]
F:\Projects\Rimworld\active\mapgen_ai\dev\Source\MapGen\TextRegionPrompt.cs(21,80): error CS1002: ;이 필요합니다. [F:\Projects\Rimworld\active\mapgen_ai\dev\Source\MapGenAI.csproj]
F:\Projects\Rimworld\active\mapgen_ai\dev\Source\MapGen\TextRegionPrompt.cs(21,82): error CS1002: ;이 필요합니다. [F:\Projects\Rimworld\active\mapgen_ai\dev\Source\MapGenAI.csproj]
F:\Projects\Rimworld\active\mapgen_ai\dev\Source\MapGen\TextRegionPrompt.cs(21,82): error CS1513: }가 필요합니다. [F:\Projects\Rimworld\active\mapgen_ai\dev\Source\MapGenAI.csproj]
F:\Projects\Rimworld\active\mapgen_ai\dev\Source\MapGen\TextRegionPrompt.cs(21,85): error CS1002: ;이 필요합니다. [F:\Projects\Rimworld\active\mapgen_ai\dev\Source\MapGenAI.csproj]
F:\Projects\Rimworld\active\mapgen_ai\dev\Source\MapGen\TextRegionPrompt.cs(21,92): error CS1002: ;이 필요합니다. [F:\Projects\Rimworld\active\mapgen_ai\dev\Source\MapGenAI.csproj]
F:\Projects\Rimworld\active\mapgen_ai\dev\Source\MapGen\TextRegionPrompt.cs(21,94): error CS1002: ;이 필요합니다. [F:\Projects\Rimworld\active\mapgen_ai\dev\Source\MapGenAI.csproj]
F:\Projects\Rimworld\active\mapgen_ai\dev\Source\MapGen\TextRegionPrompt.cs(21,94): error CS1513: }가 필요합니다. [F:\Projects\Rimworld\active\mapgen_ai\dev\Source\MapGenAI.csproj]
F:\Projects\Rimworld\active\mapgen_ai\dev\Source\MapGen\TextRegionPrompt.cs(21,98): error CS1002: ;이 필요합니다. [F:\Projects\Rimworld\active\mapgen_ai\dev\Source\MapGenAI.csproj]
F:\Projects\Rimworld\active\mapgen_ai\dev\Source\MapGen\TextRegionPrompt.cs(21,103): error CS1002: ;이 필요합니다. [F:\Projects\Rimworld\active\mapgen_ai\dev\Source\MapGenAI.csproj]
F:\Projects\Rimworld\active\mapgen_ai\dev\Source\MapGen\TextRegionPrompt.cs(21,105): error CS1002: ;이 필요합니다. [F:\Projects\Rimworld\active\mapgen_ai\dev\Source\MapGenAI.csproj]
F:\Projects\Rimworld\active\mapgen_ai\dev\Source\MapGen\TextRegionPrompt.cs(21,105): error CS1513: }가 필요합니다. [F:\Projects\Rimworld\active\mapgen_ai\dev\Source\MapGenAI.csproj]
F:\Projects\Rimworld\active\mapgen_ai\dev\Source\MapGen\TextRegionPrompt.cs(21,107): error CS1002: ;이 필요합니다. [F:\Projects\Rimworld\active\mapgen_ai\dev\Source\MapGenAI.csproj]
F:\Projects\Rimworld\active\mapgen_ai\dev\Source\MapGen\TextRegionPrompt.cs(21,109): error CS1022: 형식이나 네임스페이스 정의 또는 파일 끝(EOF)이 필요합니다. [F:\Projects\Rimworld\active\mapgen_ai\dev\Source\MapGenAI.csproj]
F:\Projects\Rimworld\active\mapgen_ai\dev\Source\MapGen\TextRegionPrompt.cs(21,118): error CS1002: ;이 필요합니다. [F:\Projects\Rimworld\active\mapgen_ai\dev\Source\MapGenAI.csproj]
F:\Projects\Rimworld\active\mapgen_ai\dev\Source\MapGen\TextRegionPrompt.cs(21,120): error CS1002: ;이 필요합니다. [F:\Projects\Rimworld\active\mapgen_ai\dev\Source\MapGenAI.csproj]
F:\Projects\Rimworld\active\mapgen_ai\dev\Source\MapGen\TextRegionPrompt.cs(21,122): error CS1002: ;이 필요합니다. [F:\Projects\Rimworld\active\mapgen_ai\dev\Source\MapGenAI.csproj]
F:\Projects\Rimworld\active\mapgen_ai\dev\Source\MapGen\TextRegionPrompt.cs(21,122): error CS1513: }가 필요합니다. [F:\Projects\Rimworld\active\mapgen_ai\dev\Source\MapGenAI.csproj]
F:\Projects\Rimworld\active\mapgen_ai\dev\Source\MapGen\TextRegionPrompt.cs(21,125): error CS1002: ;이 필요합니다. [F:\Projects\Rimworld\active\mapgen_ai\dev\Source\MapGenAI.csproj]
F:\Projects\Rimworld\active\mapgen_ai\dev\Source\MapGen\TextRegionPrompt.cs(21,131): error CS1002: ;이 필요합니다. [F:\Projects\Rimworld\active\mapgen_ai\dev\Source\MapGenAI.csproj]
F:\Projects\Rimworld\active\mapgen_ai\dev\Source\MapGen\TextRegionPrompt.cs(21,133): error CS1002: ;이 필요합니다. [F:\Projects\Rimworld\active\mapgen_ai\dev\Source\MapGenAI.csproj]
F:\Projects\Rimworld\active\mapgen_ai\dev\Source\MapGen\TextRegionPrompt.cs(21,133): error CS1513: }가 필요합니다. [F:\Projects\Rimworld\active\mapgen_ai\dev\Source\MapGenAI.csproj]
F:\Projects\Rimworld\active\mapgen_ai\dev\Source\MapGen\TextRegionPrompt.cs(21,136): error CS1002: ;이 필요합니다. [F:\Projects\Rimworld\active\mapgen_ai\dev\Source\MapGenAI.csproj]
F:\Projects\Rimworld\active\mapgen_ai\dev\Source\MapGen\TextRegionPrompt.cs(21,138): error CS1002: ;이 필요합니다. [F:\Projects\Rimworld\active\mapgen_ai\dev\Source\MapGenAI.csproj]
F:\Projects\Rimworld\active\mapgen_ai\dev\Source\MapGen\TextRegionPrompt.cs(21,140): error CS1002: ;이 필요합니다. [F:\Projects\Rimworld\active\mapgen_ai\dev\Source\MapGenAI.csproj]
F:\Projects\Rimworld\active\mapgen_ai\dev\Source\MapGen\TextRegionPrompt.cs(21,140): error CS1513: }가 필요합니다. [F:\Projects\Rimworld\active\mapgen_ai\dev\Source\MapGenAI.csproj]
F:\Projects\Rimworld\active\mapgen_ai\dev\Source\MapGen\TextRegionPrompt.cs(21,143): error CS1002: ;이 필요합니다. [F:\Projects\Rimworld\active\mapgen_ai\dev\Source\MapGenAI.csproj]
F:\Projects\Rimworld\active\mapgen_ai\dev\Source\MapGen\TextRegionPrompt.cs(21,150): error CS1002: ;이 필요합니다. [F:\Projects\Rimworld\active\mapgen_ai\dev\Source\MapGenAI.csproj]
F:\Projects\Rimworld\active\mapgen_ai\dev\Source\MapGen\TextRegionPrompt.cs(21,152): error CS1002: ;이 필요합니다. [F:\Projects\Rimworld\active\mapgen_ai\dev\Source\MapGenAI.csproj]
F:\Projects\Rimworld\active\mapgen_ai\dev\Source\MapGen\TextRegionPrompt.cs(21,153): error CS1022: 형식이나 네임스페이스 정의 또는 파일 끝(EOF)이 필요합니다. [F:\Projects\Rimworld\active\mapgen_ai\dev\Source\MapGenAI.csproj]
F:\Projects\Rimworld\active\mapgen_ai\dev\Source\MapGen\TextRegionPrompt.cs(21,172): error CS1003: 구문 오류입니다. ','이(가) 필요합니다. [F:\Projects\Rimworld\active\mapgen_ai\dev\Source\MapGenAI.csproj]
F:\Projects\Rimworld\active\mapgen_ai\dev\Source\MapGen\TextRegionPrompt.cs(22,79): error CS1012: 문자 리터럴에 문자가 너무 많습니다. [F:\Projects\Rimworld\active\mapgen_ai\dev\Source\MapGenAI.csproj]
F:\Projects\Rimworld\active\mapgen_ai\dev\Source\MapGen\TextRegionPrompt.cs(22,103): error CS1002: ;이 필요합니다. [F:\Projects\Rimworld\active\mapgen_ai\dev\Source\MapGenAI.csproj]
F:\Projects\Rimworld\active\mapgen_ai\dev\Source\MapGen\TextRegionPrompt.cs(22,103): error CS1022: 형식이나 네임스페이스 정의 또는 파일 끝(EOF)이 필요합니다. [F:\Projects\Rimworld\active\mapgen_ai\dev\Source\MapGenAI.csproj]
F:\Projects\Rimworld\active\mapgen_ai\dev\Source\MapGen\TextRegionPrompt.cs(22,105): error CS1002: ;이 필요합니다. [F:\Projects\Rimworld\active\mapgen_ai\dev\Source\MapGenAI.csproj]
F:\Projects\Rimworld\active\mapgen_ai\dev\Source\MapGen\TextRegionPrompt.cs(22,110): error CS1003: 구문 오류입니다. ','이(가) 필요합니다. [F:\Projects\Rimworld\active\mapgen_ai\dev\Source\MapGenAI.csproj]
F:\Projects\Rimworld\active\mapgen_ai\dev\Source\MapGen\TextRegionPrompt.cs(23,4): error CS1056: 예기치 않은 '·' 문자입니다. [F:\Projects\Rimworld\active\mapgen_ai\dev\Source\MapGenAI.csproj]
F:\Projects\Rimworld\active\mapgen_ai\dev\Source\MapGen\TextRegionPrompt.cs(23,7): error CS1056: 예기치 않은 '·' 문자입니다. [F:\Projects\Rimworld\active\mapgen_ai\dev\Source\MapGenAI.csproj]
F:\Projects\Rimworld\active\mapgen_ai\dev\Source\MapGen\TextRegionPrompt.cs(23,10): error CS1056: 예기치 않은 '·' 문자입니다. [F:\Projects\Rimworld\active\mapgen_ai\dev\Source\MapGenAI.csproj]
F:\Projects\Rimworld\active\mapgen_ai\dev\Source\MapGen\TextRegionPrompt.cs(23,16): error CS1056: 예기치 않은 '·' 문자입니다. [F:\Projects\Rimworld\active\mapgen_ai\dev\Source\MapGenAI.csproj]
F:\Projects\Rimworld\active\mapgen_ai\dev\Source\MapGen\TextRegionPrompt.cs(23,22): error CS1056: 예기치 않은 '·' 문자입니다. [F:\Projects\Rimworld\active\mapgen_ai\dev\Source\MapGenAI.csproj]
F:\Projects\Rimworld\active\mapgen_ai\dev\Source\MapGen\TextRegionPrompt.cs(23,131): error CS1056: 예기치 않은 '·' 문자입니다. [F:\Projects\Rimworld\active\mapgen_ai\dev\Source\MapGenAI.csproj]
F:\Projects\Rimworld\active\mapgen_ai\dev\Source\MapGen\TextRegionPrompt.cs(24,12): error CS1002: ;이 필요합니다. [F:\Projects\Rimworld\active\mapgen_ai\dev\Source\MapGenAI.csproj]
F:\Projects\Rimworld\active\mapgen_ai\dev\Source\MapGen\TextRegionPrompt.cs(24,12): error CS1022: 형식이나 네임스페이스 정의 또는 파일 끝(EOF)이 필요합니다. [F:\Projects\Rimworld\active\mapgen_ai\dev\Source\MapGenAI.csproj]
F:\Projects\Rimworld\active\mapgen_ai\dev\Source\MapGen\TextRegionPrompt.cs(24,26): error CS1002: ;이 필요합니다. [F:\Projects\Rimworld\active\mapgen_ai\dev\Source\MapGenAI.csproj]
F:\Projects\Rimworld\active\mapgen_ai\dev\Source\MapGen\TextRegionPrompt.cs(24,32): error CS1002: ;이 필요합니다. [F:\Projects\Rimworld\active\mapgen_ai\dev\Source\MapGenAI.csproj]
F:\Projects\Rimworld\active\mapgen_ai\dev\Source\MapGen\TextRegionPrompt.cs(24,34): error CS1002: ;이 필요합니다. [F:\Projects\Rimworld\active\mapgen_ai\dev\Source\MapGenAI.csproj]
F:\Projects\Rimworld\active\mapgen_ai\dev\Source\MapGen\TextRegionPrompt.cs(24,34): error CS1513: }가 필요합니다. [F:\Projects\Rimworld\active\mapgen_ai\dev\Source\MapGenAI.csproj]
F:\Projects\Rimworld\active\mapgen_ai\dev\Source\MapGen\TextRegionPrompt.cs(24,37): error CS1002: ;이 필요합니다. [F:\Projects\Rimworld\active\mapgen_ai\dev\Source\MapGenAI.csproj]
F:\Projects\Rimworld\active\mapgen_ai\dev\Source\MapGen\TextRegionPrompt.cs(24,42): error CS1002: ;이 필요합니다. [F:\Projects\Rimworld\active\mapgen_ai\dev\Source\MapGenAI.csproj]
F:\Projects\Rimworld\active\mapgen_ai\dev\Source\MapGen\TextRegionPrompt.cs(24,44): error CS1002: ;이 필요합니다. [F:\Projects\Rimworld\active\mapgen_ai\dev\Source\MapGenAI.csproj]
F:\Projects\Rimworld\active\mapgen_ai\dev\Source\MapGen\TextRegionPrompt.cs(24,44): error CS1513: }가 필요합니다. [F:\Projects\Rimworld\active\mapgen_ai\dev\Source\MapGenAI.csproj]
F:\Projects\Rimworld\active\mapgen_ai\dev\Source\MapGen\TextRegionPrompt.cs(24,47): error CS1002: ;이 필요합니다. [F:\Projects\Rimworld\active\mapgen_ai\dev\Source\MapGenAI.csproj]
F:\Projects\Rimworld\active\mapgen_ai\dev\Source\MapGen\TextRegionPrompt.cs(24,59): error CS1002: ;이 필요합니다. [F:\Projects\Rimworld\active\mapgen_ai\dev\Source\MapGenAI.csproj]
F:\Projects\Rimworld\active\mapgen_ai\dev\Source\MapGen\TextRegionPrompt.cs(24,61): error CS1002: ;이 필요합니다. [F:\Projects\Rimworld\active\mapgen_ai\dev\Source\MapGenAI.csproj]
F:\Projects\Rimworld\active\mapgen_ai\dev\Source\MapGen\TextRegionPrompt.cs(24,61): error CS1513: }가 필요합니다. [F:\Projects\Rimworld\active\mapgen_ai\dev\Source\MapGenAI.csproj]
F:\Projects\Rimworld\active\mapgen_ai\dev\Source\MapGen\TextRegionPrompt.cs(24,63): error CS1002: ;이 필요합니다. [F:\Projects\Rimworld\active\mapgen_ai\dev\Source\MapGenAI.csproj]
F:\Projects\Rimworld\active\mapgen_ai\dev\Source\MapGen\TextRegionPrompt.cs(24,63): error CS1513: }가 필요합니다. [F:\Projects\Rimworld\active\mapgen_ai\dev\Source\MapGenAI.csproj]
F:\Projects\Rimworld\active\mapgen_ai\dev\Source\MapGen\TextRegionPrompt.cs(24,66): error CS1002: ;이 필요합니다. [F:\Projects\Rimworld\active\mapgen_ai\dev\Source\MapGenAI.csproj]
F:\Projects\Rimworld\active\mapgen_ai\dev\Source\MapGen\TextRegionPrompt.cs(24,78): error CS1002: ;이 필요합니다. [F:\Projects\Rimworld\active\mapgen_ai\dev\Source\MapGenAI.csproj]
F:\Projects\Rimworld\active\mapgen_ai\dev\Source\MapGen\TextRegionPrompt.cs(24,80): error CS1002: ;이 필요합니다. [F:\Projects\Rimworld\active\mapgen_ai\dev\Source\MapGenAI.csproj]
F:\Projects\Rimworld\active\mapgen_ai\dev\Source\MapGen\TextRegionPrompt.cs(24,80): error CS1513: }가 필요합니다. [F:\Projects\Rimworld\active\mapgen_ai\dev\Source\MapGenAI.csproj]
F:\Projects\Rimworld\active\mapgen_ai\dev\Source\MapGen\TextRegionPrompt.cs(24,83): error CS1002: ;이 필요합니다. [F:\Projects\Rimworld\active\mapgen_ai\dev\Source\MapGenAI.csproj]
F:\Projects\Rimworld\active\mapgen_ai\dev\Source\MapGen\TextRegionPrompt.cs(24,83): error CS1513: }가 필요합니다. [F:\Projects\Rimworld\active\mapgen_ai\dev\Source\MapGenAI.csproj]
F:\Projects\Rimworld\active\mapgen_ai\dev\Source\MapGen\TextRegionPrompt.cs(24,86): error CS1002: ;이 필요합니다. [F:\Projects\Rimworld\active\mapgen_ai\dev\Source\MapGenAI.csproj]
F:\Projects\Rimworld\active\mapgen_ai\dev\Source\MapGen\TextRegionPrompt.cs(24,90): error CS1002: ;이 필요합니다. [F:\Projects\Rimworld\active\mapgen_ai\dev\Source\MapGenAI.csproj]
F:\Projects\Rimworld\active\mapgen_ai\dev\Source\MapGen\TextRegionPrompt.cs(24,92): error CS1002: ;이 필요합니다. [F:\Projects\Rimworld\active\mapgen_ai\dev\Source\MapGenAI.csproj]
F:\Projects\Rimworld\active\mapgen_ai\dev\Source\MapGen\TextRegionPrompt.cs(24,92): error CS1513: }가 필요합니다. [F:\Projects\Rimworld\active\mapgen_ai\dev\Source\MapGenAI.csproj]
F:\Projects\Rimworld\active\mapgen_ai\dev\Source\MapGen\TextRegionPrompt.cs(24,95): error CS1002: ;이 필요합니다. [F:\Projects\Rimworld\active\mapgen_ai\dev\Source\MapGenAI.csproj]
F:\Projects\Rimworld\active\mapgen_ai\dev\Source\MapGen\TextRegionPrompt.cs(24,99): error CS1002: ;이 필요합니다. [F:\Projects\Rimworld\active\mapgen_ai\dev\Source\MapGenAI.csproj]
F:\Projects\Rimworld\active\mapgen_ai\dev\Source\MapGen\TextRegionPrompt.cs(24,101): error CS1002: ;이 필요합니다. [F:\Projects\Rimworld\active\mapgen_ai\dev\Source\MapGenAI.csproj]
F:\Projects\Rimworld\active\mapgen_ai\dev\Source\MapGen\TextRegionPrompt.cs(24,107): error CS1003: 구문 오류입니다. ','이(가) 필요합니다. [F:\Projects\Rimworld\active\mapgen_ai\dev\Source\MapGenAI.csproj]
F:\Projects\Rimworld\active\mapgen_ai\dev\Source\MapGen\TextRegionPrompt.cs(24,228): error CS1044: for 문, using 문, fixed 문, 선언문 등에는 둘 이상의 형식을 사용할 수 없습니다. [F:\Projects\Rimworld\active\mapgen_ai\dev\Source\MapGenAI.csproj]
F:\Projects\Rimworld\active\mapgen_ai\dev\Source\MapGen\TextRegionPrompt.cs(24,234): error CS1003: 구문 오류입니다. ','이(가) 필요합니다. [F:\Projects\Rimworld\active\mapgen_ai\dev\Source\MapGenAI.csproj]
F:\Projects\Rimworld\active\mapgen_ai\dev\Source\MapGen\TextRegionPrompt.cs(25,33): error CS1002: ;이 필요합니다. [F:\Projects\Rimworld\active\mapgen_ai\dev\Source\MapGenAI.csproj]
F:\Projects\Rimworld\active\mapgen_ai\dev\Source\MapGen\TextRegionPrompt.cs(25,33): error CS1022: 형식이나 네임스페이스 정의 또는 파일 끝(EOF)이 필요합니다. [F:\Projects\Rimworld\active\mapgen_ai\dev\Source\MapGenAI.csproj]
F:\Projects\Rimworld\active\mapgen_ai\dev\Source\MapGen\TextRegionPrompt.cs(25,37): error CS1002: ;이 필요합니다. [F:\Projects\Rimworld\active\mapgen_ai\dev\Source\MapGenAI.csproj]
F:\Projects\Rimworld\active\mapgen_ai\dev\Source\MapGen\TextRegionPrompt.cs(25,43): error CS1002: ;이 필요합니다. [F:\Projects\Rimworld\active\mapgen_ai\dev\Source\MapGenAI.csproj]
F:\Projects\Rimworld\active\mapgen_ai\dev\Source\MapGen\TextRegionPrompt.cs(25,45): error CS1002: ;이 필요합니다. [F:\Projects\Rimworld\active\mapgen_ai\dev\Source\MapGenAI.csproj]
F:\Projects\Rimworld\active\mapgen_ai\dev\Source\MapGen\TextRegionPrompt.cs(25,45): error CS1513: }가 필요합니다. [F:\Projects\Rimworld\active\mapgen_ai\dev\Source\MapGenAI.csproj]
F:\Projects\Rimworld\active\mapgen_ai\dev\Source\MapGen\TextRegionPrompt.cs(25,48): error CS1002: ;이 필요합니다. [F:\Projects\Rimworld\active\mapgen_ai\dev\Source\MapGenAI.csproj]
F:\Projects\Rimworld\active\mapgen_ai\dev\Source\MapGen\TextRegionPrompt.cs(25,59): error CS1002: ;이 필요합니다. [F:\Projects\Rimworld\active\mapgen_ai\dev\Source\MapGenAI.csproj]
F:\Projects\Rimworld\active\mapgen_ai\dev\Source\MapGen\TextRegionPrompt.cs(25,61): error CS1002: ;이 필요합니다. [F:\Projects\Rimworld\active\mapgen_ai\dev\Source\MapGenAI.csproj]
F:\Projects\Rimworld\active\mapgen_ai\dev\Source\MapGen\TextRegionPrompt.cs(25,61): error CS1513: }가 필요합니다. [F:\Projects\Rimworld\active\mapgen_ai\dev\Source\MapGenAI.csproj]
F:\Projects\Rimworld\active\mapgen_ai\dev\Source\MapGen\TextRegionPrompt.cs(25,64): error CS1002: ;이 필요합니다. [F:\Projects\Rimworld\active\mapgen_ai\dev\Source\MapGenAI.csproj]
F:\Projects\Rimworld\active\mapgen_ai\dev\Source\MapGen\TextRegionPrompt.cs(25,76): error CS1002: ;이 필요합니다. [F:\Projects\Rimworld\active\mapgen_ai\dev\Source\MapGenAI.csproj]
F:\Projects\Rimworld\active\mapgen_ai\dev\Source\MapGen\TextRegionPrompt.cs(25,78): error CS1002: ;이 필요합니다. [F:\Projects\Rimworld\active\mapgen_ai\dev\Source\MapGenAI.csproj]
F:\Projects\Rimworld\active\mapgen_ai\dev\Source\MapGen\TextRegionPrompt.cs(25,78): error CS1513: }가 필요합니다. [F:\Projects\Rimworld\active\mapgen_ai\dev\Source\MapGenAI.csproj]
F:\Projects\Rimworld\active\mapgen_ai\dev\Source\MapGen\TextRegionPrompt.cs(25,80): error CS1002: ;이 필요합니다. [F:\Projects\Rimworld\active\mapgen_ai\dev\Source\MapGenAI.csproj]
F:\Projects\Rimworld\active\mapgen_ai\dev\Source\MapGen\TextRegionPrompt.cs(25,80): error CS1513: }가 필요합니다. [F:\Projects\Rimworld\active\mapgen_ai\dev\Source\MapGenAI.csproj]
F:\Projects\Rimworld\active\mapgen_ai\dev\Source\MapGen\TextRegionPrompt.cs(25,83): error CS1002: ;이 필요합니다. [F:\Projects\Rimworld\active\mapgen_ai\dev\Source\MapGenAI.csproj]
F:\Projects\Rimworld\active\mapgen_ai\dev\Source\MapGen\TextRegionPrompt.cs(25,95): error CS1002: ;이 필요합니다. [F:\Projects\Rimworld\active\mapgen_ai\dev\Source\MapGenAI.csproj]
F:\Projects\Rimworld\active\mapgen_ai\dev\Source\MapGen\TextRegionPrompt.cs(25,97): error CS1002: ;이 필요합니다. [F:\Projects\Rimworld\active\mapgen_ai\dev\Source\MapGenAI.csproj]
F:\Projects\Rimworld\active\mapgen_ai\dev\Source\MapGen\TextRegionPrompt.cs(25,97): error CS1513: }가 필요합니다. [F:\Projects\Rimworld\active\mapgen_ai\dev\Source\MapGenAI.csproj]
F:\Projects\Rimworld\active\mapgen_ai\dev\Source\MapGen\TextRegionPrompt.cs(25,99): error CS1002: ;이 필요합니다. [F:\Projects\Rimworld\active\mapgen_ai\dev\Source\MapGenAI.csproj]
F:\Projects\Rimworld\active\mapgen_ai\dev\Source\MapGen\TextRegionPrompt.cs(25,105): error CS1003: 구문 오류입니다. '='이(가) 필요합니다. [F:\Projects\Rimworld\active\mapgen_ai\dev\Source\MapGenAI.csproj]
F:\Projects\Rimworld\active\mapgen_ai\dev\Source\MapGen\TextRegionPrompt.cs(25,115): error CS1003: 구문 오류입니다. ','이(가) 필요합니다. [F:\Projects\Rimworld\active\mapgen_ai\dev\Source\MapGenAI.csproj]
F:\Projects\Rimworld\active\mapgen_ai\dev\Source\MapGen\TextRegionPrompt.cs(25,226): error CS1003: 구문 오류입니다. ','이(가) 필요합니다. [F:\Projects\Rimworld\active\mapgen_ai\dev\Source\MapGenAI.csproj]
F:\Projects\Rimworld\active\mapgen_ai\dev\Source\MapGen\TextRegionPrompt.cs(25,302): error CS1002: ;이 필요합니다. [F:\Projects\Rimworld\active\mapgen_ai\dev\Source\MapGenAI.csproj]
F:\Projects\Rimworld\active\mapgen_ai\dev\Source\MapGen\TextRegionPrompt.cs(25,302): error CS1022: 형식이나 네임스페이스 정의 또는 파일 끝(EOF)이 필요합니다. [F:\Projects\Rimworld\active\mapgen_ai\dev\Source\MapGenAI.csproj]
F:\Projects\Rimworld\active\mapgen_ai\dev\Source\MapGen\TextRegionPrompt.cs(25,313): error CS1003: 구문 오류입니다. ','이(가) 필요합니다. [F:\Projects\Rimworld\active\mapgen_ai\dev\Source\MapGenAI.csproj]
F:\Projects\Rimworld\active\mapgen_ai\dev\Source\MapGen\TextRegionPrompt.cs(26,27): error CS1044: for 문, using 문, fixed 문, 선언문 등에는 둘 이상의 형식을 사용할 수 없습니다. [F:\Projects\Rimworld\active\mapgen_ai\dev\Source\MapGenAI.csproj]
F:\Projects\Rimworld\active\mapgen_ai\dev\Source\MapGen\TextRegionPrompt.cs(26,36): error CS1003: 구문 오류입니다. ','이(가) 필요합니다. [F:\Projects\Rimworld\active\mapgen_ai\dev\Source\MapGenAI.csproj]
F:\Projects\Rimworld\active\mapgen_ai\dev\Source\MapGen\TextRegionPrompt.cs(28,15): error CS1044: for 문, using 문, fixed 문, 선언문 등에는 둘 이상의 형식을 사용할 수 없습니다. [F:\Projects\Rimworld\active\mapgen_ai\dev\Source\MapGenAI.csproj]
F:\Projects\Rimworld\active\mapgen_ai\dev\Source\MapGen\TextRegionPrompt.cs(28,25): error CS1003: 구문 오류입니다. ','이(가) 필요합니다. [F:\Projects\Rimworld\active\mapgen_ai\dev\Source\MapGenAI.csproj]
F:\Projects\Rimworld\active\mapgen_ai\dev\Source\MapGen\TextRegionPrompt.cs(28,50): error CS1002: ;이 필요합니다. [F:\Projects\Rimworld\active\mapgen_ai\dev\Source\MapGenAI.csproj]
F:\Projects\Rimworld\active\mapgen_ai\dev\Source\MapGen\TextRegionPrompt.cs(28,50): error CS1022: 형식이나 네임스페이스 정의 또는 파일 끝(EOF)이 필요합니다. [F:\Projects\Rimworld\active\mapgen_ai\dev\Source\MapGenAI.csproj]
F:\Projects\Rimworld\active\mapgen_ai\dev\Source\MapGen\TextRegionPrompt.cs(29,9): error CS1002: ;이 필요합니다. [F:\Projects\Rimworld\active\mapgen_ai\dev\Source\MapGenAI.csproj]
F:\Projects\Rimworld\active\mapgen_ai\dev\Source\MapGen\TextRegionPrompt.cs(29,14): error CS1001: 식별자가 필요합니다. [F:\Projects\Rimworld\active\mapgen_ai\dev\Source\MapGenAI.csproj]
F:\Projects\Rimworld\active\mapgen_ai\dev\Source\MapGen\TextRegionPrompt.cs(29,16): error CS1044: for 문, using 문, fixed 문, 선언문 등에는 둘 이상의 형식을 사용할 수 없습니다. [F:\Projects\Rimworld\active\mapgen_ai\dev\Source\MapGenAI.csproj]
F:\Projects\Rimworld\active\mapgen_ai\dev\Source\MapGen\TextRegionPrompt.cs(29,31): error CS1003: 구문 오류입니다. ','이(가) 필요합니다. [F:\Projects\Rimworld\active\mapgen_ai\dev\Source\MapGenAI.csproj]
F:\Projects\Rimworld\active\mapgen_ai\dev\Source\MapGen\TextRegionPrompt.cs(29,95): error CS1002: ;이 필요합니다. [F:\Projects\Rimworld\active\mapgen_ai\dev\Source\MapGenAI.csproj]
F:\Projects\Rimworld\active\mapgen_ai\dev\Source\MapGen\TextRegionPrompt.cs(29,95): error CS1022: 형식이나 네임스페이스 정의 또는 파일 끝(EOF)이 필요합니다. [F:\Projects\Rimworld\active\mapgen_ai\dev\Source\MapGenAI.csproj]
F:\Projects\Rimworld\active\mapgen_ai\dev\Source\MapGen\TextRegionPrompt.cs(29,104): error CS1003: 구문 오류입니다. ','이(가) 필요합니다. [F:\Projects\Rimworld\active\mapgen_ai\dev\Source\MapGenAI.csproj]
F:\Projects\Rimworld\active\mapgen_ai\dev\Source\MapGen\TextRegionPrompt.cs(30,216): error CS1044: for 문, using 문, fixed 문, 선언문 등에는 둘 이상의 형식을 사용할 수 없습니다. [F:\Projects\Rimworld\active\mapgen_ai\dev\Source\MapGenAI.csproj]
F:\Projects\Rimworld\active\mapgen_ai\dev\Source\MapGen\TextRegionPrompt.cs(30,222): error CS1003: 구문 오류입니다. ','이(가) 필요합니다. [F:\Projects\Rimworld\active\mapgen_ai\dev\Source\MapGenAI.csproj]
F:\Projects\Rimworld\active\mapgen_ai\dev\Source\MapGen\TextRegionPrompt.cs(30,316): error CS1002: ;이 필요합니다. [F:\Projects\Rimworld\active\mapgen_ai\dev\Source\MapGenAI.csproj]
F:\Projects\Rimworld\active\mapgen_ai\dev\Source\MapGen\TextRegionPrompt.cs(30,316): error CS1022: 형식이나 네임스페이스 정의 또는 파일 끝(EOF)이 필요합니다. [F:\Projects\Rimworld\active\mapgen_ai\dev\Source\MapGenAI.csproj]
F:\Projects\Rimworld\active\mapgen_ai\dev\Source\MapGen\TextRegionPrompt.cs(30,321): error CS1001: 식별자가 필요합니다. [F:\Projects\Rimworld\active\mapgen_ai\dev\Source\MapGenAI.csproj]
F:\Projects\Rimworld\active\mapgen_ai\dev\Source\MapGen\TextRegionPrompt.cs(31,12): error CS1002: ;이 필요합니다. [F:\Projects\Rimworld\active\mapgen_ai\dev\Source\MapGenAI.csproj]
F:\Projects\Rimworld\active\mapgen_ai\dev\Source\MapGen\TextRegionPrompt.cs(31,22): error CS1002: ;이 필요합니다. [F:\Projects\Rimworld\active\mapgen_ai\dev\Source\MapGenAI.csproj]
F:\Projects\Rimworld\active\mapgen_ai\dev\Source\MapGen\TextRegionPrompt.cs(31,37): error CS1003: 구문 오류입니다. ','이(가) 필요합니다. [F:\Projects\Rimworld\active\mapgen_ai\dev\Source\MapGenAI.csproj]
F:\Projects\Rimworld\active\mapgen_ai\dev\Source\MapGen\TextRegionPrompt.cs(31,156): error CS1002: ;이 필요합니다. [F:\Projects\Rimworld\active\mapgen_ai\dev\Source\MapGenAI.csproj]
F:\Projects\Rimworld\active\mapgen_ai\dev\Source\MapGen\TextRegionPrompt.cs(31,156): error CS1022: 형식이나 네임스페이스 정의 또는 파일 끝(EOF)이 필요합니다. [F:\Projects\Rimworld\active\mapgen_ai\dev\Source\MapGenAI.csproj]
F:\Projects\Rimworld\active\mapgen_ai\dev\Source\MapGen\TextRegionPrompt.cs(31,162): error CS1002: ;이 필요합니다. [F:\Projects\Rimworld\active\mapgen_ai\dev\Source\MapGenAI.csproj]
F:\Projects\Rimworld\active\mapgen_ai\dev\Source\MapGen\TextRegionPrompt.cs(31,175): error CS1003: 구문 오류입니다. ','이(가) 필요합니다. [F:\Projects\Rimworld\active\mapgen_ai\dev\Source\MapGenAI.csproj]
F:\Projects\Rimworld\active\mapgen_ai\dev\Source\MapGen\TextRegionPrompt.cs(31,185): error CS1044: for 문, using 문, fixed 문, 선언문 등에는 둘 이상의 형식을 사용할 수 없습니다. [F:\Projects\Rimworld\active\mapgen_ai\dev\Source\MapGenAI.csproj]
F:\Projects\Rimworld\active\mapgen_ai\dev\Source\MapGen\TextRegionPrompt.cs(31,195): error CS1003: 구문 오류입니다. ','이(가) 필요합니다. [F:\Projects\Rimworld\active\mapgen_ai\dev\Source\MapGenAI.csproj]
F:\Projects\Rimworld\active\mapgen_ai\dev\Source\MapGen\TextRegionPrompt.cs(32,52): error CS1044: for 문, using 문, fixed 문, 선언문 등에는 둘 이상의 형식을 사용할 수 없습니다. [F:\Projects\Rimworld\active\mapgen_ai\dev\Source\MapGenAI.csproj]
F:\Projects\Rimworld\active\mapgen_ai\dev\Source\MapGen\TextRegionPrompt.cs(32,59): error CS1003: 구문 오류입니다. ','이(가) 필요합니다. [F:\Projects\Rimworld\active\mapgen_ai\dev\Source\MapGenAI.csproj]
F:\Projects\Rimworld\active\mapgen_ai\dev\Source\MapGen\TextRegionPrompt.cs(32,93): error CS1002: ;이 필요합니다. [F:\Projects\Rimworld\active\mapgen_ai\dev\Source\MapGenAI.csproj]
F:\Projects\Rimworld\active\mapgen_ai\dev\Source\MapGen\TextRegionPrompt.cs(32,93): error CS1022: 형식이나 네임스페이스 정의 또는 파일 끝(EOF)이 필요합니다. [F:\Projects\Rimworld\active\mapgen_ai\dev\Source\MapGenAI.csproj]
F:\Projects\Rimworld\active\mapgen_ai\dev\Source\MapGen\TextRegionPrompt.cs(32,97): error CS1002: ;이 필요합니다. [F:\Projects\Rimworld\active\mapgen_ai\dev\Source\MapGenAI.csproj]
F:\Projects\Rimworld\active\mapgen_ai\dev\Source\MapGen\TextRegionPrompt.cs(32,101): error CS1002: ;이 필요합니다. [F:\Projects\Rimworld\active\mapgen_ai\dev\Source\MapGenAI.csproj]
F:\Projects\Rimworld\active\mapgen_ai\dev\Source\MapGen\TextRegionPrompt.cs(32,103): error CS1002: ;이 필요합니다. [F:\Projects\Rimworld\active\mapgen_ai\dev\Source\MapGenAI.csproj]
F:\Projects\Rimworld\active\mapgen_ai\dev\Source\MapGen\TextRegionPrompt.cs(32,103): error CS1513: }가 필요합니다. [F:\Projects\Rimworld\active\mapgen_ai\dev\Source\MapGenAI.csproj]
F:\Projects\Rimworld\active\mapgen_ai\dev\Source\MapGen\TextRegionPrompt.cs(32,106): error CS1002: ;이 필요합니다. [F:\Projects\Rimworld\active\mapgen_ai\dev\Source\MapGenAI.csproj]
F:\Projects\Rimworld\active\mapgen_ai\dev\Source\MapGen\TextRegionPrompt.cs(32,114): error CS1002: ;이 필요합니다. [F:\Projects\Rimworld\active\mapgen_ai\dev\Source\MapGenAI.csproj]
F:\Projects\Rimworld\active\mapgen_ai\dev\Source\MapGen\TextRegionPrompt.cs(32,116): error CS1002: ;이 필요합니다. [F:\Projects\Rimworld\active\mapgen_ai\dev\Source\MapGenAI.csproj]
F:\Projects\Rimworld\active\mapgen_ai\dev\Source\MapGen\TextRegionPrompt.cs(32,117): error CS1022: 형식이나 네임스페이스 정의 또는 파일 끝(EOF)이 필요합니다. [F:\Projects\Rimworld\active\mapgen_ai\dev\Source\MapGenAI.csproj]
F:\Projects\Rimworld\active\mapgen_ai\dev\Source\MapGen\TextRegionPrompt.cs(32,126): error CS1003: 구문 오류입니다. ','이(가) 필요합니다. [F:\Projects\Rimworld\active\mapgen_ai\dev\Source\MapGenAI.csproj]
F:\Projects\Rimworld\active\mapgen_ai\dev\Source\MapGen\TextRegionPrompt.cs(32,176): error CS1044: for 문, using 문, fixed 문, 선언문 등에는 둘 이상의 형식을 사용할 수 없습니다. [F:\Projects\Rimworld\active\mapgen_ai\dev\Source\MapGenAI.csproj]
F:\Projects\Rimworld\active\mapgen_ai\dev\Source\MapGen\TextRegionPrompt.cs(32,183): error CS1003: 구문 오류입니다. ','이(가) 필요합니다. [F:\Projects\Rimworld\active\mapgen_ai\dev\Source\MapGenAI.csproj]
F:\Projects\Rimworld\active\mapgen_ai\dev\Source\MapGen\TextRegionPrompt.cs(32,244): error CS1044: for 문, using 문, fixed 문, 선언문 등에는 둘 이상의 형식을 사용할 수 없습니다. [F:\Projects\Rimworld\active\mapgen_ai\dev\Source\MapGenAI.csproj]
F:\Projects\Rimworld\active\mapgen_ai\dev\Source\MapGen\TextRegionPrompt.cs(32,254): error CS1003: 구문 오류입니다. ','이(가) 필요합니다. [F:\Projects\Rimworld\active\mapgen_ai\dev\Source\MapGenAI.csproj]
F:\Projects\Rimworld\active\mapgen_ai\dev\Source\MapGen\TextRegionPrompt.cs(32,339): error CS1044: for 문, using 문, fixed 문, 선언문 등에는 둘 이상의 형식을 사용할 수 없습니다. [F:\Projects\Rimworld\active\mapgen_ai\dev\Source\MapGenAI.csproj]
F:\Projects\Rimworld\active\mapgen_ai\dev\Source\MapGen\TextRegionPrompt.cs(32,345): error CS1003: 구문 오류입니다. ','이(가) 필요합니다. [F:\Projects\Rimworld\active\mapgen_ai\dev\Source\MapGenAI.csproj]
F:\Projects\Rimworld\active\mapgen_ai\dev\Source\MapGen\TextRegionPrompt.cs(32,406): error CS1002: ;이 필요합니다. [F:\Projects\Rimworld\active\mapgen_ai\dev\Source\MapGenAI.csproj]
F:\Projects\Rimworld\active\mapgen_ai\dev\Source\MapGen\TextRegionPrompt.cs(32,420): error CS1001: 식별자가 필요합니다. [F:\Projects\Rimworld\active\mapgen_ai\dev\Source\MapGenAI.csproj]
F:\Projects\Rimworld\active\mapgen_ai\dev\Source\MapGen\TextRegionPrompt.cs(33,7): error CS1002: ;이 필요합니다. [F:\Projects\Rimworld\active\mapgen_ai\dev\Source\MapGenAI.csproj]
F:\Projects\Rimworld\active\mapgen_ai\dev\Source\MapGen\TextRegionPrompt.cs(33,14): error CS1001: 식별자가 필요합니다. [F:\Projects\Rimworld\active\mapgen_ai\dev\Source\MapGenAI.csproj]
F:\Projects\Rimworld\active\mapgen_ai\dev\Source\MapGen\TextRegionPrompt.cs(33,16): error CS1044: for 문, using 문, fixed 문, 선언문 등에는 둘 이상의 형식을 사용할 수 없습니다. [F:\Projects\Rimworld\active\mapgen_ai\dev\Source\MapGenAI.csproj]
F:\Projects\Rimworld\active\mapgen_ai\dev\Source\MapGen\TextRegionPrompt.cs(33,25): error CS1003: 구문 오류입니다. ','이(가) 필요합니다. [F:\Projects\Rimworld\active\mapgen_ai\dev\Source\MapGenAI.csproj]
F:\Projects\Rimworld\active\mapgen_ai\dev\Source\MapGen\TextRegionPrompt.cs(33,35): error CS1044: for 문, using 문, fixed 문, 선언문 등에는 둘 이상의 형식을 사용할 수 없습니다. [F:\Projects\Rimworld\active\mapgen_ai\dev\Source\MapGenAI.csproj]
F:\Projects\Rimworld\active\mapgen_ai\dev\Source\MapGen\TextRegionPrompt.cs(33,41): error CS1003: 구문 오류입니다. ','이(가) 필요합니다. [F:\Projects\Rimworld\active\mapgen_ai\dev\Source\MapGenAI.csproj]
F:\Projects\Rimworld\active\mapgen_ai\dev\Source\MapGen\TextRegionPrompt.cs(33,102): error CS1002: ;이 필요합니다. [F:\Projects\Rimworld\active\mapgen_ai\dev\Source\MapGenAI.csproj]
F:\Projects\Rimworld\active\mapgen_ai\dev\Source\MapGen\TextRegionPrompt.cs(33,102): error CS1022: 형식이나 네임스페이스 정의 또는 파일 끝(EOF)이 필요합니다. [F:\Projects\Rimworld\active\mapgen_ai\dev\Source\MapGenAI.csproj]
F:\Projects\Rimworld\active\mapgen_ai\dev\Source\MapGen\TextRegionPrompt.cs(33,112): error CS1003: 구문 오류입니다. ','이(가) 필요합니다. [F:\Projects\Rimworld\active\mapgen_ai\dev\Source\MapGenAI.csproj]
F:\Projects\Rimworld\active\mapgen_ai\dev\Source\MapGen\TextRegionPrompt.cs(33,113): error CS1002: ;이 필요합니다. [F:\Projects\Rimworld\active\mapgen_ai\dev\Source\MapGenAI.csproj]
F:\Projects\Rimworld\active\mapgen_ai\dev\Source\MapGen\TextRegionPrompt.cs(33,113): error CS1022: 형식이나 네임스페이스 정의 또는 파일 끝(EOF)이 필요합니다. [F:\Projects\Rimworld\active\mapgen_ai\dev\Source\MapGenAI.csproj]
F:\Projects\Rimworld\active\mapgen_ai\dev\Source\MapGen\TextRegionPrompt.cs(33,140): error CS1002: ;이 필요합니다. [F:\Projects\Rimworld\active\mapgen_ai\dev\Source\MapGenAI.csproj]
F:\Projects\Rimworld\active\mapgen_ai\dev\Source\MapGen\TextRegionPrompt.cs(33,155): error CS1003: 구문 오류입니다. ','이(가) 필요합니다. [F:\Projects\Rimworld\active\mapgen_ai\dev\Source\MapGenAI.csproj]
F:\Projects\Rimworld\active\mapgen_ai\dev\Source\MapGen\TextRegionPrompt.cs(33,163): error CS1044: for 문, using 문, fixed 문, 선언문 등에는 둘 이상의 형식을 사용할 수 없습니다. [F:\Projects\Rimworld\active\mapgen_ai\dev\Source\MapGenAI.csproj]
F:\Projects\Rimworld\active\mapgen_ai\dev\Source\MapGen\TextRegionPrompt.cs(33,167): error CS1003: 구문 오류입니다. ','이(가) 필요합니다. [F:\Projects\Rimworld\active\mapgen_ai\dev\Source\MapGenAI.csproj]
F:\Projects\Rimworld\active\mapgen_ai\dev\Source\MapGen\TextRegionPrompt.cs(33,223): error CS1002: ;이 필요합니다. [F:\Projects\Rimworld\active\mapgen_ai\dev\Source\MapGenAI.csproj]
F:\Projects\Rimworld\active\mapgen_ai\dev\Source\MapGen\TextRegionPrompt.cs(33,223): error CS1022: 형식이나 네임스페이스 정의 또는 파일 끝(EOF)이 필요합니다. [F:\Projects\Rimworld\active\mapgen_ai\dev\Source\MapGenAI.csproj]
F:\Projects\Rimworld\active\mapgen_ai\dev\Source\MapGen\TextRegionPrompt.cs(33,235): error CS1003: 구문 오류입니다. ','이(가) 필요합니다. [F:\Projects\Rimworld\active\mapgen_ai\dev\Source\MapGenAI.csproj]
F:\Projects\Rimworld\active\mapgen_ai\dev\Source\MapGen\TextRegionPrompt.cs(33,307): error CS1044: for 문, using 문, fixed 문, 선언문 등에는 둘 이상의 형식을 사용할 수 없습니다. [F:\Projects\Rimworld\active\mapgen_ai\dev\Source\MapGenAI.csproj]
F:\Projects\Rimworld\active\mapgen_ai\dev\Source\MapGen\TextRegionPrompt.cs(33,318): error CS1003: 구문 오류입니다. ','이(가) 필요합니다. [F:\Projects\Rimworld\active\mapgen_ai\dev\Source\MapGenAI.csproj]
F:\Projects\Rimworld\active\mapgen_ai\dev\Source\MapGen\TextRegionPrompt.cs(34,54): error CS1003: 구문 오류입니다. ','이(가) 필요합니다. [F:\Projects\Rimworld\active\mapgen_ai\dev\Source\MapGenAI.csproj]
F:\Projects\Rimworld\active\mapgen_ai\dev\Source\MapGen\TextRegionPrompt.cs(34,55): error CS1002: ;이 필요합니다. [F:\Projects\Rimworld\active\mapgen_ai\dev\Source\MapGenAI.csproj]
F:\Projects\Rimworld\active\mapgen_ai\dev\Source\MapGen\TextRegionPrompt.cs(34,55): error CS1022: 형식이나 네임스페이스 정의 또는 파일 끝(EOF)이 필요합니다. [F:\Projects\Rimworld\active\mapgen_ai\dev\Source\MapGenAI.csproj]
F:\Projects\Rimworld\active\mapgen_ai\dev\Source\MapGen\TextRegionPrompt.cs(34,60): error CS1002: ;이 필요합니다. [F:\Projects\Rimworld\active\mapgen_ai\dev\Source\MapGenAI.csproj]
F:\Projects\Rimworld\active\mapgen_ai\dev\Source\MapGen\TextRegionPrompt.cs(34,66): error CS1002: ;이 필요합니다. [F:\Projects\Rimworld\active\mapgen_ai\dev\Source\MapGenAI.csproj]
F:\Projects\Rimworld\active\mapgen_ai\dev\Source\MapGen\TextRegionPrompt.cs(34,68): error CS1002: ;이 필요합니다. [F:\Projects\Rimworld\active\mapgen_ai\dev\Source\MapGenAI.csproj]
F:\Projects\Rimworld\active\mapgen_ai\dev\Source\MapGen\TextRegionPrompt.cs(34,68): error CS1513: }가 필요합니다. [F:\Projects\Rimworld\active\mapgen_ai\dev\Source\MapGenAI.csproj]
F:\Projects\Rimworld\active\mapgen_ai\dev\Source\MapGen\TextRegionPrompt.cs(34,71): error CS1002: ;이 필요합니다. [F:\Projects\Rimworld\active\mapgen_ai\dev\Source\MapGenAI.csproj]
F:\Projects\Rimworld\active\mapgen_ai\dev\Source\MapGen\TextRegionPrompt.cs(34,79): error CS1002: ;이 필요합니다. [F:\Projects\Rimworld\active\mapgen_ai\dev\Source\MapGenAI.csproj]
F:\Projects\Rimworld\active\mapgen_ai\dev\Source\MapGen\TextRegionPrompt.cs(34,81): error CS1002: ;이 필요합니다. [F:\Projects\Rimworld\active\mapgen_ai\dev\Source\MapGenAI.csproj]
F:\Projects\Rimworld\active\mapgen_ai\dev\Source\MapGen\TextRegionPrompt.cs(34,81): error CS1513: }가 필요합니다. [F:\Projects\Rimworld\active\mapgen_ai\dev\Source\MapGenAI.csproj]
F:\Projects\Rimworld\active\mapgen_ai\dev\Source\MapGen\TextRegionPrompt.cs(34,84): error CS1002: ;이 필요합니다. [F:\Projects\Rimworld\active\mapgen_ai\dev\Source\MapGenAI.csproj]
F:\Projects\Rimworld\active\mapgen_ai\dev\Source\MapGen\TextRegionPrompt.cs(34,84): error CS1513: }가 필요합니다. [F:\Projects\Rimworld\active\mapgen_ai\dev\Source\MapGenAI.csproj]
F:\Projects\Rimworld\active\mapgen_ai\dev\Source\MapGen\TextRegionPrompt.cs(34,92): error CS1002: ;이 필요합니다. [F:\Projects\Rimworld\active\mapgen_ai\dev\Source\MapGenAI.csproj]
F:\Projects\Rimworld\active\mapgen_ai\dev\Source\MapGen\TextRegionPrompt.cs(34,92): error CS1513: }가 필요합니다. [F:\Projects\Rimworld\active\mapgen_ai\dev\Source\MapGenAI.csproj]
F:\Projects\Rimworld\active\mapgen_ai\dev\Source\MapGen\TextRegionPrompt.cs(34,96): error CS1002: ;이 필요합니다. [F:\Projects\Rimworld\active\mapgen_ai\dev\Source\MapGenAI.csproj]
F:\Projects\Rimworld\active\mapgen_ai\dev\Source\MapGen\TextRegionPrompt.cs(34,105): error CS1002: ;이 필요합니다. [F:\Projects\Rimworld\active\mapgen_ai\dev\Source\MapGenAI.csproj]
F:\Projects\Rimworld\active\mapgen_ai\dev\Source\MapGen\TextRegionPrompt.cs(34,107): error CS1002: ;이 필요합니다. [F:\Projects\Rimworld\active\mapgen_ai\dev\Source\MapGenAI.csproj]
F:\Projects\Rimworld\active\mapgen_ai\dev\Source\MapGen\TextRegionPrompt.cs(34,107): error CS1513: }가 필요합니다. [F:\Projects\Rimworld\active\mapgen_ai\dev\Source\MapGenAI.csproj]
F:\Projects\Rimworld\active\mapgen_ai\dev\Source\MapGen\TextRegionPrompt.cs(34,109): error CS1001: 식별자가 필요합니다. [F:\Projects\Rimworld\active\mapgen_ai\dev\Source\MapGenAI.csproj]
F:\Projects\Rimworld\active\mapgen_ai\dev\Source\MapGen\TextRegionPrompt.cs(34,109): error CS1003: 구문 오류입니다. ']'이(가) 필요합니다. [F:\Projects\Rimworld\active\mapgen_ai\dev\Source\MapGenAI.csproj]
F:\Projects\Rimworld\active\mapgen_ai\dev\Source\MapGen\TextRegionPrompt.cs(34,112): error CS1002: ;이 필요합니다. [F:\Projects\Rimworld\active\mapgen_ai\dev\Source\MapGenAI.csproj]
F:\Projects\Rimworld\active\mapgen_ai\dev\Source\MapGen\TextRegionPrompt.cs(34,114): error CS1002: ;이 필요합니다. [F:\Projects\Rimworld\active\mapgen_ai\dev\Source\MapGenAI.csproj]
F:\Projects\Rimworld\active\mapgen_ai\dev\Source\MapGen\TextRegionPrompt.cs(34,116): error CS1002: ;이 필요합니다. [F:\Projects\Rimworld\active\mapgen_ai\dev\Source\MapGenAI.csproj]
F:\Projects\Rimworld\active\mapgen_ai\dev\Source\MapGen\TextRegionPrompt.cs(34,116): error CS1513: }가 필요합니다. [F:\Projects\Rimworld\active\mapgen_ai\dev\Source\MapGenAI.csproj]
F:\Projects\Rimworld\active\mapgen_ai\dev\Source\MapGen\TextRegionPrompt.cs(34,119): error CS1002: ;이 필요합니다. [F:\Projects\Rimworld\active\mapgen_ai\dev\Source\MapGenAI.csproj]
F:\Projects\Rimworld\active\mapgen_ai\dev\Source\MapGen\TextRegionPrompt.cs(34,122): error CS1002: ;이 필요합니다. [F:\Projects\Rimworld\active\mapgen_ai\dev\Source\MapGenAI.csproj]
F:\Projects\Rimworld\active\mapgen_ai\dev\Source\MapGen\TextRegionPrompt.cs(34,124): error CS1002: ;이 필요합니다. [F:\Projects\Rimworld\active\mapgen_ai\dev\Source\MapGenAI.csproj]
F:\Projects\Rimworld\active\mapgen_ai\dev\Source\MapGen\TextRegionPrompt.cs(34,124): error CS1513: }가 필요합니다. [F:\Projects\Rimworld\active\mapgen_ai\dev\Source\MapGenAI.csproj]
F:\Projects\Rimworld\active\mapgen_ai\dev\Source\MapGen\TextRegionPrompt.cs(34,127): error CS1002: ;이 필요합니다. [F:\Projects\Rimworld\active\mapgen_ai\dev\Source\MapGenAI.csproj]
F:\Projects\Rimworld\active\mapgen_ai\dev\Source\MapGen\TextRegionPrompt.cs(34,132): error CS1002: ;이 필요합니다. [F:\Projects\Rimworld\active\mapgen_ai\dev\Source\MapGenAI.csproj]
F:\Projects\Rimworld\active\mapgen_ai\dev\Source\MapGen\TextRegionPrompt.cs(34,134): error CS1002: ;이 필요합니다. [F:\Projects\Rimworld\active\mapgen_ai\dev\Source\MapGenAI.csproj]
F:\Projects\Rimworld\active\mapgen_ai\dev\Source\MapGen\TextRegionPrompt.cs(34,134): error CS1513: }가 필요합니다. [F:\Projects\Rimworld\active\mapgen_ai\dev\Source\MapGenAI.csproj]
F:\Projects\Rimworld\active\mapgen_ai\dev\Source\MapGen\TextRegionPrompt.cs(34,138): error CS1002: ;이 필요합니다. [F:\Projects\Rimworld\active\mapgen_ai\dev\Source\MapGenAI.csproj]
F:\Projects\Rimworld\active\mapgen_ai\dev\Source\MapGen\TextRegionPrompt.cs(34,140): error CS1002: ;이 필요합니다. [F:\Projects\Rimworld\active\mapgen_ai\dev\Source\MapGenAI.csproj]
F:\Projects\Rimworld\active\mapgen_ai\dev\Source\MapGen\TextRegionPrompt.cs(34,142): error CS1002: ;이 필요합니다. [F:\Projects\Rimworld\active\mapgen_ai\dev\Source\MapGenAI.csproj]
F:\Projects\Rimworld\active\mapgen_ai\dev\Source\MapGen\TextRegionPrompt.cs(34,142): error CS1513: }가 필요합니다. [F:\Projects\Rimworld\active\mapgen_ai\dev\Source\MapGenAI.csproj]
F:\Projects\Rimworld\active\mapgen_ai\dev\Source\MapGen\TextRegionPrompt.cs(34,145): error CS1002: ;이 필요합니다. [F:\Projects\Rimworld\active\mapgen_ai\dev\Source\MapGenAI.csproj]
F:\Projects\Rimworld\active\mapgen_ai\dev\Source\MapGen\TextRegionPrompt.cs(34,154): error CS1002: ;이 필요합니다. [F:\Projects\Rimworld\active\mapgen_ai\dev\Source\MapGenAI.csproj]
F:\Projects\Rimworld\active\mapgen_ai\dev\Source\MapGen\TextRegionPrompt.cs(34,156): error CS1002: ;이 필요합니다. [F:\Projects\Rimworld\active\mapgen_ai\dev\Source\MapGenAI.csproj]
F:\Projects\Rimworld\active\mapgen_ai\dev\Source\MapGen\TextRegionPrompt.cs(34,156): error CS1513: }가 필요합니다. [F:\Projects\Rimworld\active\mapgen_ai\dev\Source\MapGenAI.csproj]
F:\Projects\Rimworld\active\mapgen_ai\dev\Source\MapGen\TextRegionPrompt.cs(34,159): error CS1002: ;이 필요합니다. [F:\Projects\Rimworld\active\mapgen_ai\dev\Source\MapGenAI.csproj]
F:\Projects\Rimworld\active\mapgen_ai\dev\Source\MapGen\TextRegionPrompt.cs(34,163): error CS1002: ;이 필요합니다. [F:\Projects\Rimworld\active\mapgen_ai\dev\Source\MapGenAI.csproj]
F:\Projects\Rimworld\active\mapgen_ai\dev\Source\MapGen\TextRegionPrompt.cs(34,165): error CS1002: ;이 필요합니다. [F:\Projects\Rimworld\active\mapgen_ai\dev\Source\MapGenAI.csproj]
F:\Projects\Rimworld\active\mapgen_ai\dev\Source\MapGen\TextRegionPrompt.cs(34,165): error CS1513: }가 필요합니다. [F:\Projects\Rimworld\active\mapgen_ai\dev\Source\MapGenAI.csproj]
F:\Projects\Rimworld\active\mapgen_ai\dev\Source\MapGen\TextRegionPrompt.cs(34,168): error CS1002: ;이 필요합니다. [F:\Projects\Rimworld\active\mapgen_ai\dev\Source\MapGenAI.csproj]
F:\Projects\Rimworld\active\mapgen_ai\dev\Source\MapGen\TextRegionPrompt.cs(34,177): error CS1002: ;이 필요합니다. [F:\Projects\Rimworld\active\mapgen_ai\dev\Source\MapGenAI.csproj]
F:\Projects\Rimworld\active\mapgen_ai\dev\Source\MapGen\TextRegionPrompt.cs(34,179): error CS1002: ;이 필요합니다. [F:\Projects\Rimworld\active\mapgen_ai\dev\Source\MapGenAI.csproj]
F:\Projects\Rimworld\active\mapgen_ai\dev\Source\MapGen\TextRegionPrompt.cs(34,179): error CS1513: }가 필요합니다. [F:\Projects\Rimworld\active\mapgen_ai\dev\Source\MapGenAI.csproj]
F:\Projects\Rimworld\active\mapgen_ai\dev\Source\MapGen\TextRegionPrompt.cs(34,182): error CS1002: ;이 필요합니다. [F:\Projects\Rimworld\active\mapgen_ai\dev\Source\MapGenAI.csproj]
F:\Projects\Rimworld\active\mapgen_ai\dev\Source\MapGen\TextRegionPrompt.cs(34,188): error CS1002: ;이 필요합니다. [F:\Projects\Rimworld\active\mapgen_ai\dev\Source\MapGenAI.csproj]
F:\Projects\Rimworld\active\mapgen_ai\dev\Source\MapGen\TextRegionPrompt.cs(34,190): error CS1002: ;이 필요합니다. [F:\Projects\Rimworld\active\mapgen_ai\dev\Source\MapGenAI.csproj]
F:\Projects\Rimworld\active\mapgen_ai\dev\Source\MapGen\TextRegionPrompt.cs(34,190): error CS1513: }가 필요합니다. [F:\Projects\Rimworld\active\mapgen_ai\dev\Source\MapGenAI.csproj]
F:\Projects\Rimworld\active\mapgen_ai\dev\Source\MapGen\TextRegionPrompt.cs(34,192): error CS1001: 식별자가 필요합니다. [F:\Projects\Rimworld\active\mapgen_ai\dev\Source\MapGenAI.csproj]
F:\Projects\Rimworld\active\mapgen_ai\dev\Source\MapGen\TextRegionPrompt.cs(34,192): error CS1003: 구문 오류입니다. ']'이(가) 필요합니다. [F:\Projects\Rimworld\active\mapgen_ai\dev\Source\MapGenAI.csproj]
F:\Projects\Rimworld\active\mapgen_ai\dev\Source\MapGen\TextRegionPrompt.cs(34,195): error CS1002: ;이 필요합니다. [F:\Projects\Rimworld\active\mapgen_ai\dev\Source\MapGenAI.csproj]
F:\Projects\Rimworld\active\mapgen_ai\dev\Source\MapGen\TextRegionPrompt.cs(34,197): error CS1002: ;이 필요합니다. [F:\Projects\Rimworld\active\mapgen_ai\dev\Source\MapGenAI.csproj]
F:\Projects\Rimworld\active\mapgen_ai\dev\Source\MapGen\TextRegionPrompt.cs(34,199): error CS1002: ;이 필요합니다. [F:\Projects\Rimworld\active\mapgen_ai\dev\Source\MapGenAI.csproj]
F:\Projects\Rimworld\active\mapgen_ai\dev\Source\MapGen\TextRegionPrompt.cs(34,199): error CS1513: }가 필요합니다. [F:\Projects\Rimworld\active\mapgen_ai\dev\Source\MapGenAI.csproj]
F:\Projects\Rimworld\active\mapgen_ai\dev\Source\MapGen\TextRegionPrompt.cs(34,202): error CS1002: ;이 필요합니다. [F:\Projects\Rimworld\active\mapgen_ai\dev\Source\MapGenAI.csproj]
F:\Projects\Rimworld\active\mapgen_ai\dev\Source\MapGen\TextRegionPrompt.cs(34,205): error CS1002: ;이 필요합니다. [F:\Projects\Rimworld\active\mapgen_ai\dev\Source\MapGenAI.csproj]
F:\Projects\Rimworld\active\mapgen_ai\dev\Source\MapGen\TextRegionPrompt.cs(34,207): error CS1002: ;이 필요합니다. [F:\Projects\Rimworld\active\mapgen_ai\dev\Source\MapGenAI.csproj]
F:\Projects\Rimworld\active\mapgen_ai\dev\Source\MapGen\TextRegionPrompt.cs(34,207): error CS1513: }가 필요합니다. [F:\Projects\Rimworld\active\mapgen_ai\dev\Source\MapGenAI.csproj]
F:\Projects\Rimworld\active\mapgen_ai\dev\Source\MapGen\TextRegionPrompt.cs(34,210): error CS1002: ;이 필요합니다. [F:\Projects\Rimworld\active\mapgen_ai\dev\Source\MapGenAI.csproj]
F:\Projects\Rimworld\active\mapgen_ai\dev\Source\MapGen\TextRegionPrompt.cs(34,214): error CS1002: ;이 필요합니다. [F:\Projects\Rimworld\active\mapgen_ai\dev\Source\MapGenAI.csproj]
F:\Projects\Rimworld\active\mapgen_ai\dev\Source\MapGen\TextRegionPrompt.cs(34,216): error CS1002: ;이 필요합니다. [F:\Projects\Rimworld\active\mapgen_ai\dev\Source\MapGenAI.csproj]
F:\Projects\Rimworld\active\mapgen_ai\dev\Source\MapGen\TextRegionPrompt.cs(34,216): error CS1513: }가 필요합니다. [F:\Projects\Rimworld\active\mapgen_ai\dev\Source\MapGenAI.csproj]
F:\Projects\Rimworld\active\mapgen_ai\dev\Source\MapGen\TextRegionPrompt.cs(34,219): error CS1002: ;이 필요합니다. [F:\Projects\Rimworld\active\mapgen_ai\dev\Source\MapGenAI.csproj]
F:\Projects\Rimworld\active\mapgen_ai\dev\Source\MapGen\TextRegionPrompt.cs(34,223): error CS1002: ;이 필요합니다. [F:\Projects\Rimworld\active\mapgen_ai\dev\Source\MapGenAI.csproj]
F:\Projects\Rimworld\active\mapgen_ai\dev\Source\MapGen\TextRegionPrompt.cs(34,225): error CS1002: ;이 필요합니다. [F:\Projects\Rimworld\active\mapgen_ai\dev\Source\MapGenAI.csproj]
F:\Projects\Rimworld\active\mapgen_ai\dev\Source\MapGen\TextRegionPrompt.cs(34,225): error CS1513: }가 필요합니다. [F:\Projects\Rimworld\active\mapgen_ai\dev\Source\MapGenAI.csproj]
F:\Projects\Rimworld\active\mapgen_ai\dev\Source\MapGen\TextRegionPrompt.cs(34,228): error CS1002: ;이 필요합니다. [F:\Projects\Rimworld\active\mapgen_ai\dev\Source\MapGenAI.csproj]
F:\Projects\Rimworld\active\mapgen_ai\dev\Source\MapGen\TextRegionPrompt.cs(34,234): error CS1002: ;이 필요합니다. [F:\Projects\Rimworld\active\mapgen_ai\dev\Source\MapGenAI.csproj]
F:\Projects\Rimworld\active\mapgen_ai\dev\Source\MapGen\TextRegionPrompt.cs(34,236): error CS1002: ;이 필요합니다. [F:\Projects\Rimworld\active\mapgen_ai\dev\Source\MapGenAI.csproj]
F:\Projects\Rimworld\active\mapgen_ai\dev\Source\MapGen\TextRegionPrompt.cs(34,236): error CS1513: }가 필요합니다. [F:\Projects\Rimworld\active\mapgen_ai\dev\Source\MapGenAI.csproj]
F:\Projects\Rimworld\active\mapgen_ai\dev\Source\MapGen\TextRegionPrompt.cs(34,247): error CS1002: ;이 필요합니다. [F:\Projects\Rimworld\active\mapgen_ai\dev\Source\MapGenAI.csproj]
F:\Projects\Rimworld\active\mapgen_ai\dev\Source\MapGen\TextRegionPrompt.cs(34,247): error CS1513: }가 필요합니다. [F:\Projects\Rimworld\active\mapgen_ai\dev\Source\MapGenAI.csproj]
F:\Projects\Rimworld\active\mapgen_ai\dev\Source\MapGen\TextRegionPrompt.cs(34,250): error CS1002: ;이 필요합니다. [F:\Projects\Rimworld\active\mapgen_ai\dev\Source\MapGenAI.csproj]
F:\Projects\Rimworld\active\mapgen_ai\dev\Source\MapGen\TextRegionPrompt.cs(34,251): error CS1002: ;이 필요합니다. [F:\Projects\Rimworld\active\mapgen_ai\dev\Source\MapGenAI.csproj]
F:\Projects\Rimworld\active\mapgen_ai\dev\Source\MapGen\TextRegionPrompt.cs(34,253): error CS1002: ;이 필요합니다. [F:\Projects\Rimworld\active\mapgen_ai\dev\Source\MapGenAI.csproj]
F:\Projects\Rimworld\active\mapgen_ai\dev\Source\MapGen\TextRegionPrompt.cs(34,253): error CS1513: }가 필요합니다. [F:\Projects\Rimworld\active\mapgen_ai\dev\Source\MapGenAI.csproj]
F:\Projects\Rimworld\active\mapgen_ai\dev\Source\MapGen\TextRegionPrompt.cs(34,257): error CS1002: ;이 필요합니다. [F:\Projects\Rimworld\active\mapgen_ai\dev\Source\MapGenAI.csproj]
F:\Projects\Rimworld\active\mapgen_ai\dev\Source\MapGen\TextRegionPrompt.cs(34,257): error CS1513: }가 필요합니다. [F:\Projects\Rimworld\active\mapgen_ai\dev\Source\MapGenAI.csproj]
F:\Projects\Rimworld\active\mapgen_ai\dev\Source\MapGen\TextRegionPrompt.cs(34,260): error CS1002: ;이 필요합니다. [F:\Projects\Rimworld\active\mapgen_ai\dev\Source\MapGenAI.csproj]
F:\Projects\Rimworld\active\mapgen_ai\dev\Source\MapGen\TextRegionPrompt.cs(34,261): error CS1002: ;이 필요합니다. [F:\Projects\Rimworld\active\mapgen_ai\dev\Source\MapGenAI.csproj]
F:\Projects\Rimworld\active\mapgen_ai\dev\Source\MapGen\TextRegionPrompt.cs(34,263): error CS1002: ;이 필요합니다. [F:\Projects\Rimworld\active\mapgen_ai\dev\Source\MapGenAI.csproj]
F:\Projects\Rimworld\active\mapgen_ai\dev\Source\MapGen\TextRegionPrompt.cs(34,263): error CS1513: }가 필요합니다. [F:\Projects\Rimworld\active\mapgen_ai\dev\Source\MapGenAI.csproj]
F:\Projects\Rimworld\active\mapgen_ai\dev\Source\MapGen\TextRegionPrompt.cs(34,268): error CS1002: ;이 필요합니다. [F:\Projects\Rimworld\active\mapgen_ai\dev\Source\MapGenAI.csproj]
F:\Projects\Rimworld\active\mapgen_ai\dev\Source\MapGen\TextRegionPrompt.cs(34,269): error CS1513: }가 필요합니다. [F:\Projects\Rimworld\active\mapgen_ai\dev\Source\MapGenAI.csproj]
F:\Projects\Rimworld\active\mapgen_ai\dev\Source\MapGen\TextRegionPrompt.cs(34,273): error CS1002: ;이 필요합니다. [F:\Projects\Rimworld\active\mapgen_ai\dev\Source\MapGenAI.csproj]
F:\Projects\Rimworld\active\mapgen_ai\dev\Source\MapGen\TextRegionPrompt.cs(34,280): error CS1002: ;이 필요합니다. [F:\Projects\Rimworld\active\mapgen_ai\dev\Source\MapGenAI.csproj]
F:\Projects\Rimworld\active\mapgen_ai\dev\Source\MapGen\TextRegionPrompt.cs(34,282): error CS1002: ;이 필요합니다. [F:\Projects\Rimworld\active\mapgen_ai\dev\Source\MapGenAI.csproj]
F:\Projects\Rimworld\active\mapgen_ai\dev\Source\MapGen\TextRegionPrompt.cs(34,282): error CS1513: }가 필요합니다. [F:\Projects\Rimworld\active\mapgen_ai\dev\Source\MapGenAI.csproj]
F:\Projects\Rimworld\active\mapgen_ai\dev\Source\MapGen\TextRegionPrompt.cs(34,284): error CS1001: 식별자가 필요합니다. [F:\Projects\Rimworld\active\mapgen_ai\dev\Source\MapGenAI.csproj]
F:\Projects\Rimworld\active\mapgen_ai\dev\Source\MapGen\TextRegionPrompt.cs(34,284): error CS1003: 구문 오류입니다. ']'이(가) 필요합니다. [F:\Projects\Rimworld\active\mapgen_ai\dev\Source\MapGenAI.csproj]
F:\Projects\Rimworld\active\mapgen_ai\dev\Source\MapGen\TextRegionPrompt.cs(34,287): error CS1002: ;이 필요합니다. [F:\Projects\Rimworld\active\mapgen_ai\dev\Source\MapGenAI.csproj]
F:\Projects\Rimworld\active\mapgen_ai\dev\Source\MapGen\TextRegionPrompt.cs(34,289): error CS1002: ;이 필요합니다. [F:\Projects\Rimworld\active\mapgen_ai\dev\Source\MapGenAI.csproj]
F:\Projects\Rimworld\active\mapgen_ai\dev\Source\MapGen\TextRegionPrompt.cs(34,291): error CS1002: ;이 필요합니다. [F:\Projects\Rimworld\active\mapgen_ai\dev\Source\MapGenAI.csproj]
F:\Projects\Rimworld\active\mapgen_ai\dev\Source\MapGen\TextRegionPrompt.cs(34,291): error CS1513: }가 필요합니다. [F:\Projects\Rimworld\active\mapgen_ai\dev\Source\MapGenAI.csproj]
F:\Projects\Rimworld\active\mapgen_ai\dev\Source\MapGen\TextRegionPrompt.cs(34,294): error CS1002: ;이 필요합니다. [F:\Projects\Rimworld\active\mapgen_ai\dev\Source\MapGenAI.csproj]
F:\Projects\Rimworld\active\mapgen_ai\dev\Source\MapGen\TextRegionPrompt.cs(34,297): error CS1002: ;이 필요합니다. [F:\Projects\Rimworld\active\mapgen_ai\dev\Source\MapGenAI.csproj]
F:\Projects\Rimworld\active\mapgen_ai\dev\Source\MapGen\TextRegionPrompt.cs(34,299): error CS1002: ;이 필요합니다. [F:\Projects\Rimworld\active\mapgen_ai\dev\Source\MapGenAI.csproj]
F:\Projects\Rimworld\active\mapgen_ai\dev\Source\MapGen\TextRegionPrompt.cs(34,299): error CS1513: }가 필요합니다. [F:\Projects\Rimworld\active\mapgen_ai\dev\Source\MapGenAI.csproj]
F:\Projects\Rimworld\active\mapgen_ai\dev\Source\MapGen\TextRegionPrompt.cs(34,302): error CS1002: ;이 필요합니다. [F:\Projects\Rimworld\active\mapgen_ai\dev\Source\MapGenAI.csproj]
F:\Projects\Rimworld\active\mapgen_ai\dev\Source\MapGen\TextRegionPrompt.cs(34,303): error CS1002: ;이 필요합니다. [F:\Projects\Rimworld\active\mapgen_ai\dev\Source\MapGenAI.csproj]
F:\Projects\Rimworld\active\mapgen_ai\dev\Source\MapGen\TextRegionPrompt.cs(34,305): error CS1002: ;이 필요합니다. [F:\Projects\Rimworld\active\mapgen_ai\dev\Source\MapGenAI.csproj]
F:\Projects\Rimworld\active\mapgen_ai\dev\Source\MapGen\TextRegionPrompt.cs(34,305): error CS1513: }가 필요합니다. [F:\Projects\Rimworld\active\mapgen_ai\dev\Source\MapGenAI.csproj]
F:\Projects\Rimworld\active\mapgen_ai\dev\Source\MapGen\TextRegionPrompt.cs(34,308): error CS1002: ;이 필요합니다. [F:\Projects\Rimworld\active\mapgen_ai\dev\Source\MapGenAI.csproj]
F:\Projects\Rimworld\active\mapgen_ai\dev\Source\MapGen\TextRegionPrompt.cs(34,311): error CS1002: ;이 필요합니다. [F:\Projects\Rimworld\active\mapgen_ai\dev\Source\MapGenAI.csproj]
F:\Projects\Rimworld\active\mapgen_ai\dev\Source\MapGen\TextRegionPrompt.cs(34,313): error CS1002: ;이 필요합니다. [F:\Projects\Rimworld\active\mapgen_ai\dev\Source\MapGenAI.csproj]
F:\Projects\Rimworld\active\mapgen_ai\dev\Source\MapGen\TextRegionPrompt.cs(34,313): error CS1513: }가 필요합니다. [F:\Projects\Rimworld\active\mapgen_ai\dev\Source\MapGenAI.csproj]
F:\Projects\Rimworld\active\mapgen_ai\dev\Source\MapGen\TextRegionPrompt.cs(34,316): error CS1002: ;이 필요합니다. [F:\Projects\Rimworld\active\mapgen_ai\dev\Source\MapGenAI.csproj]
F:\Projects\Rimworld\active\mapgen_ai\dev\Source\MapGen\TextRegionPrompt.cs(34,320): error CS1002: ;이 필요합니다. [F:\Projects\Rimworld\active\mapgen_ai\dev\Source\MapGenAI.csproj]
F:\Projects\Rimworld\active\mapgen_ai\dev\Source\MapGen\TextRegionPrompt.cs(34,322): error CS1002: ;이 필요합니다. [F:\Projects\Rimworld\active\mapgen_ai\dev\Source\MapGenAI.csproj]
F:\Projects\Rimworld\active\mapgen_ai\dev\Source\MapGen\TextRegionPrompt.cs(34,322): error CS1513: }가 필요합니다. [F:\Projects\Rimworld\active\mapgen_ai\dev\Source\MapGenAI.csproj]
F:\Projects\Rimworld\active\mapgen_ai\dev\Source\MapGen\TextRegionPrompt.cs(34,325): error CS1002: ;이 필요합니다. [F:\Projects\Rimworld\active\mapgen_ai\dev\Source\MapGenAI.csproj]
F:\Projects\Rimworld\active\mapgen_ai\dev\Source\MapGen\TextRegionPrompt.cs(34,329): error CS1002: ;이 필요합니다. [F:\Projects\Rimworld\active\mapgen_ai\dev\Source\MapGenAI.csproj]
F:\Projects\Rimworld\active\mapgen_ai\dev\Source\MapGen\TextRegionPrompt.cs(34,331): error CS1002: ;이 필요합니다. [F:\Projects\Rimworld\active\mapgen_ai\dev\Source\MapGenAI.csproj]
F:\Projects\Rimworld\active\mapgen_ai\dev\Source\MapGen\TextRegionPrompt.cs(34,331): error CS1513: }가 필요합니다. [F:\Projects\Rimworld\active\mapgen_ai\dev\Source\MapGenAI.csproj]
F:\Projects\Rimworld\active\mapgen_ai\dev\Source\MapGen\TextRegionPrompt.cs(34,334): error CS1002: ;이 필요합니다. [F:\Projects\Rimworld\active\mapgen_ai\dev\Source\MapGenAI.csproj]
F:\Projects\Rimworld\active\mapgen_ai\dev\Source\MapGen\TextRegionPrompt.cs(34,335): error CS1002: ;이 필요합니다. [F:\Projects\Rimworld\active\mapgen_ai\dev\Source\MapGenAI.csproj]
F:\Projects\Rimworld\active\mapgen_ai\dev\Source\MapGen\TextRegionPrompt.cs(34,337): error CS1002: ;이 필요합니다. [F:\Projects\Rimworld\active\mapgen_ai\dev\Source\MapGenAI.csproj]
F:\Projects\Rimworld\active\mapgen_ai\dev\Source\MapGen\TextRegionPrompt.cs(34,337): error CS1513: }가 필요합니다. [F:\Projects\Rimworld\active\mapgen_ai\dev\Source\MapGenAI.csproj]
F:\Projects\Rimworld\active\mapgen_ai\dev\Source\MapGen\TextRegionPrompt.cs(34,342): error CS1002: ;이 필요합니다. [F:\Projects\Rimworld\active\mapgen_ai\dev\Source\MapGenAI.csproj]
F:\Projects\Rimworld\active\mapgen_ai\dev\Source\MapGen\TextRegionPrompt.cs(34,342): error CS1513: }가 필요합니다. [F:\Projects\Rimworld\active\mapgen_ai\dev\Source\MapGenAI.csproj]
F:\Projects\Rimworld\active\mapgen_ai\dev\Source\MapGen\TextRegionPrompt.cs(34,345): error CS1002: ;이 필요합니다. [F:\Projects\Rimworld\active\mapgen_ai\dev\Source\MapGenAI.csproj]
F:\Projects\Rimworld\active\mapgen_ai\dev\Source\MapGen\TextRegionPrompt.cs(34,346): error CS1002: ;이 필요합니다. [F:\Projects\Rimworld\active\mapgen_ai\dev\Source\MapGenAI.csproj]
F:\Projects\Rimworld\active\mapgen_ai\dev\Source\MapGen\TextRegionPrompt.cs(34,348): error CS1002: ;이 필요합니다. [F:\Projects\Rimworld\active\mapgen_ai\dev\Source\MapGenAI.csproj]
F:\Projects\Rimworld\active\mapgen_ai\dev\Source\MapGen\TextRegionPrompt.cs(34,348): error CS1513: }가 필요합니다. [F:\Projects\Rimworld\active\mapgen_ai\dev\Source\MapGenAI.csproj]
F:\Projects\Rimworld\active\mapgen_ai\dev\Source\MapGen\TextRegionPrompt.cs(34,353): error CS1002: ;이 필요합니다. [F:\Projects\Rimworld\active\mapgen_ai\dev\Source\MapGenAI.csproj]
F:\Projects\Rimworld\active\mapgen_ai\dev\Source\MapGen\TextRegionPrompt.cs(34,354): error CS1513: }가 필요합니다. [F:\Projects\Rimworld\active\mapgen_ai\dev\Source\MapGenAI.csproj]
F:\Projects\Rimworld\active\mapgen_ai\dev\Source\MapGen\TextRegionPrompt.cs(34,357): error CS1513: }가 필요합니다. [F:\Projects\Rimworld\active\mapgen_ai\dev\Source\MapGenAI.csproj]
F:\Projects\Rimworld\active\mapgen_ai\dev\Source\MapGen\TextRegionPrompt.cs(34,360): error CS1022: 형식이나 네임스페이스 정의 또는 파일 끝(EOF)이 필요합니다. [F:\Projects\Rimworld\active\mapgen_ai\dev\Source\MapGenAI.csproj]
F:\Projects\Rimworld\active\mapgen_ai\dev\Source\MapGen\TextRegionPrompt.cs(34,376): error CS1003: 구문 오류입니다. ','이(가) 필요합니다. [F:\Projects\Rimworld\active\mapgen_ai\dev\Source\MapGenAI.csproj]
F:\Projects\Rimworld\active\mapgen_ai\dev\Source\MapGen\TextRegionPrompt.cs(34,426): error CS1003: 구문 오류입니다. ','이(가) 필요합니다. [F:\Projects\Rimworld\active\mapgen_ai\dev\Source\MapGenAI.csproj]
F:\Projects\Rimworld\active\mapgen_ai\dev\Source\MapGen\TextRegionPrompt.cs(35,94): error CS1044: for 문, using 문, fixed 문, 선언문 등에는 둘 이상의 형식을 사용할 수 없습니다. [F:\Projects\Rimworld\active\mapgen_ai\dev\Source\MapGenAI.csproj]
F:\Projects\Rimworld\active\mapgen_ai\dev\Source\MapGen\TextRegionPrompt.cs(35,100): error CS1003: 구문 오류입니다. ','이(가) 필요합니다. [F:\Projects\Rimworld\active\mapgen_ai\dev\Source\MapGenAI.csproj]
F:\Projects\Rimworld\active\mapgen_ai\dev\Source\MapGen\TextRegionPrompt.cs(35,165): error CS1002: ;이 필요합니다. [F:\Projects\Rimworld\active\mapgen_ai\dev\Source\MapGenAI.csproj]
F:\Projects\Rimworld\active\mapgen_ai\dev\Source\MapGen\TextRegionPrompt.cs(35,165): error CS1022: 형식이나 네임스페이스 정의 또는 파일 끝(EOF)이 필요합니다. [F:\Projects\Rimworld\active\mapgen_ai\dev\Source\MapGenAI.csproj]
F:\Projects\Rimworld\active\mapgen_ai\dev\Source\MapGen\TextRegionPrompt.cs(35,183): error CS1003: 구문 오류입니다. ','이(가) 필요합니다. [F:\Projects\Rimworld\active\mapgen_ai\dev\Source\MapGenAI.csproj]
F:\Projects\Rimworld\active\mapgen_ai\dev\Source\MapGen\TextRegionPrompt.cs(35,189): error CS1002: ;이 필요합니다. [F:\Projects\Rimworld\active\mapgen_ai\dev\Source\MapGenAI.csproj]
F:\Projects\Rimworld\active\mapgen_ai\dev\Source\MapGen\TextRegionPrompt.cs(35,189): error CS1022: 형식이나 네임스페이스 정의 또는 파일 끝(EOF)이 필요합니다. [F:\Projects\Rimworld\active\mapgen_ai\dev\Source\MapGenAI.csproj]
F:\Projects\Rimworld\active\mapgen_ai\dev\Source\MapGen\TextRegionPrompt.cs(35,207): error CS1003: 구문 오류입니다. ','이(가) 필요합니다. [F:\Projects\Rimworld\active\mapgen_ai\dev\Source\MapGenAI.csproj]
F:\Projects\Rimworld\active\mapgen_ai\dev\Source\MapGen\TextRegionPrompt.cs(35,222): error CS1002: ;이 필요합니다. [F:\Projects\Rimworld\active\mapgen_ai\dev\Source\MapGenAI.csproj]
F:\Projects\Rimworld\active\mapgen_ai\dev\Source\MapGen\TextRegionPrompt.cs(35,222): error CS1022: 형식이나 네임스페이스 정의 또는 파일 끝(EOF)이 필요합니다. [F:\Projects\Rimworld\active\mapgen_ai\dev\Source\MapGenAI.csproj]
F:\Projects\Rimworld\active\mapgen_ai\dev\Source\MapGen\TextRegionPrompt.cs(35,231): error CS1001: 식별자가 필요합니다. [F:\Projects\Rimworld\active\mapgen_ai\dev\Source\MapGenAI.csproj]
F:\Projects\Rimworld\active\mapgen_ai\dev\Source\MapGen\TextRegionPrompt.cs(35,241): error CS1002: ;이 필요합니다. [F:\Projects\Rimworld\active\mapgen_ai\dev\Source\MapGenAI.csproj]
F:\Projects\Rimworld\active\mapgen_ai\dev\Source\MapGen\TextRegionPrompt.cs(35,241): error CS1022: 형식이나 네임스페이스 정의 또는 파일 끝(EOF)이 필요합니다. [F:\Projects\Rimworld\active\mapgen_ai\dev\Source\MapGenAI.csproj]
F:\Projects\Rimworld\active\mapgen_ai\dev\Source\MapGen\TextRegionPrompt.cs(35,245): error CS1002: ;이 필요합니다. [F:\Projects\Rimworld\active\mapgen_ai\dev\Source\MapGenAI.csproj]
F:\Projects\Rimworld\active\mapgen_ai\dev\Source\MapGen\TextRegionPrompt.cs(35,245): error CS1022: 형식이나 네임스페이스 정의 또는 파일 끝(EOF)이 필요합니다. [F:\Projects\Rimworld\active\mapgen_ai\dev\Source\MapGenAI.csproj]
F:\Projects\Rimworld\active\mapgen_ai\dev\Source\MapGen\TextRegionPrompt.cs(35,277): error CS1002: ;이 필요합니다. [F:\Projects\Rimworld\active\mapgen_ai\dev\Source\MapGenAI.csproj]
F:\Projects\Rimworld\active\mapgen_ai\dev\Source\MapGen\TextRegionPrompt.cs(35,286): error CS1003: 구문 오류입니다. ','이(가) 필요합니다. [F:\Projects\Rimworld\active\mapgen_ai\dev\Source\MapGenAI.csproj]
F:\Projects\Rimworld\active\mapgen_ai\dev\Source\MapGen\TextRegionPrompt.cs(35,328): error CS1003: 구문 오류입니다. ','이(가) 필요합니다. [F:\Projects\Rimworld\active\mapgen_ai\dev\Source\MapGenAI.csproj]
F:\Projects\Rimworld\active\mapgen_ai\dev\Source\MapGen\TextRegionPrompt.cs(35,394): error CS1044: for 문, using 문, fixed 문, 선언문 등에는 둘 이상의 형식을 사용할 수 없습니다. [F:\Projects\Rimworld\active\mapgen_ai\dev\Source\MapGenAI.csproj]
F:\Projects\Rimworld\active\mapgen_ai\dev\Source\MapGen\TextRegionPrompt.cs(35,404): error CS1003: 구문 오류입니다. ','이(가) 필요합니다. [F:\Projects\Rimworld\active\mapgen_ai\dev\Source\MapGenAI.csproj]
F:\Projects\Rimworld\active\mapgen_ai\dev\Source\MapGen\TextRegionPrompt.cs(35,463): error CS1044: for 문, using 문, fixed 문, 선언문 등에는 둘 이상의 형식을 사용할 수 없습니다. [F:\Projects\Rimworld\active\mapgen_ai\dev\Source\MapGenAI.csproj]
F:\Projects\Rimworld\active\mapgen_ai\dev\Source\MapGen\TextRegionPrompt.cs(35,468): error CS1003: 구문 오류입니다. ','이(가) 필요합니다. [F:\Projects\Rimworld\active\mapgen_ai\dev\Source\MapGenAI.csproj]
F:\Projects\Rimworld\active\mapgen_ai\dev\Source\MapGen\TextRegionPrompt.cs(35,561): error CS1044: for 문, using 문, fixed 문, 선언문 등에는 둘 이상의 형식을 사용할 수 없습니다. [F:\Projects\Rimworld\active\mapgen_ai\dev\Source\MapGenAI.csproj]
F:\Projects\Rimworld\active\mapgen_ai\dev\Source\MapGen\TextRegionPrompt.cs(35,563): error CS1003: 구문 오류입니다. ','이(가) 필요합니다. [F:\Projects\Rimworld\active\mapgen_ai\dev\Source\MapGenAI.csproj]
F:\Projects\Rimworld\active\mapgen_ai\dev\Source\MapGen\TextRegionPrompt.cs(36,10): error CS1002: ;이 필요합니다. [F:\Projects\Rimworld\active\mapgen_ai\dev\Source\MapGenAI.csproj]
F:\Projects\Rimworld\active\mapgen_ai\dev\Source\MapGen\TextRegionPrompt.cs(36,10): error CS1022: 형식이나 네임스페이스 정의 또는 파일 끝(EOF)이 필요합니다. [F:\Projects\Rimworld\active\mapgen_ai\dev\Source\MapGenAI.csproj]
F:\Projects\Rimworld\active\mapgen_ai\dev\Source\MapGen\TextRegionPrompt.cs(36,15): error CS1002: ;이 필요합니다. [F:\Projects\Rimworld\active\mapgen_ai\dev\Source\MapGenAI.csproj]
F:\Projects\Rimworld\active\mapgen_ai\dev\Source\MapGen\TextRegionPrompt.cs(36,24): error CS1002: ;이 필요합니다. [F:\Projects\Rimworld\active\mapgen_ai\dev\Source\MapGenAI.csproj]
F:\Projects\Rimworld\active\mapgen_ai\dev\Source\MapGen\TextRegionPrompt.cs(36,26): error CS1002: ;이 필요합니다. [F:\Projects\Rimworld\active\mapgen_ai\dev\Source\MapGenAI.csproj]
F:\Projects\Rimworld\active\mapgen_ai\dev\Source\MapGen\TextRegionPrompt.cs(36,26): error CS1513: }가 필요합니다. [F:\Projects\Rimworld\active\mapgen_ai\dev\Source\MapGenAI.csproj]
F:\Projects\Rimworld\active\mapgen_ai\dev\Source\MapGen\TextRegionPrompt.cs(36,28): error CS1001: 식별자가 필요합니다. [F:\Projects\Rimworld\active\mapgen_ai\dev\Source\MapGenAI.csproj]
F:\Projects\Rimworld\active\mapgen_ai\dev\Source\MapGen\TextRegionPrompt.cs(36,28): error CS1003: 구문 오류입니다. ']'이(가) 필요합니다. [F:\Projects\Rimworld\active\mapgen_ai\dev\Source\MapGenAI.csproj]
F:\Projects\Rimworld\active\mapgen_ai\dev\Source\MapGen\TextRegionPrompt.cs(36,31): error CS1002: ;이 필요합니다. [F:\Projects\Rimworld\active\mapgen_ai\dev\Source\MapGenAI.csproj]
F:\Projects\Rimworld\active\mapgen_ai\dev\Source\MapGen\TextRegionPrompt.cs(36,33): error CS1002: ;이 필요합니다. [F:\Projects\Rimworld\active\mapgen_ai\dev\Source\MapGenAI.csproj]
F:\Projects\Rimworld\active\mapgen_ai\dev\Source\MapGen\TextRegionPrompt.cs(36,35): error CS1002: ;이 필요합니다. [F:\Projects\Rimworld\active\mapgen_ai\dev\Source\MapGenAI.csproj]
F:\Projects\Rimworld\active\mapgen_ai\dev\Source\MapGen\TextRegionPrompt.cs(36,35): error CS1513: }가 필요합니다. [F:\Projects\Rimworld\active\mapgen_ai\dev\Source\MapGenAI.csproj]
F:\Projects\Rimworld\active\mapgen_ai\dev\Source\MapGen\TextRegionPrompt.cs(36,38): error CS1002: ;이 필요합니다. [F:\Projects\Rimworld\active\mapgen_ai\dev\Source\MapGenAI.csproj]
F:\Projects\Rimworld\active\mapgen_ai\dev\Source\MapGen\TextRegionPrompt.cs(36,41): error CS1002: ;이 필요합니다. [F:\Projects\Rimworld\active\mapgen_ai\dev\Source\MapGenAI.csproj]
F:\Projects\Rimworld\active\mapgen_ai\dev\Source\MapGen\TextRegionPrompt.cs(36,43): error CS1002: ;이 필요합니다. [F:\Projects\Rimworld\active\mapgen_ai\dev\Source\MapGenAI.csproj]
F:\Projects\Rimworld\active\mapgen_ai\dev\Source\MapGen\TextRegionPrompt.cs(36,43): error CS1513: }가 필요합니다. [F:\Projects\Rimworld\active\mapgen_ai\dev\Source\MapGenAI.csproj]
F:\Projects\Rimworld\active\mapgen_ai\dev\Source\MapGen\TextRegionPrompt.cs(36,46): error CS1002: ;이 필요합니다. [F:\Projects\Rimworld\active\mapgen_ai\dev\Source\MapGenAI.csproj]
F:\Projects\Rimworld\active\mapgen_ai\dev\Source\MapGen\TextRegionPrompt.cs(36,51): error CS1002: ;이 필요합니다. [F:\Projects\Rimworld\active\mapgen_ai\dev\Source\MapGenAI.csproj]
F:\Projects\Rimworld\active\mapgen_ai\dev\Source\MapGen\TextRegionPrompt.cs(36,53): error CS1002: ;이 필요합니다. [F:\Projects\Rimworld\active\mapgen_ai\dev\Source\MapGenAI.csproj]
F:\Projects\Rimworld\active\mapgen_ai\dev\Source\MapGen\TextRegionPrompt.cs(36,53): error CS1513: }가 필요합니다. [F:\Projects\Rimworld\active\mapgen_ai\dev\Source\MapGenAI.csproj]
F:\Projects\Rimworld\active\mapgen_ai\dev\Source\MapGen\TextRegionPrompt.cs(36,57): error CS1002: ;이 필요합니다. [F:\Projects\Rimworld\active\mapgen_ai\dev\Source\MapGenAI.csproj]
F:\Projects\Rimworld\active\mapgen_ai\dev\Source\MapGen\TextRegionPrompt.cs(36,59): error CS1002: ;이 필요합니다. [F:\Projects\Rimworld\active\mapgen_ai\dev\Source\MapGenAI.csproj]
F:\Projects\Rimworld\active\mapgen_ai\dev\Source\MapGen\TextRegionPrompt.cs(36,61): error CS1002: ;이 필요합니다. [F:\Projects\Rimworld\active\mapgen_ai\dev\Source\MapGenAI.csproj]
F:\Projects\Rimworld\active\mapgen_ai\dev\Source\MapGen\TextRegionPrompt.cs(36,61): error CS1513: }가 필요합니다. [F:\Projects\Rimworld\active\mapgen_ai\dev\Source\MapGenAI.csproj]
F:\Projects\Rimworld\active\mapgen_ai\dev\Source\MapGen\TextRegionPrompt.cs(36,64): error CS1002: ;이 필요합니다. [F:\Projects\Rimworld\active\mapgen_ai\dev\Source\MapGenAI.csproj]
F:\Projects\Rimworld\active\mapgen_ai\dev\Source\MapGen\TextRegionPrompt.cs(36,74): error CS1002: ;이 필요합니다. [F:\Projects\Rimworld\active\mapgen_ai\dev\Source\MapGenAI.csproj]
F:\Projects\Rimworld\active\mapgen_ai\dev\Source\MapGen\TextRegionPrompt.cs(36,76): error CS1002: ;이 필요합니다. [F:\Projects\Rimworld\active\mapgen_ai\dev\Source\MapGenAI.csproj]
F:\Projects\Rimworld\active\mapgen_ai\dev\Source\MapGen\TextRegionPrompt.cs(36,76): error CS1513: }가 필요합니다. [F:\Projects\Rimworld\active\mapgen_ai\dev\Source\MapGenAI.csproj]
F:\Projects\Rimworld\active\mapgen_ai\dev\Source\MapGen\TextRegionPrompt.cs(36,79): error CS1002: ;이 필요합니다. [F:\Projects\Rimworld\active\mapgen_ai\dev\Source\MapGenAI.csproj]
F:\Projects\Rimworld\active\mapgen_ai\dev\Source\MapGen\TextRegionPrompt.cs(36,83): error CS1002: ;이 필요합니다. [F:\Projects\Rimworld\active\mapgen_ai\dev\Source\MapGenAI.csproj]
F:\Projects\Rimworld\active\mapgen_ai\dev\Source\MapGen\TextRegionPrompt.cs(36,85): error CS1002: ;이 필요합니다. [F:\Projects\Rimworld\active\mapgen_ai\dev\Source\MapGenAI.csproj]
F:\Projects\Rimworld\active\mapgen_ai\dev\Source\MapGen\TextRegionPrompt.cs(36,85): error CS1513: }가 필요합니다. [F:\Projects\Rimworld\active\mapgen_ai\dev\Source\MapGenAI.csproj]
F:\Projects\Rimworld\active\mapgen_ai\dev\Source\MapGen\TextRegionPrompt.cs(36,88): error CS1002: ;이 필요합니다. [F:\Projects\Rimworld\active\mapgen_ai\dev\Source\MapGenAI.csproj]
F:\Projects\Rimworld\active\mapgen_ai\dev\Source\MapGen\TextRegionPrompt.cs(36,99): error CS1002: ;이 필요합니다. [F:\Projects\Rimworld\active\mapgen_ai\dev\Source\MapGenAI.csproj]
F:\Projects\Rimworld\active\mapgen_ai\dev\Source\MapGen\TextRegionPrompt.cs(36,101): error CS1002: ;이 필요합니다. [F:\Projects\Rimworld\active\mapgen_ai\dev\Source\MapGenAI.csproj]
F:\Projects\Rimworld\active\mapgen_ai\dev\Source\MapGen\TextRegionPrompt.cs(36,101): error CS1513: }가 필요합니다. [F:\Projects\Rimworld\active\mapgen_ai\dev\Source\MapGenAI.csproj]
F:\Projects\Rimworld\active\mapgen_ai\dev\Source\MapGen\TextRegionPrompt.cs(36,104): error CS1002: ;이 필요합니다. [F:\Projects\Rimworld\active\mapgen_ai\dev\Source\MapGenAI.csproj]
F:\Projects\Rimworld\active\mapgen_ai\dev\Source\MapGen\TextRegionPrompt.cs(36,110): error CS1002: ;이 필요합니다. [F:\Projects\Rimworld\active\mapgen_ai\dev\Source\MapGenAI.csproj]
F:\Projects\Rimworld\active\mapgen_ai\dev\Source\MapGen\TextRegionPrompt.cs(36,112): error CS1002: ;이 필요합니다. [F:\Projects\Rimworld\active\mapgen_ai\dev\Source\MapGenAI.csproj]
F:\Projects\Rimworld\active\mapgen_ai\dev\Source\MapGen\TextRegionPrompt.cs(36,112): error CS1513: }가 필요합니다. [F:\Projects\Rimworld\active\mapgen_ai\dev\Source\MapGenAI.csproj]
F:\Projects\Rimworld\active\mapgen_ai\dev\Source\MapGen\TextRegionPrompt.cs(36,115): error CS1002: ;이 필요합니다. [F:\Projects\Rimworld\active\mapgen_ai\dev\Source\MapGenAI.csproj]
F:\Projects\Rimworld\active\mapgen_ai\dev\Source\MapGen\TextRegionPrompt.cs(36,137): error CS1002: ;이 필요합니다. [F:\Projects\Rimworld\active\mapgen_ai\dev\Source\MapGenAI.csproj]
F:\Projects\Rimworld\active\mapgen_ai\dev\Source\MapGen\TextRegionPrompt.cs(36,139): error CS1002: ;이 필요합니다. [F:\Projects\Rimworld\active\mapgen_ai\dev\Source\MapGenAI.csproj]
F:\Projects\Rimworld\active\mapgen_ai\dev\Source\MapGen\TextRegionPrompt.cs(36,139): error CS1513: }가 필요합니다. [F:\Projects\Rimworld\active\mapgen_ai\dev\Source\MapGenAI.csproj]
F:\Projects\Rimworld\active\mapgen_ai\dev\Source\MapGen\TextRegionPrompt.cs(36,142): error CS1002: ;이 필요합니다. [F:\Projects\Rimworld\active\mapgen_ai\dev\Source\MapGenAI.csproj]
F:\Projects\Rimworld\active\mapgen_ai\dev\Source\MapGen\TextRegionPrompt.cs(36,153): error CS1002: ;이 필요합니다. [F:\Projects\Rimworld\active\mapgen_ai\dev\Source\MapGenAI.csproj]
F:\Projects\Rimworld\active\mapgen_ai\dev\Source\MapGen\TextRegionPrompt.cs(36,155): error CS1002: ;이 필요합니다. [F:\Projects\Rimworld\active\mapgen_ai\dev\Source\MapGenAI.csproj]
F:\Projects\Rimworld\active\mapgen_ai\dev\Source\MapGen\TextRegionPrompt.cs(36,155): error CS1513: }가 필요합니다. [F:\Projects\Rimworld\active\mapgen_ai\dev\Source\MapGenAI.csproj]
F:\Projects\Rimworld\active\mapgen_ai\dev\Source\MapGen\TextRegionPrompt.cs(36,158): error CS1002: ;이 필요합니다. [F:\Projects\Rimworld\active\mapgen_ai\dev\Source\MapGenAI.csproj]
F:\Projects\Rimworld\active\mapgen_ai\dev\Source\MapGen\TextRegionPrompt.cs(36,166): error CS1002: ;이 필요합니다. [F:\Projects\Rimworld\active\mapgen_ai\dev\Source\MapGenAI.csproj]
F:\Projects\Rimworld\active\mapgen_ai\dev\Source\MapGen\TextRegionPrompt.cs(36,168): error CS1002: ;이 필요합니다. [F:\Projects\Rimworld\active\mapgen_ai\dev\Source\MapGenAI.csproj]
F:\Projects\Rimworld\active\mapgen_ai\dev\Source\MapGen\TextRegionPrompt.cs(36,168): error CS1513: }가 필요합니다. [F:\Projects\Rimworld\active\mapgen_ai\dev\Source\MapGenAI.csproj]
F:\Projects\Rimworld\active\mapgen_ai\dev\Source\MapGen\TextRegionPrompt.cs(36,171): error CS1002: ;이 필요합니다. [F:\Projects\Rimworld\active\mapgen_ai\dev\Source\MapGenAI.csproj]
F:\Projects\Rimworld\active\mapgen_ai\dev\Source\MapGen\TextRegionPrompt.cs(36,179): error CS1002: ;이 필요합니다. [F:\Projects\Rimworld\active\mapgen_ai\dev\Source\MapGenAI.csproj]
F:\Projects\Rimworld\active\mapgen_ai\dev\Source\MapGen\TextRegionPrompt.cs(36,181): error CS1002: ;이 필요합니다. [F:\Projects\Rimworld\active\mapgen_ai\dev\Source\MapGenAI.csproj]
F:\Projects\Rimworld\active\mapgen_ai\dev\Source\MapGen\TextRegionPrompt.cs(36,181): error CS1513: }가 필요합니다. [F:\Projects\Rimworld\active\mapgen_ai\dev\Source\MapGenAI.csproj]
F:\Projects\Rimworld\active\mapgen_ai\dev\Source\MapGen\TextRegionPrompt.cs(36,185): error CS1002: ;이 필요합니다. [F:\Projects\Rimworld\active\mapgen_ai\dev\Source\MapGenAI.csproj]
F:\Projects\Rimworld\active\mapgen_ai\dev\Source\MapGen\TextRegionPrompt.cs(36,185): error CS1513: }가 필요합니다. [F:\Projects\Rimworld\active\mapgen_ai\dev\Source\MapGenAI.csproj]
F:\Projects\Rimworld\active\mapgen_ai\dev\Source\MapGen\TextRegionPrompt.cs(36,188): error CS1002: ;이 필요합니다. [F:\Projects\Rimworld\active\mapgen_ai\dev\Source\MapGenAI.csproj]
F:\Projects\Rimworld\active\mapgen_ai\dev\Source\MapGen\TextRegionPrompt.cs(36,192): error CS1002: ;이 필요합니다. [F:\Projects\Rimworld\active\mapgen_ai\dev\Source\MapGenAI.csproj]
F:\Projects\Rimworld\active\mapgen_ai\dev\Source\MapGen\TextRegionPrompt.cs(36,194): error CS1002: ;이 필요합니다. [F:\Projects\Rimworld\active\mapgen_ai\dev\Source\MapGenAI.csproj]
F:\Projects\Rimworld\active\mapgen_ai\dev\Source\MapGen\TextRegionPrompt.cs(36,194): error CS1513: }가 필요합니다. [F:\Projects\Rimworld\active\mapgen_ai\dev\Source\MapGenAI.csproj]
F:\Projects\Rimworld\active\mapgen_ai\dev\Source\MapGen\TextRegionPrompt.cs(36,197): error CS1002: ;이 필요합니다. [F:\Projects\Rimworld\active\mapgen_ai\dev\Source\MapGenAI.csproj]
F:\Projects\Rimworld\active\mapgen_ai\dev\Source\MapGen\TextRegionPrompt.cs(36,205): error CS1002: ;이 필요합니다. [F:\Projects\Rimworld\active\mapgen_ai\dev\Source\MapGenAI.csproj]
F:\Projects\Rimworld\active\mapgen_ai\dev\Source\MapGen\TextRegionPrompt.cs(36,207): error CS1002: ;이 필요합니다. [F:\Projects\Rimworld\active\mapgen_ai\dev\Source\MapGenAI.csproj]
F:\Projects\Rimworld\active\mapgen_ai\dev\Source\MapGen\TextRegionPrompt.cs(36,209): error CS1513: }가 필요합니다. [F:\Projects\Rimworld\active\mapgen_ai\dev\Source\MapGenAI.csproj]
F:\Projects\Rimworld\active\mapgen_ai\dev\Source\MapGen\TextRegionPrompt.cs(36,211): error CS1022: 형식이나 네임스페이스 정의 또는 파일 끝(EOF)이 필요합니다. [F:\Projects\Rimworld\active\mapgen_ai\dev\Source\MapGenAI.csproj]
F:\Projects\Rimworld\active\mapgen_ai\dev\Source\MapGen\TextRegionPrompt.cs(36,224): error CS1003: 구문 오류입니다. ','이(가) 필요합니다. [F:\Projects\Rimworld\active\mapgen_ai\dev\Source\MapGenAI.csproj]
F:\Projects\Rimworld\active\mapgen_ai\dev\Source\MapGen\TextRegionPrompt.cs(36,292): error CS1012: 문자 리터럴에 문자가 너무 많습니다. [F:\Projects\Rimworld\active\mapgen_ai\dev\Source\MapGenAI.csproj]
F:\Projects\Rimworld\active\mapgen_ai\dev\Source\MapGen\TextRegionPrompt.cs(37,132): error CS1002: ;이 필요합니다. [F:\Projects\Rimworld\active\mapgen_ai\dev\Source\MapGenAI.csproj]
F:\Projects\Rimworld\active\mapgen_ai\dev\Source\MapGen\TextRegionPrompt.cs(37,132): error CS1022: 형식이나 네임스페이스 정의 또는 파일 끝(EOF)이 필요합니다. [F:\Projects\Rimworld\active\mapgen_ai\dev\Source\MapGenAI.csproj]
F:\Projects\Rimworld\active\mapgen_ai\dev\Source\MapGen\TextRegionPrompt.cs(37,155): error CS1002: ;이 필요합니다. [F:\Projects\Rimworld\active\mapgen_ai\dev\Source\MapGenAI.csproj]
F:\Projects\Rimworld\active\mapgen_ai\dev\Source\MapGen\TextRegionPrompt.cs(37,167): error CS1003: 구문 오류입니다. ','이(가) 필요합니다. [F:\Projects\Rimworld\active\mapgen_ai\dev\Source\MapGenAI.csproj]
F:\Projects\Rimworld\active\mapgen_ai\dev\Source\MapGen\TextRegionPrompt.cs(37,209): error CS1003: 구문 오류입니다. '='이(가) 필요합니다. [F:\Projects\Rimworld\active\mapgen_ai\dev\Source\MapGenAI.csproj]
F:\Projects\Rimworld\active\mapgen_ai\dev\Source\MapGen\TextRegionPrompt.cs(37,215): error CS1003: 구문 오류입니다. ','이(가) 필요합니다. [F:\Projects\Rimworld\active\mapgen_ai\dev\Source\MapGenAI.csproj]
F:\Projects\Rimworld\active\mapgen_ai\dev\Source\MapGen\TextRegionPrompt.cs(37,276): error CS1044: for 문, using 문, fixed 문, 선언문 등에는 둘 이상의 형식을 사용할 수 없습니다. [F:\Projects\Rimworld\active\mapgen_ai\dev\Source\MapGenAI.csproj]
F:\Projects\Rimworld\active\mapgen_ai\dev\Source\MapGen\TextRegionPrompt.cs(37,282): error CS1003: 구문 오류입니다. ','이(가) 필요합니다. [F:\Projects\Rimworld\active\mapgen_ai\dev\Source\MapGenAI.csproj]
F:\Projects\Rimworld\active\mapgen_ai\dev\Source\MapGen\TextRegionPrompt.cs(37,330): error CS1003: 구문 오류입니다. ','이(가) 필요합니다. [F:\Projects\Rimworld\active\mapgen_ai\dev\Source\MapGenAI.csproj]
F:\Projects\Rimworld\active\mapgen_ai\dev\Source\MapGen\TextRegionPrompt.cs(38,17): error CS1002: ;이 필요합니다. [F:\Projects\Rimworld\active\mapgen_ai\dev\Source\MapGenAI.csproj]
F:\Projects\Rimworld\active\mapgen_ai\dev\Source\MapGen\TextRegionPrompt.cs(38,17): error CS1022: 형식이나 네임스페이스 정의 또는 파일 끝(EOF)이 필요합니다. [F:\Projects\Rimworld\active\mapgen_ai\dev\Source\MapGenAI.csproj]
F:\Projects\Rimworld\active\mapgen_ai\dev\Source\MapGen\TextRegionPrompt.cs(38,31): error CS1003: 구문 오류입니다. ','이(가) 필요합니다. [F:\Projects\Rimworld\active\mapgen_ai\dev\Source\MapGenAI.csproj]
F:\Projects\Rimworld\active\mapgen_ai\dev\Source\MapGen\TextRegionPrompt.cs(38,76): error CS1003: 구문 오류입니다. ','이(가) 필요합니다. [F:\Projects\Rimworld\active\mapgen_ai\dev\Source\MapGenAI.csproj]
F:\Projects\Rimworld\active\mapgen_ai\dev\Source\MapGen\TextRegionPrompt.cs(38,135): error CS1002: ;이 필요합니다. [F:\Projects\Rimworld\active\mapgen_ai\dev\Source\MapGenAI.csproj]
F:\Projects\Rimworld\active\mapgen_ai\dev\Source\MapGen\TextRegionPrompt.cs(38,135): error CS1022: 형식이나 네임스페이스 정의 또는 파일 끝(EOF)이 필요합니다. [F:\Projects\Rimworld\active\mapgen_ai\dev\Source\MapGenAI.csproj]
F:\Projects\Rimworld\active\mapgen_ai\dev\Source\MapGen\TextRegionPrompt.cs(38,141): error CS1002: ;이 필요합니다. [F:\Projects\Rimworld\active\mapgen_ai\dev\Source\MapGenAI.csproj]
F:\Projects\Rimworld\active\mapgen_ai\dev\Source\MapGen\TextRegionPrompt.cs(38,152): error CS1003: 구문 오류입니다. '='이(가) 필요합니다. [F:\Projects\Rimworld\active\mapgen_ai\dev\Source\MapGenAI.csproj]
F:\Projects\Rimworld\active\mapgen_ai\dev\Source\MapGen\TextRegionPrompt.cs(38,161): error CS1003: 구문 오류입니다. ','이(가) 필요합니다. [F:\Projects\Rimworld\active\mapgen_ai\dev\Source\MapGenAI.csproj]
F:\Projects\Rimworld\active\mapgen_ai\dev\Source\MapGen\TextRegionPrompt.cs(39,43): error CS1044: for 문, using 문, fixed 문, 선언문 등에는 둘 이상의 형식을 사용할 수 없습니다. [F:\Projects\Rimworld\active\mapgen_ai\dev\Source\MapGenAI.csproj]
F:\Projects\Rimworld\active\mapgen_ai\dev\Source\MapGen\TextRegionPrompt.cs(39,47): error CS1003: 구문 오류입니다. ','이(가) 필요합니다. [F:\Projects\Rimworld\active\mapgen_ai\dev\Source\MapGenAI.csproj]
F:\Projects\Rimworld\active\mapgen_ai\dev\Source\MapGen\TextRegionPrompt.cs(39,60): error CS1002: ;이 필요합니다. [F:\Projects\Rimworld\active\mapgen_ai\dev\Source\MapGenAI.csproj]
F:\Projects\Rimworld\active\mapgen_ai\dev\Source\MapGen\TextRegionPrompt.cs(39,60): error CS1022: 형식이나 네임스페이스 정의 또는 파일 끝(EOF)이 필요합니다. [F:\Projects\Rimworld\active\mapgen_ai\dev\Source\MapGenAI.csproj]
F:\Projects\Rimworld\active\mapgen_ai\dev\Source\MapGen\TextRegionPrompt.cs(39,72): error CS1003: 구문 오류입니다. ','이(가) 필요합니다. [F:\Projects\Rimworld\active\mapgen_ai\dev\Source\MapGenAI.csproj]
F:\Projects\Rimworld\active\mapgen_ai\dev\Source\MapGen\TextRegionPrompt.cs(39,115): error CS1044: for 문, using 문, fixed 문, 선언문 등에는 둘 이상의 형식을 사용할 수 없습니다. [F:\Projects\Rimworld\active\mapgen_ai\dev\Source\MapGenAI.csproj]
F:\Projects\Rimworld\active\mapgen_ai\dev\Source\MapGen\TextRegionPrompt.cs(39,123): error CS1003: 구문 오류입니다. ','이(가) 필요합니다. [F:\Projects\Rimworld\active\mapgen_ai\dev\Source\MapGenAI.csproj]
F:\Projects\Rimworld\active\mapgen_ai\dev\Source\MapGen\TextRegionPrompt.cs(39,136): error CS1002: ;이 필요합니다. [F:\Projects\Rimworld\active\mapgen_ai\dev\Source\MapGenAI.csproj]
F:\Projects\Rimworld\active\mapgen_ai\dev\Source\MapGen\TextRegionPrompt.cs(39,136): error CS1022: 형식이나 네임스페이스 정의 또는 파일 끝(EOF)이 필요합니다. [F:\Projects\Rimworld\active\mapgen_ai\dev\Source\MapGenAI.csproj]
F:\Projects\Rimworld\active\mapgen_ai\dev\Source\MapGen\TextRegionPrompt.cs(39,157): error CS1003: 구문 오류입니다. ','이(가) 필요합니다. [F:\Projects\Rimworld\active\mapgen_ai\dev\Source\MapGenAI.csproj]
F:\Projects\Rimworld\active\mapgen_ai\dev\Source\MapGen\TextRegionPrompt.cs(39,251): error CS1044: for 문, using 문, fixed 문, 선언문 등에는 둘 이상의 형식을 사용할 수 없습니다. [F:\Projects\Rimworld\active\mapgen_ai\dev\Source\MapGenAI.csproj]
F:\Projects\Rimworld\active\mapgen_ai\dev\Source\MapGen\TextRegionPrompt.cs(39,262): error CS1003: 구문 오류입니다. ','이(가) 필요합니다. [F:\Projects\Rimworld\active\mapgen_ai\dev\Source\MapGenAI.csproj]
F:\Projects\Rimworld\active\mapgen_ai\dev\Source\MapGen\TextRegionPrompt.cs(39,274): error CS1044: for 문, using 문, fixed 문, 선언문 등에는 둘 이상의 형식을 사용할 수 없습니다. [F:\Projects\Rimworld\active\mapgen_ai\dev\Source\MapGenAI.csproj]
F:\Projects\Rimworld\active\mapgen_ai\dev\Source\MapGen\TextRegionPrompt.cs(39,278): error CS1003: 구문 오류입니다. ','이(가) 필요합니다. [F:\Projects\Rimworld\active\mapgen_ai\dev\Source\MapGenAI.csproj]
F:\Projects\Rimworld\active\mapgen_ai\dev\Source\MapGen\TextRegionPrompt.cs(39,328): error CS1044: for 문, using 문, fixed 문, 선언문 등에는 둘 이상의 형식을 사용할 수 없습니다. [F:\Projects\Rimworld\active\mapgen_ai\dev\Source\MapGenAI.csproj]
F:\Projects\Rimworld\active\mapgen_ai\dev\Source\MapGen\TextRegionPrompt.cs(39,334): error CS1003: 구문 오류입니다. ','이(가) 필요합니다. [F:\Projects\Rimworld\active\mapgen_ai\dev\Source\MapGenAI.csproj]
F:\Projects\Rimworld\active\mapgen_ai\dev\Source\MapGen\TextRegionPrompt.cs(40,25): error CS1002: ;이 필요합니다. [F:\Projects\Rimworld\active\mapgen_ai\dev\Source\MapGenAI.csproj]
F:\Projects\Rimworld\active\mapgen_ai\dev\Source\MapGen\TextRegionPrompt.cs(40,25): error CS1022: 형식이나 네임스페이스 정의 또는 파일 끝(EOF)이 필요합니다. [F:\Projects\Rimworld\active\mapgen_ai\dev\Source\MapGenAI.csproj]
F:\Projects\Rimworld\active\mapgen_ai\dev\Source\MapGen\TextRegionPrompt.cs(40,30): error CS1002: ;이 필요합니다. [F:\Projects\Rimworld\active\mapgen_ai\dev\Source\MapGenAI.csproj]
F:\Projects\Rimworld\active\mapgen_ai\dev\Source\MapGen\TextRegionPrompt.cs(40,43): error CS1002: ;이 필요합니다. [F:\Projects\Rimworld\active\mapgen_ai\dev\Source\MapGenAI.csproj]
F:\Projects\Rimworld\active\mapgen_ai\dev\Source\MapGen\TextRegionPrompt.cs(40,45): error CS1002: ;이 필요합니다. [F:\Projects\Rimworld\active\mapgen_ai\dev\Source\MapGenAI.csproj]
F:\Projects\Rimworld\active\mapgen_ai\dev\Source\MapGen\TextRegionPrompt.cs(40,45): error CS1513: }가 필요합니다. [F:\Projects\Rimworld\active\mapgen_ai\dev\Source\MapGenAI.csproj]
F:\Projects\Rimworld\active\mapgen_ai\dev\Source\MapGen\TextRegionPrompt.cs(40,47): error CS1001: 식별자가 필요합니다. [F:\Projects\Rimworld\active\mapgen_ai\dev\Source\MapGenAI.csproj]
F:\Projects\Rimworld\active\mapgen_ai\dev\Source\MapGen\TextRegionPrompt.cs(40,47): error CS1003: 구문 오류입니다. ']'이(가) 필요합니다. [F:\Projects\Rimworld\active\mapgen_ai\dev\Source\MapGenAI.csproj]
F:\Projects\Rimworld\active\mapgen_ai\dev\Source\MapGen\TextRegionPrompt.cs(40,50): error CS1002: ;이 필요합니다. [F:\Projects\Rimworld\active\mapgen_ai\dev\Source\MapGenAI.csproj]
F:\Projects\Rimworld\active\mapgen_ai\dev\Source\MapGen\TextRegionPrompt.cs(40,52): error CS1002: ;이 필요합니다. [F:\Projects\Rimworld\active\mapgen_ai\dev\Source\MapGenAI.csproj]
F:\Projects\Rimworld\active\mapgen_ai\dev\Source\MapGen\TextRegionPrompt.cs(40,54): error CS1002: ;이 필요합니다. [F:\Projects\Rimworld\active\mapgen_ai\dev\Source\MapGenAI.csproj]
F:\Projects\Rimworld\active\mapgen_ai\dev\Source\MapGen\TextRegionPrompt.cs(40,54): error CS1513: }가 필요합니다. [F:\Projects\Rimworld\active\mapgen_ai\dev\Source\MapGenAI.csproj]
F:\Projects\Rimworld\active\mapgen_ai\dev\Source\MapGen\TextRegionPrompt.cs(40,57): error CS1002: ;이 필요합니다. [F:\Projects\Rimworld\active\mapgen_ai\dev\Source\MapGenAI.csproj]
F:\Projects\Rimworld\active\mapgen_ai\dev\Source\MapGen\TextRegionPrompt.cs(40,60): error CS1002: ;이 필요합니다. [F:\Projects\Rimworld\active\mapgen_ai\dev\Source\MapGenAI.csproj]
F:\Projects\Rimworld\active\mapgen_ai\dev\Source\MapGen\TextRegionPrompt.cs(40,62): error CS1002: ;이 필요합니다. [F:\Projects\Rimworld\active\mapgen_ai\dev\Source\MapGenAI.csproj]
F:\Projects\Rimworld\active\mapgen_ai\dev\Source\MapGen\TextRegionPrompt.cs(40,62): error CS1513: }가 필요합니다. [F:\Projects\Rimworld\active\mapgen_ai\dev\Source\MapGenAI.csproj]
F:\Projects\Rimworld\active\mapgen_ai\dev\Source\MapGen\TextRegionPrompt.cs(40,65): error CS1002: ;이 필요합니다. [F:\Projects\Rimworld\active\mapgen_ai\dev\Source\MapGenAI.csproj]
F:\Projects\Rimworld\active\mapgen_ai\dev\Source\MapGen\TextRegionPrompt.cs(40,74): error CS1002: ;이 필요합니다. [F:\Projects\Rimworld\active\mapgen_ai\dev\Source\MapGenAI.csproj]
F:\Projects\Rimworld\active\mapgen_ai\dev\Source\MapGen\TextRegionPrompt.cs(40,76): error CS1002: ;이 필요합니다. [F:\Projects\Rimworld\active\mapgen_ai\dev\Source\MapGenAI.csproj]
F:\Projects\Rimworld\active\mapgen_ai\dev\Source\MapGen\TextRegionPrompt.cs(40,76): error CS1513: }가 필요합니다. [F:\Projects\Rimworld\active\mapgen_ai\dev\Source\MapGenAI.csproj]
F:\Projects\Rimworld\active\mapgen_ai\dev\Source\MapGen\TextRegionPrompt.cs(40,80): error CS1002: ;이 필요합니다. [F:\Projects\Rimworld\active\mapgen_ai\dev\Source\MapGenAI.csproj]
F:\Projects\Rimworld\active\mapgen_ai\dev\Source\MapGen\TextRegionPrompt.cs(40,82): error CS1002: ;이 필요합니다. [F:\Projects\Rimworld\active\mapgen_ai\dev\Source\MapGenAI.csproj]
F:\Projects\Rimworld\active\mapgen_ai\dev\Source\MapGen\TextRegionPrompt.cs(40,84): error CS1002: ;이 필요합니다. [F:\Projects\Rimworld\active\mapgen_ai\dev\Source\MapGenAI.csproj]
F:\Projects\Rimworld\active\mapgen_ai\dev\Source\MapGen\TextRegionPrompt.cs(40,84): error CS1513: }가 필요합니다. [F:\Projects\Rimworld\active\mapgen_ai\dev\Source\MapGenAI.csproj]
F:\Projects\Rimworld\active\mapgen_ai\dev\Source\MapGen\TextRegionPrompt.cs(40,87): error CS1002: ;이 필요합니다. [F:\Projects\Rimworld\active\mapgen_ai\dev\Source\MapGenAI.csproj]
F:\Projects\Rimworld\active\mapgen_ai\dev\Source\MapGen\TextRegionPrompt.cs(40,95): error CS1002: ;이 필요합니다. [F:\Projects\Rimworld\active\mapgen_ai\dev\Source\MapGenAI.csproj]
F:\Projects\Rimworld\active\mapgen_ai\dev\Source\MapGen\TextRegionPrompt.cs(40,97): error CS1002: ;이 필요합니다. [F:\Projects\Rimworld\active\mapgen_ai\dev\Source\MapGenAI.csproj]
F:\Projects\Rimworld\active\mapgen_ai\dev\Source\MapGen\TextRegionPrompt.cs(40,97): error CS1513: }가 필요합니다. [F:\Projects\Rimworld\active\mapgen_ai\dev\Source\MapGenAI.csproj]
F:\Projects\Rimworld\active\mapgen_ai\dev\Source\MapGen\TextRegionPrompt.cs(40,100): error CS1002: ;이 필요합니다. [F:\Projects\Rimworld\active\mapgen_ai\dev\Source\MapGenAI.csproj]
F:\Projects\Rimworld\active\mapgen_ai\dev\Source\MapGen\TextRegionPrompt.cs(40,104): error CS1002: ;이 필요합니다. [F:\Projects\Rimworld\active\mapgen_ai\dev\Source\MapGenAI.csproj]
F:\Projects\Rimworld\active\mapgen_ai\dev\Source\MapGen\TextRegionPrompt.cs(40,106): error CS1002: ;이 필요합니다. [F:\Projects\Rimworld\active\mapgen_ai\dev\Source\MapGenAI.csproj]
F:\Projects\Rimworld\active\mapgen_ai\dev\Source\MapGen\TextRegionPrompt.cs(40,106): error CS1513: }가 필요합니다. [F:\Projects\Rimworld\active\mapgen_ai\dev\Source\MapGenAI.csproj]
F:\Projects\Rimworld\active\mapgen_ai\dev\Source\MapGen\TextRegionPrompt.cs(40,109): error CS1002: ;이 필요합니다. [F:\Projects\Rimworld\active\mapgen_ai\dev\Source\MapGenAI.csproj]
F:\Projects\Rimworld\active\mapgen_ai\dev\Source\MapGen\TextRegionPrompt.cs(40,123): error CS1002: ;이 필요합니다. [F:\Projects\Rimworld\active\mapgen_ai\dev\Source\MapGenAI.csproj]
F:\Projects\Rimworld\active\mapgen_ai\dev\Source\MapGen\TextRegionPrompt.cs(40,125): error CS1002: ;이 필요합니다. [F:\Projects\Rimworld\active\mapgen_ai\dev\Source\MapGenAI.csproj]
F:\Projects\Rimworld\active\mapgen_ai\dev\Source\MapGen\TextRegionPrompt.cs(40,125): error CS1513: }가 필요합니다. [F:\Projects\Rimworld\active\mapgen_ai\dev\Source\MapGenAI.csproj]
F:\Projects\Rimworld\active\mapgen_ai\dev\Source\MapGen\TextRegionPrompt.cs(40,128): error CS1002: ;이 필요합니다. [F:\Projects\Rimworld\active\mapgen_ai\dev\Source\MapGenAI.csproj]
F:\Projects\Rimworld\active\mapgen_ai\dev\Source\MapGen\TextRegionPrompt.cs(40,134): error CS1002: ;이 필요합니다. [F:\Projects\Rimworld\active\mapgen_ai\dev\Source\MapGenAI.csproj]
F:\Projects\Rimworld\active\mapgen_ai\dev\Source\MapGen\TextRegionPrompt.cs(40,136): error CS1002: ;이 필요합니다. [F:\Projects\Rimworld\active\mapgen_ai\dev\Source\MapGenAI.csproj]
F:\Projects\Rimworld\active\mapgen_ai\dev\Source\MapGen\TextRegionPrompt.cs(40,136): error CS1513: }가 필요합니다. [F:\Projects\Rimworld\active\mapgen_ai\dev\Source\MapGenAI.csproj]
F:\Projects\Rimworld\active\mapgen_ai\dev\Source\MapGen\TextRegionPrompt.cs(40,139): error CS1002: ;이 필요합니다. [F:\Projects\Rimworld\active\mapgen_ai\dev\Source\MapGenAI.csproj]
F:\Projects\Rimworld\active\mapgen_ai\dev\Source\MapGen\TextRegionPrompt.cs(40,145): error CS1002: ;이 필요합니다. [F:\Projects\Rimworld\active\mapgen_ai\dev\Source\MapGenAI.csproj]
F:\Projects\Rimworld\active\mapgen_ai\dev\Source\MapGen\TextRegionPrompt.cs(40,147): error CS1002: ;이 필요합니다. [F:\Projects\Rimworld\active\mapgen_ai\dev\Source\MapGenAI.csproj]
F:\Projects\Rimworld\active\mapgen_ai\dev\Source\MapGen\TextRegionPrompt.cs(40,147): error CS1513: }가 필요합니다. [F:\Projects\Rimworld\active\mapgen_ai\dev\Source\MapGenAI.csproj]
F:\Projects\Rimworld\active\mapgen_ai\dev\Source\MapGen\TextRegionPrompt.cs(40,150): error CS1002: ;이 필요합니다. [F:\Projects\Rimworld\active\mapgen_ai\dev\Source\MapGenAI.csproj]
F:\Projects\Rimworld\active\mapgen_ai\dev\Source\MapGen\TextRegionPrompt.cs(40,155): error CS1002: ;이 필요합니다. [F:\Projects\Rimworld\active\mapgen_ai\dev\Source\MapGenAI.csproj]
F:\Projects\Rimworld\active\mapgen_ai\dev\Source\MapGen\TextRegionPrompt.cs(40,157): error CS1002: ;이 필요합니다. [F:\Projects\Rimworld\active\mapgen_ai\dev\Source\MapGenAI.csproj]
F:\Projects\Rimworld\active\mapgen_ai\dev\Source\MapGen\TextRegionPrompt.cs(40,157): error CS1513: }가 필요합니다. [F:\Projects\Rimworld\active\mapgen_ai\dev\Source\MapGenAI.csproj]
F:\Projects\Rimworld\active\mapgen_ai\dev\Source\MapGen\TextRegionPrompt.cs(40,160): error CS1002: ;이 필요합니다. [F:\Projects\Rimworld\active\mapgen_ai\dev\Source\MapGenAI.csproj]
F:\Projects\Rimworld\active\mapgen_ai\dev\Source\MapGen\TextRegionPrompt.cs(40,160): error CS1513: }가 필요합니다. [F:\Projects\Rimworld\active\mapgen_ai\dev\Source\MapGenAI.csproj]
F:\Projects\Rimworld\active\mapgen_ai\dev\Source\MapGen\TextRegionPrompt.cs(40,163): error CS1002: ;이 필요합니다. [F:\Projects\Rimworld\active\mapgen_ai\dev\Source\MapGenAI.csproj]
F:\Projects\Rimworld\active\mapgen_ai\dev\Source\MapGen\TextRegionPrompt.cs(40,169): error CS1002: ;이 필요합니다. [F:\Projects\Rimworld\active\mapgen_ai\dev\Source\MapGenAI.csproj]
F:\Projects\Rimworld\active\mapgen_ai\dev\Source\MapGen\TextRegionPrompt.cs(40,171): error CS1002: ;이 필요합니다. [F:\Projects\Rimworld\active\mapgen_ai\dev\Source\MapGenAI.csproj]
F:\Projects\Rimworld\active\mapgen_ai\dev\Source\MapGen\TextRegionPrompt.cs(40,171): error CS1513: }가 필요합니다. [F:\Projects\Rimworld\active\mapgen_ai\dev\Source\MapGenAI.csproj]
F:\Projects\Rimworld\active\mapgen_ai\dev\Source\MapGen\TextRegionPrompt.cs(40,174): error CS1002: ;이 필요합니다. [F:\Projects\Rimworld\active\mapgen_ai\dev\Source\MapGenAI.csproj]
F:\Projects\Rimworld\active\mapgen_ai\dev\Source\MapGen\TextRegionPrompt.cs(40,174): error CS1513: }가 필요합니다. [F:\Projects\Rimworld\active\mapgen_ai\dev\Source\MapGenAI.csproj]
F:\Projects\Rimworld\active\mapgen_ai\dev\Source\MapGen\TextRegionPrompt.cs(40,177): error CS1002: ;이 필요합니다. [F:\Projects\Rimworld\active\mapgen_ai\dev\Source\MapGenAI.csproj]
F:\Projects\Rimworld\active\mapgen_ai\dev\Source\MapGen\TextRegionPrompt.cs(40,182): error CS1002: ;이 필요합니다. [F:\Projects\Rimworld\active\mapgen_ai\dev\Source\MapGenAI.csproj]
F:\Projects\Rimworld\active\mapgen_ai\dev\Source\MapGen\TextRegionPrompt.cs(40,184): error CS1002: ;이 필요합니다. [F:\Projects\Rimworld\active\mapgen_ai\dev\Source\MapGenAI.csproj]
F:\Projects\Rimworld\active\mapgen_ai\dev\Source\MapGen\TextRegionPrompt.cs(40,184): error CS1513: }가 필요합니다. [F:\Projects\Rimworld\active\mapgen_ai\dev\Source\MapGenAI.csproj]
F:\Projects\Rimworld\active\mapgen_ai\dev\Source\MapGen\TextRegionPrompt.cs(40,186): error CS1002: ;이 필요합니다. [F:\Projects\Rimworld\active\mapgen_ai\dev\Source\MapGenAI.csproj]
F:\Projects\Rimworld\active\mapgen_ai\dev\Source\MapGen\TextRegionPrompt.cs(40,188): error CS1513: }가 필요합니다. [F:\Projects\Rimworld\active\mapgen_ai\dev\Source\MapGenAI.csproj]
F:\Projects\Rimworld\active\mapgen_ai\dev\Source\MapGen\TextRegionPrompt.cs(40,190): error CS1022: 형식이나 네임스페이스 정의 또는 파일 끝(EOF)이 필요합니다. [F:\Projects\Rimworld\active\mapgen_ai\dev\Source\MapGenAI.csproj]
F:\Projects\Rimworld\active\mapgen_ai\dev\Source\MapGen\TextRegionPrompt.cs(40,206): error CS1003: 구문 오류입니다. ','이(가) 필요합니다. [F:\Projects\Rimworld\active\mapgen_ai\dev\Source\MapGenAI.csproj]
F:\Projects\Rimworld\active\mapgen_ai\dev\Source\MapGen\TextRegionPrompt.cs(40,233): error CS1003: 구문 오류입니다. '='이(가) 필요합니다. [F:\Projects\Rimworld\active\mapgen_ai\dev\Source\MapGenAI.csproj]
F:\Projects\Rimworld\active\mapgen_ai\dev\Source\MapGen\TextRegionPrompt.cs(40,237): error CS1003: 구문 오류입니다. ','이(가) 필요합니다. [F:\Projects\Rimworld\active\mapgen_ai\dev\Source\MapGenAI.csproj]
F:\Projects\Rimworld\active\mapgen_ai\dev\Source\MapGen\TextRegionPrompt.cs(40,247): error CS1044: for 문, using 문, fixed 문, 선언문 등에는 둘 이상의 형식을 사용할 수 없습니다. [F:\Projects\Rimworld\active\mapgen_ai\dev\Source\MapGenAI.csproj]
F:\Projects\Rimworld\active\mapgen_ai\dev\Source\MapGen\TextRegionPrompt.cs(40,256): error CS1003: 구문 오류입니다. ','이(가) 필요합니다. [F:\Projects\Rimworld\active\mapgen_ai\dev\Source\MapGenAI.csproj]
F:\Projects\Rimworld\active\mapgen_ai\dev\Source\MapGen\TextRegionPrompt.cs(40,363): error CS1003: 구문 오류입니다. ','이(가) 필요합니다. [F:\Projects\Rimworld\active\mapgen_ai\dev\Source\MapGenAI.csproj]
F:\Projects\Rimworld\active\mapgen_ai\dev\Source\MapGen\TextRegionPrompt.cs(40,371): error CS1002: ;이 필요합니다. [F:\Projects\Rimworld\active\mapgen_ai\dev\Source\MapGenAI.csproj]
F:\Projects\Rimworld\active\mapgen_ai\dev\Source\MapGen\TextRegionPrompt.cs(40,371): error CS1022: 형식이나 네임스페이스 정의 또는 파일 끝(EOF)이 필요합니다. [F:\Projects\Rimworld\active\mapgen_ai\dev\Source\MapGenAI.csproj]
F:\Projects\Rimworld\active\mapgen_ai\dev\Source\MapGen\TextRegionPrompt.cs(40,374): error CS1002: ;이 필요합니다. [F:\Projects\Rimworld\active\mapgen_ai\dev\Source\MapGenAI.csproj]
F:\Projects\Rimworld\active\mapgen_ai\dev\Source\MapGen\TextRegionPrompt.cs(40,397): error CS1003: 구문 오류입니다. ','이(가) 필요합니다. [F:\Projects\Rimworld\active\mapgen_ai\dev\Source\MapGenAI.csproj]
F:\Projects\Rimworld\active\mapgen_ai\dev\Source\MapGen\TextRegionPrompt.cs(40,508): error CS1002: ;이 필요합니다. [F:\Projects\Rimworld\active\mapgen_ai\dev\Source\MapGenAI.csproj]
F:\Projects\Rimworld\active\mapgen_ai\dev\Source\MapGen\TextRegionPrompt.cs(40,508): error CS1022: 형식이나 네임스페이스 정의 또는 파일 끝(EOF)이 필요합니다. [F:\Projects\Rimworld\active\mapgen_ai\dev\Source\MapGenAI.csproj]
F:\Projects\Rimworld\active\mapgen_ai\dev\Source\MapGen\TextRegionPrompt.cs(40,511): error CS1002: ;이 필요합니다. [F:\Projects\Rimworld\active\mapgen_ai\dev\Source\MapGenAI.csproj]
F:\Projects\Rimworld\active\mapgen_ai\dev\Source\MapGen\TextRegionPrompt.cs(40,528): error CS1003: 구문 오류입니다. ','이(가) 필요합니다. [F:\Projects\Rimworld\active\mapgen_ai\dev\Source\MapGenAI.csproj]
F:\Projects\Rimworld\active\mapgen_ai\dev\Source\MapGen\TextRegionPrompt.cs(40,622): error CS1003: 구문 오류입니다. ','이(가) 필요합니다. [F:\Projects\Rimworld\active\mapgen_ai\dev\Source\MapGenAI.csproj]
F:\Projects\Rimworld\active\mapgen_ai\dev\Source\MapGen\TextRegionPrompt.cs(41,6): error CS1002: ;이 필요합니다. [F:\Projects\Rimworld\active\mapgen_ai\dev\Source\MapGenAI.csproj]
F:\Projects\Rimworld\active\mapgen_ai\dev\Source\MapGen\TextRegionPrompt.cs(41,6): error CS1022: 형식이나 네임스페이스 정의 또는 파일 끝(EOF)이 필요합니다. [F:\Projects\Rimworld\active\mapgen_ai\dev\Source\MapGenAI.csproj]
F:\Projects\Rimworld\active\mapgen_ai\dev\Source\MapGen\TextRegionPrompt.cs(41,11): error CS1002: ;이 필요합니다. [F:\Projects\Rimworld\active\mapgen_ai\dev\Source\MapGenAI.csproj]
F:\Projects\Rimworld\active\mapgen_ai\dev\Source\MapGen\TextRegionPrompt.cs(41,24): error CS1002: ;이 필요합니다. [F:\Projects\Rimworld\active\mapgen_ai\dev\Source\MapGenAI.csproj]
F:\Projects\Rimworld\active\mapgen_ai\dev\Source\MapGen\TextRegionPrompt.cs(41,26): error CS1002: ;이 필요합니다. [F:\Projects\Rimworld\active\mapgen_ai\dev\Source\MapGenAI.csproj]
F:\Projects\Rimworld\active\mapgen_ai\dev\Source\MapGen\TextRegionPrompt.cs(41,26): error CS1513: }가 필요합니다. [F:\Projects\Rimworld\active\mapgen_ai\dev\Source\MapGenAI.csproj]
F:\Projects\Rimworld\active\mapgen_ai\dev\Source\MapGen\TextRegionPrompt.cs(41,28): error CS1001: 식별자가 필요합니다. [F:\Projects\Rimworld\active\mapgen_ai\dev\Source\MapGenAI.csproj]
F:\Projects\Rimworld\active\mapgen_ai\dev\Source\MapGen\TextRegionPrompt.cs(41,28): error CS1003: 구문 오류입니다. ']'이(가) 필요합니다. [F:\Projects\Rimworld\active\mapgen_ai\dev\Source\MapGenAI.csproj]
F:\Projects\Rimworld\active\mapgen_ai\dev\Source\MapGen\TextRegionPrompt.cs(41,31): error CS1002: ;이 필요합니다. [F:\Projects\Rimworld\active\mapgen_ai\dev\Source\MapGenAI.csproj]
F:\Projects\Rimworld\active\mapgen_ai\dev\Source\MapGen\TextRegionPrompt.cs(41,33): error CS1002: ;이 필요합니다. [F:\Projects\Rimworld\active\mapgen_ai\dev\Source\MapGenAI.csproj]
F:\Projects\Rimworld\active\mapgen_ai\dev\Source\MapGen\TextRegionPrompt.cs(41,35): error CS1002: ;이 필요합니다. [F:\Projects\Rimworld\active\mapgen_ai\dev\Source\MapGenAI.csproj]
F:\Projects\Rimworld\active\mapgen_ai\dev\Source\MapGen\TextRegionPrompt.cs(41,35): error CS1513: }가 필요합니다. [F:\Projects\Rimworld\active\mapgen_ai\dev\Source\MapGenAI.csproj]
F:\Projects\Rimworld\active\mapgen_ai\dev\Source\MapGen\TextRegionPrompt.cs(41,38): error CS1002: ;이 필요합니다. [F:\Projects\Rimworld\active\mapgen_ai\dev\Source\MapGenAI.csproj]
F:\Projects\Rimworld\active\mapgen_ai\dev\Source\MapGen\TextRegionPrompt.cs(41,41): error CS1002: ;이 필요합니다. [F:\Projects\Rimworld\active\mapgen_ai\dev\Source\MapGenAI.csproj]
F:\Projects\Rimworld\active\mapgen_ai\dev\Source\MapGen\TextRegionPrompt.cs(41,43): error CS1002: ;이 필요합니다. [F:\Projects\Rimworld\active\mapgen_ai\dev\Source\MapGenAI.csproj]
F:\Projects\Rimworld\active\mapgen_ai\dev\Source\MapGen\TextRegionPrompt.cs(41,43): error CS1513: }가 필요합니다. [F:\Projects\Rimworld\active\mapgen_ai\dev\Source\MapGenAI.csproj]
F:\Projects\Rimworld\active\mapgen_ai\dev\Source\MapGen\TextRegionPrompt.cs(41,46): error CS1002: ;이 필요합니다. [F:\Projects\Rimworld\active\mapgen_ai\dev\Source\MapGenAI.csproj]
F:\Projects\Rimworld\active\mapgen_ai\dev\Source\MapGen\TextRegionPrompt.cs(41,55): error CS1002: ;이 필요합니다. [F:\Projects\Rimworld\active\mapgen_ai\dev\Source\MapGenAI.csproj]
F:\Projects\Rimworld\active\mapgen_ai\dev\Source\MapGen\TextRegionPrompt.cs(41,57): error CS1002: ;이 필요합니다. [F:\Projects\Rimworld\active\mapgen_ai\dev\Source\MapGenAI.csproj]
F:\Projects\Rimworld\active\mapgen_ai\dev\Source\MapGen\TextRegionPrompt.cs(41,57): error CS1513: }가 필요합니다. [F:\Projects\Rimworld\active\mapgen_ai\dev\Source\MapGenAI.csproj]
F:\Projects\Rimworld\active\mapgen_ai\dev\Source\MapGen\TextRegionPrompt.cs(41,61): error CS1002: ;이 필요합니다. [F:\Projects\Rimworld\active\mapgen_ai\dev\Source\MapGenAI.csproj]
F:\Projects\Rimworld\active\mapgen_ai\dev\Source\MapGen\TextRegionPrompt.cs(41,63): error CS1002: ;이 필요합니다. [F:\Projects\Rimworld\active\mapgen_ai\dev\Source\MapGenAI.csproj]
F:\Projects\Rimworld\active\mapgen_ai\dev\Source\MapGen\TextRegionPrompt.cs(41,65): error CS1002: ;이 필요합니다. [F:\Projects\Rimworld\active\mapgen_ai\dev\Source\MapGenAI.csproj]
F:\Projects\Rimworld\active\mapgen_ai\dev\Source\MapGen\TextRegionPrompt.cs(41,65): error CS1513: }가 필요합니다. [F:\Projects\Rimworld\active\mapgen_ai\dev\Source\MapGenAI.csproj]
F:\Projects\Rimworld\active\mapgen_ai\dev\Source\MapGen\TextRegionPrompt.cs(41,68): error CS1002: ;이 필요합니다. [F:\Projects\Rimworld\active\mapgen_ai\dev\Source\MapGenAI.csproj]
F:\Projects\Rimworld\active\mapgen_ai\dev\Source\MapGen\TextRegionPrompt.cs(41,75): error CS1002: ;이 필요합니다. [F:\Projects\Rimworld\active\mapgen_ai\dev\Source\MapGenAI.csproj]
F:\Projects\Rimworld\active\mapgen_ai\dev\Source\MapGen\TextRegionPrompt.cs(41,77): error CS1002: ;이 필요합니다. [F:\Projects\Rimworld\active\mapgen_ai\dev\Source\MapGenAI.csproj]
F:\Projects\Rimworld\active\mapgen_ai\dev\Source\MapGen\TextRegionPrompt.cs(41,77): error CS1513: }가 필요합니다. [F:\Projects\Rimworld\active\mapgen_ai\dev\Source\MapGenAI.csproj]
F:\Projects\Rimworld\active\mapgen_ai\dev\Source\MapGen\TextRegionPrompt.cs(41,80): error CS1002: ;이 필요합니다. [F:\Projects\Rimworld\active\mapgen_ai\dev\Source\MapGenAI.csproj]
F:\Projects\Rimworld\active\mapgen_ai\dev\Source\MapGen\TextRegionPrompt.cs(41,84): error CS1002: ;이 필요합니다. [F:\Projects\Rimworld\active\mapgen_ai\dev\Source\MapGenAI.csproj]
F:\Projects\Rimworld\active\mapgen_ai\dev\Source\MapGen\TextRegionPrompt.cs(41,86): error CS1002: ;이 필요합니다. [F:\Projects\Rimworld\active\mapgen_ai\dev\Source\MapGenAI.csproj]
F:\Projects\Rimworld\active\mapgen_ai\dev\Source\MapGen\TextRegionPrompt.cs(41,86): error CS1513: }가 필요합니다. [F:\Projects\Rimworld\active\mapgen_ai\dev\Source\MapGenAI.csproj]
F:\Projects\Rimworld\active\mapgen_ai\dev\Source\MapGen\TextRegionPrompt.cs(41,89): error CS1002: ;이 필요합니다. [F:\Projects\Rimworld\active\mapgen_ai\dev\Source\MapGenAI.csproj]
F:\Projects\Rimworld\active\mapgen_ai\dev\Source\MapGen\TextRegionPrompt.cs(41,93): error CS1002: ;이 필요합니다. [F:\Projects\Rimworld\active\mapgen_ai\dev\Source\MapGenAI.csproj]
F:\Projects\Rimworld\active\mapgen_ai\dev\Source\MapGen\TextRegionPrompt.cs(41,95): error CS1002: ;이 필요합니다. [F:\Projects\Rimworld\active\mapgen_ai\dev\Source\MapGenAI.csproj]
F:\Projects\Rimworld\active\mapgen_ai\dev\Source\MapGen\TextRegionPrompt.cs(41,95): error CS1513: }가 필요합니다. [F:\Projects\Rimworld\active\mapgen_ai\dev\Source\MapGenAI.csproj]
F:\Projects\Rimworld\active\mapgen_ai\dev\Source\MapGen\TextRegionPrompt.cs(41,98): error CS1002: ;이 필요합니다. [F:\Projects\Rimworld\active\mapgen_ai\dev\Source\MapGenAI.csproj]
F:\Projects\Rimworld\active\mapgen_ai\dev\Source\MapGen\TextRegionPrompt.cs(41,104): error CS1002: ;이 필요합니다. [F:\Projects\Rimworld\active\mapgen_ai\dev\Source\MapGenAI.csproj]
F:\Projects\Rimworld\active\mapgen_ai\dev\Source\MapGen\TextRegionPrompt.cs(41,106): error CS1002: ;이 필요합니다. [F:\Projects\Rimworld\active\mapgen_ai\dev\Source\MapGenAI.csproj]
F:\Projects\Rimworld\active\mapgen_ai\dev\Source\MapGen\TextRegionPrompt.cs(41,106): error CS1513: }가 필요합니다. [F:\Projects\Rimworld\active\mapgen_ai\dev\Source\MapGenAI.csproj]
F:\Projects\Rimworld\active\mapgen_ai\dev\Source\MapGen\TextRegionPrompt.cs(41,109): error CS1002: ;이 필요합니다. [F:\Projects\Rimworld\active\mapgen_ai\dev\Source\MapGenAI.csproj]
F:\Projects\Rimworld\active\mapgen_ai\dev\Source\MapGen\TextRegionPrompt.cs(41,115): error CS1002: ;이 필요합니다. [F:\Projects\Rimworld\active\mapgen_ai\dev\Source\MapGenAI.csproj]
F:\Projects\Rimworld\active\mapgen_ai\dev\Source\MapGen\TextRegionPrompt.cs(41,117): error CS1002: ;이 필요합니다. [F:\Projects\Rimworld\active\mapgen_ai\dev\Source\MapGenAI.csproj]
F:\Projects\Rimworld\active\mapgen_ai\dev\Source\MapGen\TextRegionPrompt.cs(41,117): error CS1513: }가 필요합니다. [F:\Projects\Rimworld\active\mapgen_ai\dev\Source\MapGenAI.csproj]
F:\Projects\Rimworld\active\mapgen_ai\dev\Source\MapGen\TextRegionPrompt.cs(41,120): error CS1002: ;이 필요합니다. [F:\Projects\Rimworld\active\mapgen_ai\dev\Source\MapGenAI.csproj]
F:\Projects\Rimworld\active\mapgen_ai\dev\Source\MapGen\TextRegionPrompt.cs(41,125): error CS1002: ;이 필요합니다. [F:\Projects\Rimworld\active\mapgen_ai\dev\Source\MapGenAI.csproj]
F:\Projects\Rimworld\active\mapgen_ai\dev\Source\MapGen\TextRegionPrompt.cs(41,127): error CS1002: ;이 필요합니다. [F:\Projects\Rimworld\active\mapgen_ai\dev\Source\MapGenAI.csproj]
F:\Projects\Rimworld\active\mapgen_ai\dev\Source\MapGen\TextRegionPrompt.cs(41,127): error CS1513: }가 필요합니다. [F:\Projects\Rimworld\active\mapgen_ai\dev\Source\MapGenAI.csproj]
F:\Projects\Rimworld\active\mapgen_ai\dev\Source\MapGen\TextRegionPrompt.cs(41,130): error CS1002: ;이 필요합니다. [F:\Projects\Rimworld\active\mapgen_ai\dev\Source\MapGenAI.csproj]
F:\Projects\Rimworld\active\mapgen_ai\dev\Source\MapGen\TextRegionPrompt.cs(41,130): error CS1513: }가 필요합니다. [F:\Projects\Rimworld\active\mapgen_ai\dev\Source\MapGenAI.csproj]
F:\Projects\Rimworld\active\mapgen_ai\dev\Source\MapGen\TextRegionPrompt.cs(41,133): error CS1002: ;이 필요합니다. [F:\Projects\Rimworld\active\mapgen_ai\dev\Source\MapGenAI.csproj]
F:\Projects\Rimworld\active\mapgen_ai\dev\Source\MapGen\TextRegionPrompt.cs(41,139): error CS1002: ;이 필요합니다. [F:\Projects\Rimworld\active\mapgen_ai\dev\Source\MapGenAI.csproj]
F:\Projects\Rimworld\active\mapgen_ai\dev\Source\MapGen\TextRegionPrompt.cs(41,141): error CS1002: ;이 필요합니다. [F:\Projects\Rimworld\active\mapgen_ai\dev\Source\MapGenAI.csproj]
F:\Projects\Rimworld\active\mapgen_ai\dev\Source\MapGen\TextRegionPrompt.cs(41,141): error CS1513: }가 필요합니다. [F:\Projects\Rimworld\active\mapgen_ai\dev\Source\MapGenAI.csproj]
F:\Projects\Rimworld\active\mapgen_ai\dev\Source\MapGen\TextRegionPrompt.cs(41,143): error CS1002: ;이 필요합니다. [F:\Projects\Rimworld\active\mapgen_ai\dev\Source\MapGenAI.csproj]
F:\Projects\Rimworld\active\mapgen_ai\dev\Source\MapGen\TextRegionPrompt.cs(41,143): error CS1513: }가 필요합니다. [F:\Projects\Rimworld\active\mapgen_ai\dev\Source\MapGenAI.csproj]
F:\Projects\Rimworld\active\mapgen_ai\dev\Source\MapGen\TextRegionPrompt.cs(41,146): error CS1002: ;이 필요합니다. [F:\Projects\Rimworld\active\mapgen_ai\dev\Source\MapGenAI.csproj]
F:\Projects\Rimworld\active\mapgen_ai\dev\Source\MapGen\TextRegionPrompt.cs(41,151): error CS1002: ;이 필요합니다. [F:\Projects\Rimworld\active\mapgen_ai\dev\Source\MapGenAI.csproj]
F:\Projects\Rimworld\active\mapgen_ai\dev\Source\MapGen\TextRegionPrompt.cs(41,153): error CS1002: ;이 필요합니다. [F:\Projects\Rimworld\active\mapgen_ai\dev\Source\MapGenAI.csproj]
F:\Projects\Rimworld\active\mapgen_ai\dev\Source\MapGen\TextRegionPrompt.cs(41,153): error CS1513: }가 필요합니다. [F:\Projects\Rimworld\active\mapgen_ai\dev\Source\MapGenAI.csproj]
F:\Projects\Rimworld\active\mapgen_ai\dev\Source\MapGen\TextRegionPrompt.cs(41,155): error CS1002: ;이 필요합니다. [F:\Projects\Rimworld\active\mapgen_ai\dev\Source\MapGenAI.csproj]
F:\Projects\Rimworld\active\mapgen_ai\dev\Source\MapGen\TextRegionPrompt.cs(41,157): error CS1513: }가 필요합니다. [F:\Projects\Rimworld\active\mapgen_ai\dev\Source\MapGenAI.csproj]
F:\Projects\Rimworld\active\mapgen_ai\dev\Source\MapGen\TextRegionPrompt.cs(41,159): error CS1022: 형식이나 네임스페이스 정의 또는 파일 끝(EOF)이 필요합니다. [F:\Projects\Rimworld\active\mapgen_ai\dev\Source\MapGenAI.csproj]
F:\Projects\Rimworld\active\mapgen_ai\dev\Source\MapGen\TextRegionPrompt.cs(41,179): error CS1003: 구문 오류입니다. ','이(가) 필요합니다. [F:\Projects\Rimworld\active\mapgen_ai\dev\Source\MapGenAI.csproj]
F:\Projects\Rimworld\active\mapgen_ai\dev\Source\MapGen\TextRegionPrompt.cs(41,277): error CS1044: for 문, using 문, fixed 문, 선언문 등에는 둘 이상의 형식을 사용할 수 없습니다. [F:\Projects\Rimworld\active\mapgen_ai\dev\Source\MapGenAI.csproj]
F:\Projects\Rimworld\active\mapgen_ai\dev\Source\MapGen\TextRegionPrompt.cs(41,287): error CS1003: 구문 오류입니다. ','이(가) 필요합니다. [F:\Projects\Rimworld\active\mapgen_ai\dev\Source\MapGenAI.csproj]
F:\Projects\Rimworld\active\mapgen_ai\dev\Source\MapGen\TextRegionPrompt.cs(42,25): error CS1002: ;이 필요합니다. [F:\Projects\Rimworld\active\mapgen_ai\dev\Source\MapGenAI.csproj]
F:\Projects\Rimworld\active\mapgen_ai\dev\Source\MapGen\TextRegionPrompt.cs(42,25): error CS1022: 형식이나 네임스페이스 정의 또는 파일 끝(EOF)이 필요합니다. [F:\Projects\Rimworld\active\mapgen_ai\dev\Source\MapGenAI.csproj]
F:\Projects\Rimworld\active\mapgen_ai\dev\Source\MapGen\TextRegionPrompt.cs(42,41): error CS1002: ;이 필요합니다. [F:\Projects\Rimworld\active\mapgen_ai\dev\Source\MapGenAI.csproj]
F:\Projects\Rimworld\active\mapgen_ai\dev\Source\MapGen\TextRegionPrompt.cs(42,41): error CS1022: 형식이나 네임스페이스 정의 또는 파일 끝(EOF)이 필요합니다. [F:\Projects\Rimworld\active\mapgen_ai\dev\Source\MapGenAI.csproj]
F:\Projects\Rimworld\active\mapgen_ai\dev\Source\MapGen\TextRegionPrompt.cs(42,64): error CS0116: 네임스페이스는 필드, 메서드 또는 문과 같은 멤버를 직접 포함할 수 없습니다. [F:\Projects\Rimworld\active\mapgen_ai\dev\Source\MapGenAI.csproj]
F:\Projects\Rimworld\active\mapgen_ai\dev\Source\MapGen\TextRegionPrompt.cs(42,65): error CS1022: 형식이나 네임스페이스 정의 또는 파일 끝(EOF)이 필요합니다. [F:\Projects\Rimworld\active\mapgen_ai\dev\Source\MapGenAI.csproj]
F:\Projects\Rimworld\active\mapgen_ai\dev\Source\MapGen\TextRegionPrompt.cs(42,81): error CS1002: ;이 필요합니다. [F:\Projects\Rimworld\active\mapgen_ai\dev\Source\MapGenAI.csproj]
F:\Projects\Rimworld\active\mapgen_ai\dev\Source\MapGen\TextRegionPrompt.cs(42,81): error CS1022: 형식이나 네임스페이스 정의 또는 파일 끝(EOF)이 필요합니다. [F:\Projects\Rimworld\active\mapgen_ai\dev\Source\MapGenAI.csproj]
F:\Projects\Rimworld\active\mapgen_ai\dev\Source\MapGen\TextRegionPrompt.cs(42,95): error CS1002: ;이 필요합니다. [F:\Projects\Rimworld\active\mapgen_ai\dev\Source\MapGenAI.csproj]
F:\Projects\Rimworld\active\mapgen_ai\dev\Source\MapGen\TextRegionPrompt.cs(42,110): error CS1003: 구문 오류입니다. ','이(가) 필요합니다. [F:\Projects\Rimworld\active\mapgen_ai\dev\Source\MapGenAI.csproj]
F:\Projects\Rimworld\active\mapgen_ai\dev\Source\MapGen\TextRegionPrompt.cs(42,117): error CS1056: 예기치 않은 '±' 문자입니다. [F:\Projects\Rimworld\active\mapgen_ai\dev\Source\MapGenAI.csproj]
F:\Projects\Rimworld\active\mapgen_ai\dev\Source\MapGen\TextRegionPrompt.cs(43,34): error CS1003: 구문 오류입니다. '='이(가) 필요합니다. [F:\Projects\Rimworld\active\mapgen_ai\dev\Source\MapGenAI.csproj]
F:\Projects\Rimworld\active\mapgen_ai\dev\Source\MapGen\TextRegionPrompt.cs(43,46): error CS1003: 구문 오류입니다. ','이(가) 필요합니다. [F:\Projects\Rimworld\active\mapgen_ai\dev\Source\MapGenAI.csproj]
F:\Projects\Rimworld\active\mapgen_ai\dev\Source\MapGen\TextRegionPrompt.cs(43,54): error CS1002: ;이 필요합니다. [F:\Projects\Rimworld\active\mapgen_ai\dev\Source\MapGenAI.csproj]
F:\Projects\Rimworld\active\mapgen_ai\dev\Source\MapGen\TextRegionPrompt.cs(43,54): error CS1022: 형식이나 네임스페이스 정의 또는 파일 끝(EOF)이 필요합니다. [F:\Projects\Rimworld\active\mapgen_ai\dev\Source\MapGenAI.csproj]
F:\Projects\Rimworld\active\mapgen_ai\dev\Source\MapGen\TextRegionPrompt.cs(43,59): error CS1002: ;이 필요합니다. [F:\Projects\Rimworld\active\mapgen_ai\dev\Source\MapGenAI.csproj]
F:\Projects\Rimworld\active\mapgen_ai\dev\Source\MapGen\TextRegionPrompt.cs(43,61): error CS1002: ;이 필요합니다. [F:\Projects\Rimworld\active\mapgen_ai\dev\Source\MapGenAI.csproj]
F:\Projects\Rimworld\active\mapgen_ai\dev\Source\MapGen\TextRegionPrompt.cs(43,63): error CS1002: ;이 필요합니다. [F:\Projects\Rimworld\active\mapgen_ai\dev\Source\MapGenAI.csproj]
F:\Projects\Rimworld\active\mapgen_ai\dev\Source\MapGen\TextRegionPrompt.cs(43,63): error CS1513: }가 필요합니다. [F:\Projects\Rimworld\active\mapgen_ai\dev\Source\MapGenAI.csproj]
F:\Projects\Rimworld\active\mapgen_ai\dev\Source\MapGen\TextRegionPrompt.cs(43,66): error CS1002: ;이 필요합니다. [F:\Projects\Rimworld\active\mapgen_ai\dev\Source\MapGenAI.csproj]
F:\Projects\Rimworld\active\mapgen_ai\dev\Source\MapGen\TextRegionPrompt.cs(43,72): error CS1002: ;이 필요합니다. [F:\Projects\Rimworld\active\mapgen_ai\dev\Source\MapGenAI.csproj]
F:\Projects\Rimworld\active\mapgen_ai\dev\Source\MapGen\TextRegionPrompt.cs(43,74): error CS1002: ;이 필요합니다. [F:\Projects\Rimworld\active\mapgen_ai\dev\Source\MapGenAI.csproj]
F:\Projects\Rimworld\active\mapgen_ai\dev\Source\MapGen\TextRegionPrompt.cs(43,74): error CS1513: }가 필요합니다. [F:\Projects\Rimworld\active\mapgen_ai\dev\Source\MapGenAI.csproj]
F:\Projects\Rimworld\active\mapgen_ai\dev\Source\MapGen\TextRegionPrompt.cs(43,77): error CS1002: ;이 필요합니다. [F:\Projects\Rimworld\active\mapgen_ai\dev\Source\MapGenAI.csproj]
F:\Projects\Rimworld\active\mapgen_ai\dev\Source\MapGen\TextRegionPrompt.cs(43,79): error CS1002: ;이 필요합니다. [F:\Projects\Rimworld\active\mapgen_ai\dev\Source\MapGenAI.csproj]
F:\Projects\Rimworld\active\mapgen_ai\dev\Source\MapGen\TextRegionPrompt.cs(43,81): error CS1002: ;이 필요합니다. [F:\Projects\Rimworld\active\mapgen_ai\dev\Source\MapGenAI.csproj]
F:\Projects\Rimworld\active\mapgen_ai\dev\Source\MapGen\TextRegionPrompt.cs(43,81): error CS1513: }가 필요합니다. [F:\Projects\Rimworld\active\mapgen_ai\dev\Source\MapGenAI.csproj]
F:\Projects\Rimworld\active\mapgen_ai\dev\Source\MapGen\TextRegionPrompt.cs(43,84): error CS1002: ;이 필요합니다. [F:\Projects\Rimworld\active\mapgen_ai\dev\Source\MapGenAI.csproj]
F:\Projects\Rimworld\active\mapgen_ai\dev\Source\MapGen\TextRegionPrompt.cs(43,91): error CS1002: ;이 필요합니다. [F:\Projects\Rimworld\active\mapgen_ai\dev\Source\MapGenAI.csproj]
F:\Projects\Rimworld\active\mapgen_ai\dev\Source\MapGen\TextRegionPrompt.cs(43,93): error CS1002: ;이 필요합니다. [F:\Projects\Rimworld\active\mapgen_ai\dev\Source\MapGenAI.csproj]
F:\Projects\Rimworld\active\mapgen_ai\dev\Source\MapGen\TextRegionPrompt.cs(43,93): error CS1513: }가 필요합니다. [F:\Projects\Rimworld\active\mapgen_ai\dev\Source\MapGenAI.csproj]
F:\Projects\Rimworld\active\mapgen_ai\dev\Source\MapGen\TextRegionPrompt.cs(43,96): error CS1002: ;이 필요합니다. [F:\Projects\Rimworld\active\mapgen_ai\dev\Source\MapGenAI.csproj]
F:\Projects\Rimworld\active\mapgen_ai\dev\Source\MapGen\TextRegionPrompt.cs(43,103): error CS1002: ;이 필요합니다. [F:\Projects\Rimworld\active\mapgen_ai\dev\Source\MapGenAI.csproj]
F:\Projects\Rimworld\active\mapgen_ai\dev\Source\MapGen\TextRegionPrompt.cs(43,105): error CS1002: ;이 필요합니다. [F:\Projects\Rimworld\active\mapgen_ai\dev\Source\MapGenAI.csproj]
F:\Projects\Rimworld\active\mapgen_ai\dev\Source\MapGen\TextRegionPrompt.cs(43,105): error CS1513: }가 필요합니다. [F:\Projects\Rimworld\active\mapgen_ai\dev\Source\MapGenAI.csproj]
F:\Projects\Rimworld\active\mapgen_ai\dev\Source\MapGen\TextRegionPrompt.cs(43,109): error CS1002: ;이 필요합니다. [F:\Projects\Rimworld\active\mapgen_ai\dev\Source\MapGenAI.csproj]
F:\Projects\Rimworld\active\mapgen_ai\dev\Source\MapGen\TextRegionPrompt.cs(43,114): error CS1002: ;이 필요합니다. [F:\Projects\Rimworld\active\mapgen_ai\dev\Source\MapGenAI.csproj]
F:\Projects\Rimworld\active\mapgen_ai\dev\Source\MapGen\TextRegionPrompt.cs(43,116): error CS1002: ;이 필요합니다. [F:\Projects\Rimworld\active\mapgen_ai\dev\Source\MapGenAI.csproj]
F:\Projects\Rimworld\active\mapgen_ai\dev\Source\MapGen\TextRegionPrompt.cs(43,116): error CS1513: }가 필요합니다. [F:\Projects\Rimworld\active\mapgen_ai\dev\Source\MapGenAI.csproj]
F:\Projects\Rimworld\active\mapgen_ai\dev\Source\MapGen\TextRegionPrompt.cs(43,118): error CS1002: ;이 필요합니다. [F:\Projects\Rimworld\active\mapgen_ai\dev\Source\MapGenAI.csproj]
F:\Projects\Rimworld\active\mapgen_ai\dev\Source\MapGen\TextRegionPrompt.cs(43,120): error CS1022: 형식이나 네임스페이스 정의 또는 파일 끝(EOF)이 필요합니다. [F:\Projects\Rimworld\active\mapgen_ai\dev\Source\MapGenAI.csproj]
F:\Projects\Rimworld\active\mapgen_ai\dev\Source\MapGen\TextRegionPrompt.cs(43,133): error CS1002: ;이 필요합니다. [F:\Projects\Rimworld\active\mapgen_ai\dev\Source\MapGenAI.csproj]
F:\Projects\Rimworld\active\mapgen_ai\dev\Source\MapGen\TextRegionPrompt.cs(43,135): error CS1002: ;이 필요합니다. [F:\Projects\Rimworld\active\mapgen_ai\dev\Source\MapGenAI.csproj]
F:\Projects\Rimworld\active\mapgen_ai\dev\Source\MapGen\TextRegionPrompt.cs(43,137): error CS1002: ;이 필요합니다. [F:\Projects\Rimworld\active\mapgen_ai\dev\Source\MapGenAI.csproj]
F:\Projects\Rimworld\active\mapgen_ai\dev\Source\MapGen\TextRegionPrompt.cs(43,137): error CS1513: }가 필요합니다. [F:\Projects\Rimworld\active\mapgen_ai\dev\Source\MapGenAI.csproj]
F:\Projects\Rimworld\active\mapgen_ai\dev\Source\MapGen\TextRegionPrompt.cs(43,140): error CS1002: ;이 필요합니다. [F:\Projects\Rimworld\active\mapgen_ai\dev\Source\MapGenAI.csproj]
F:\Projects\Rimworld\active\mapgen_ai\dev\Source\MapGen\TextRegionPrompt.cs(43,146): error CS1002: ;이 필요합니다. [F:\Projects\Rimworld\active\mapgen_ai\dev\Source\MapGenAI.csproj]
F:\Projects\Rimworld\active\mapgen_ai\dev\Source\MapGen\TextRegionPrompt.cs(43,148): error CS1002: ;이 필요합니다. [F:\Projects\Rimworld\active\mapgen_ai\dev\Source\MapGenAI.csproj]
F:\Projects\Rimworld\active\mapgen_ai\dev\Source\MapGen\TextRegionPrompt.cs(43,148): error CS1513: }가 필요합니다. [F:\Projects\Rimworld\active\mapgen_ai\dev\Source\MapGenAI.csproj]
F:\Projects\Rimworld\active\mapgen_ai\dev\Source\MapGen\TextRegionPrompt.cs(43,151): error CS1002: ;이 필요합니다. [F:\Projects\Rimworld\active\mapgen_ai\dev\Source\MapGenAI.csproj]
F:\Projects\Rimworld\active\mapgen_ai\dev\Source\MapGen\TextRegionPrompt.cs(43,153): error CS1002: ;이 필요합니다. [F:\Projects\Rimworld\active\mapgen_ai\dev\Source\MapGenAI.csproj]
F:\Projects\Rimworld\active\mapgen_ai\dev\Source\MapGen\TextRegionPrompt.cs(43,155): error CS1002: ;이 필요합니다. [F:\Projects\Rimworld\active\mapgen_ai\dev\Source\MapGenAI.csproj]
F:\Projects\Rimworld\active\mapgen_ai\dev\Source\MapGen\TextRegionPrompt.cs(43,155): error CS1513: }가 필요합니다. [F:\Projects\Rimworld\active\mapgen_ai\dev\Source\MapGenAI.csproj]
F:\Projects\Rimworld\active\mapgen_ai\dev\Source\MapGen\TextRegionPrompt.cs(43,158): error CS1002: ;이 필요합니다. [F:\Projects\Rimworld\active\mapgen_ai\dev\Source\MapGenAI.csproj]
F:\Projects\Rimworld\active\mapgen_ai\dev\Source\MapGen\TextRegionPrompt.cs(43,165): error CS1002: ;이 필요합니다. [F:\Projects\Rimworld\active\mapgen_ai\dev\Source\MapGenAI.csproj]
F:\Projects\Rimworld\active\mapgen_ai\dev\Source\MapGen\TextRegionPrompt.cs(43,167): error CS1002: ;이 필요합니다. [F:\Projects\Rimworld\active\mapgen_ai\dev\Source\MapGenAI.csproj]
F:\Projects\Rimworld\active\mapgen_ai\dev\Source\MapGen\TextRegionPrompt.cs(43,168): error CS1022: 형식이나 네임스페이스 정의 또는 파일 끝(EOF)이 필요합니다. [F:\Projects\Rimworld\active\mapgen_ai\dev\Source\MapGenAI.csproj]
F:\Projects\Rimworld\active\mapgen_ai\dev\Source\MapGen\TextRegionPrompt.cs(43,185): error CS1003: 구문 오류입니다. '='이(가) 필요합니다. [F:\Projects\Rimworld\active\mapgen_ai\dev\Source\MapGenAI.csproj]
F:\Projects\Rimworld\active\mapgen_ai\dev\Source\MapGen\TextRegionPrompt.cs(43,256): error CS1003: 구문 오류입니다. ','이(가) 필요합니다. [F:\Projects\Rimworld\active\mapgen_ai\dev\Source\MapGenAI.csproj]
F:\Projects\Rimworld\active\mapgen_ai\dev\Source\MapGen\TextRegionPrompt.cs(43,269): error CS1044: for 문, using 문, fixed 문, 선언문 등에는 둘 이상의 형식을 사용할 수 없습니다. [F:\Projects\Rimworld\active\mapgen_ai\dev\Source\MapGenAI.csproj]
F:\Projects\Rimworld\active\mapgen_ai\dev\Source\MapGen\TextRegionPrompt.cs(43,273): error CS1003: 구문 오류입니다. ','이(가) 필요합니다. [F:\Projects\Rimworld\active\mapgen_ai\dev\Source\MapGenAI.csproj]
F:\Projects\Rimworld\active\mapgen_ai\dev\Source\MapGen\TextRegionPrompt.cs(44,185): error CS1002: ;이 필요합니다. [F:\Projects\Rimworld\active\mapgen_ai\dev\Source\MapGenAI.csproj]
F:\Projects\Rimworld\active\mapgen_ai\dev\Source\MapGen\TextRegionPrompt.cs(44,185): error CS1022: 형식이나 네임스페이스 정의 또는 파일 끝(EOF)이 필요합니다. [F:\Projects\Rimworld\active\mapgen_ai\dev\Source\MapGenAI.csproj]
F:\Projects\Rimworld\active\mapgen_ai\dev\Source\MapGen\TextRegionPrompt.cs(44,188): error CS1002: ;이 필요합니다. [F:\Projects\Rimworld\active\mapgen_ai\dev\Source\MapGenAI.csproj]
F:\Projects\Rimworld\active\mapgen_ai\dev\Source\MapGen\TextRegionPrompt.cs(44,191): error CS1001: 식별자가 필요합니다. [F:\Projects\Rimworld\active\mapgen_ai\dev\Source\MapGenAI.csproj]
F:\Projects\Rimworld\active\mapgen_ai\dev\Source\MapGen\TextRegionPrompt.cs(44,193): error CS1044: for 문, using 문, fixed 문, 선언문 등에는 둘 이상의 형식을 사용할 수 없습니다. [F:\Projects\Rimworld\active\mapgen_ai\dev\Source\MapGenAI.csproj]
F:\Projects\Rimworld\active\mapgen_ai\dev\Source\MapGen\TextRegionPrompt.cs(44,201): error CS1003: 구문 오류입니다. ','이(가) 필요합니다. [F:\Projects\Rimworld\active\mapgen_ai\dev\Source\MapGenAI.csproj]
F:\Projects\Rimworld\active\mapgen_ai\dev\Source\MapGen\TextRegionPrompt.cs(45,101): error CS1044: for 문, using 문, fixed 문, 선언문 등에는 둘 이상의 형식을 사용할 수 없습니다. [F:\Projects\Rimworld\active\mapgen_ai\dev\Source\MapGenAI.csproj]
F:\Projects\Rimworld\active\mapgen_ai\dev\Source\MapGen\TextRegionPrompt.cs(45,104): error CS1003: 구문 오류입니다. ','이(가) 필요합니다. [F:\Projects\Rimworld\active\mapgen_ai\dev\Source\MapGenAI.csproj]
F:\Projects\Rimworld\active\mapgen_ai\dev\Source\MapGen\TextRegionPrompt.cs(46,19): error CS1002: ;이 필요합니다. [F:\Projects\Rimworld\active\mapgen_ai\dev\Source\MapGenAI.csproj]
F:\Projects\Rimworld\active\mapgen_ai\dev\Source\MapGen\TextRegionPrompt.cs(46,19): error CS1022: 형식이나 네임스페이스 정의 또는 파일 끝(EOF)이 필요합니다. [F:\Projects\Rimworld\active\mapgen_ai\dev\Source\MapGenAI.csproj]
F:\Projects\Rimworld\active\mapgen_ai\dev\Source\MapGen\TextRegionPrompt.cs(46,33): error CS1002: ;이 필요합니다. [F:\Projects\Rimworld\active\mapgen_ai\dev\Source\MapGenAI.csproj]
F:\Projects\Rimworld\active\mapgen_ai\dev\Source\MapGen\TextRegionPrompt.cs(46,39): error CS1002: ;이 필요합니다. [F:\Projects\Rimworld\active\mapgen_ai\dev\Source\MapGenAI.csproj]
F:\Projects\Rimworld\active\mapgen_ai\dev\Source\MapGen\TextRegionPrompt.cs(46,41): error CS1002: ;이 필요합니다. [F:\Projects\Rimworld\active\mapgen_ai\dev\Source\MapGenAI.csproj]
F:\Projects\Rimworld\active\mapgen_ai\dev\Source\MapGen\TextRegionPrompt.cs(46,41): error CS1513: }가 필요합니다. [F:\Projects\Rimworld\active\mapgen_ai\dev\Source\MapGenAI.csproj]
F:\Projects\Rimworld\active\mapgen_ai\dev\Source\MapGen\TextRegionPrompt.cs(46,44): error CS1002: ;이 필요합니다. [F:\Projects\Rimworld\active\mapgen_ai\dev\Source\MapGenAI.csproj]
F:\Projects\Rimworld\active\mapgen_ai\dev\Source\MapGen\TextRegionPrompt.cs(46,49): error CS1002: ;이 필요합니다. [F:\Projects\Rimworld\active\mapgen_ai\dev\Source\MapGenAI.csproj]
F:\Projects\Rimworld\active\mapgen_ai\dev\Source\MapGen\TextRegionPrompt.cs(46,51): error CS1002: ;이 필요합니다. [F:\Projects\Rimworld\active\mapgen_ai\dev\Source\MapGenAI.csproj]
F:\Projects\Rimworld\active\mapgen_ai\dev\Source\MapGen\TextRegionPrompt.cs(46,51): error CS1513: }가 필요합니다. [F:\Projects\Rimworld\active\mapgen_ai\dev\Source\MapGenAI.csproj]
F:\Projects\Rimworld\active\mapgen_ai\dev\Source\MapGen\TextRegionPrompt.cs(46,54): error CS1002: ;이 필요합니다. [F:\Projects\Rimworld\active\mapgen_ai\dev\Source\MapGenAI.csproj]
F:\Projects\Rimworld\active\mapgen_ai\dev\Source\MapGen\TextRegionPrompt.cs(46,66): error CS1002: ;이 필요합니다. [F:\Projects\Rimworld\active\mapgen_ai\dev\Source\MapGenAI.csproj]
F:\Projects\Rimworld\active\mapgen_ai\dev\Source\MapGen\TextRegionPrompt.cs(46,68): error CS1002: ;이 필요합니다. [F:\Projects\Rimworld\active\mapgen_ai\dev\Source\MapGenAI.csproj]
F:\Projects\Rimworld\active\mapgen_ai\dev\Source\MapGen\TextRegionPrompt.cs(46,68): error CS1513: }가 필요합니다. [F:\Projects\Rimworld\active\mapgen_ai\dev\Source\MapGenAI.csproj]
F:\Projects\Rimworld\active\mapgen_ai\dev\Source\MapGen\TextRegionPrompt.cs(46,70): error CS1002: ;이 필요합니다. [F:\Projects\Rimworld\active\mapgen_ai\dev\Source\MapGenAI.csproj]
F:\Projects\Rimworld\active\mapgen_ai\dev\Source\MapGen\TextRegionPrompt.cs(46,70): error CS1513: }가 필요합니다. [F:\Projects\Rimworld\active\mapgen_ai\dev\Source\MapGenAI.csproj]
F:\Projects\Rimworld\active\mapgen_ai\dev\Source\MapGen\TextRegionPrompt.cs(46,73): error CS1002: ;이 필요합니다. [F:\Projects\Rimworld\active\mapgen_ai\dev\Source\MapGenAI.csproj]
F:\Projects\Rimworld\active\mapgen_ai\dev\Source\MapGen\TextRegionPrompt.cs(46,85): error CS1002: ;이 필요합니다. [F:\Projects\Rimworld\active\mapgen_ai\dev\Source\MapGenAI.csproj]
F:\Projects\Rimworld\active\mapgen_ai\dev\Source\MapGen\TextRegionPrompt.cs(46,87): error CS1002: ;이 필요합니다. [F:\Projects\Rimworld\active\mapgen_ai\dev\Source\MapGenAI.csproj]
F:\Projects\Rimworld\active\mapgen_ai\dev\Source\MapGen\TextRegionPrompt.cs(46,87): error CS1513: }가 필요합니다. [F:\Projects\Rimworld\active\mapgen_ai\dev\Source\MapGenAI.csproj]
F:\Projects\Rimworld\active\mapgen_ai\dev\Source\MapGen\TextRegionPrompt.cs(46,90): error CS1002: ;이 필요합니다. [F:\Projects\Rimworld\active\mapgen_ai\dev\Source\MapGenAI.csproj]
F:\Projects\Rimworld\active\mapgen_ai\dev\Source\MapGen\TextRegionPrompt.cs(46,90): error CS1513: }가 필요합니다. [F:\Projects\Rimworld\active\mapgen_ai\dev\Source\MapGenAI.csproj]
F:\Projects\Rimworld\active\mapgen_ai\dev\Source\MapGen\TextRegionPrompt.cs(46,93): error CS1002: ;이 필요합니다. [F:\Projects\Rimworld\active\mapgen_ai\dev\Source\MapGenAI.csproj]
F:\Projects\Rimworld\active\mapgen_ai\dev\Source\MapGen\TextRegionPrompt.cs(46,97): error CS1002: ;이 필요합니다. [F:\Projects\Rimworld\active\mapgen_ai\dev\Source\MapGenAI.csproj]
F:\Projects\Rimworld\active\mapgen_ai\dev\Source\MapGen\TextRegionPrompt.cs(46,99): error CS1002: ;이 필요합니다. [F:\Projects\Rimworld\active\mapgen_ai\dev\Source\MapGenAI.csproj]
F:\Projects\Rimworld\active\mapgen_ai\dev\Source\MapGen\TextRegionPrompt.cs(46,99): error CS1513: }가 필요합니다. [F:\Projects\Rimworld\active\mapgen_ai\dev\Source\MapGenAI.csproj]
F:\Projects\Rimworld\active\mapgen_ai\dev\Source\MapGen\TextRegionPrompt.cs(46,102): error CS1002: ;이 필요합니다. [F:\Projects\Rimworld\active\mapgen_ai\dev\Source\MapGenAI.csproj]
F:\Projects\Rimworld\active\mapgen_ai\dev\Source\MapGen\TextRegionPrompt.cs(46,106): error CS1002: ;이 필요합니다. [F:\Projects\Rimworld\active\mapgen_ai\dev\Source\MapGenAI.csproj]
F:\Projects\Rimworld\active\mapgen_ai\dev\Source\MapGen\TextRegionPrompt.cs(46,108): error CS1002: ;이 필요합니다. [F:\Projects\Rimworld\active\mapgen_ai\dev\Source\MapGenAI.csproj]
F:\Projects\Rimworld\active\mapgen_ai\dev\Source\MapGen\TextRegionPrompt.cs(46,123): error CS1003: 구문 오류입니다. ','이(가) 필요합니다. [F:\Projects\Rimworld\active\mapgen_ai\dev\Source\MapGenAI.csproj]
F:\Projects\Rimworld\active\mapgen_ai\dev\Source\MapGen\TextRegionPrompt.cs(46,187): error CS1044: for 문, using 문, fixed 문, 선언문 등에는 둘 이상의 형식을 사용할 수 없습니다. [F:\Projects\Rimworld\active\mapgen_ai\dev\Source\MapGenAI.csproj]
F:\Projects\Rimworld\active\mapgen_ai\dev\Source\MapGen\TextRegionPrompt.cs(46,190): error CS1003: 구문 오류입니다. ','이(가) 필요합니다. [F:\Projects\Rimworld\active\mapgen_ai\dev\Source\MapGenAI.csproj]
F:\Projects\Rimworld\active\mapgen_ai\dev\Source\MapGen\TextRegionPrompt.cs(46,212): error CS1002: ;이 필요합니다. [F:\Projects\Rimworld\active\mapgen_ai\dev\Source\MapGenAI.csproj]
F:\Projects\Rimworld\active\mapgen_ai\dev\Source\MapGen\TextRegionPrompt.cs(46,212): error CS1022: 형식이나 네임스페이스 정의 또는 파일 끝(EOF)이 필요합니다. [F:\Projects\Rimworld\active\mapgen_ai\dev\Source\MapGenAI.csproj]
F:\Projects\Rimworld\active\mapgen_ai\dev\Source\MapGen\TextRegionPrompt.cs(46,227): error CS1003: 구문 오류입니다. ','이(가) 필요합니다. [F:\Projects\Rimworld\active\mapgen_ai\dev\Source\MapGenAI.csproj]
F:\Projects\Rimworld\active\mapgen_ai\dev\Source\MapGen\TextRegionPrompt.cs(46,233): error CS1002: ;이 필요합니다. [F:\Projects\Rimworld\active\mapgen_ai\dev\Source\MapGenAI.csproj]
F:\Projects\Rimworld\active\mapgen_ai\dev\Source\MapGen\TextRegionPrompt.cs(46,233): error CS1022: 형식이나 네임스페이스 정의 또는 파일 끝(EOF)이 필요합니다. [F:\Projects\Rimworld\active\mapgen_ai\dev\Source\MapGenAI.csproj]
F:\Projects\Rimworld\active\mapgen_ai\dev\Source\MapGen\TextRegionPrompt.cs(46,240): error CS1001: 식별자가 필요합니다. [F:\Projects\Rimworld\active\mapgen_ai\dev\Source\MapGenAI.csproj]
F:\Projects\Rimworld\active\mapgen_ai\dev\Source\MapGen\TextRegionPrompt.cs(46,251): error CS1528: ; 또는 =가 필요합니다. 선언에서는 생성자 인수를 지정할 수 없습니다. [F:\Projects\Rimworld\active\mapgen_ai\dev\Source\MapGenAI.csproj]
F:\Projects\Rimworld\active\mapgen_ai\dev\Source\MapGen\TextRegionPrompt.cs(46,251): error CS1003: 구문 오류입니다. '['이(가) 필요합니다. [F:\Projects\Rimworld\active\mapgen_ai\dev\Source\MapGenAI.csproj]
F:\Projects\Rimworld\active\mapgen_ai\dev\Source\MapGen\TextRegionPrompt.cs(46,258): error CS1003: 구문 오류입니다. ','이(가) 필요합니다. [F:\Projects\Rimworld\active\mapgen_ai\dev\Source\MapGenAI.csproj]
F:\Projects\Rimworld\active\mapgen_ai\dev\Source\MapGen\TextRegionPrompt.cs(46,267): error CS1003: 구문 오류입니다. ','이(가) 필요합니다. [F:\Projects\Rimworld\active\mapgen_ai\dev\Source\MapGenAI.csproj]
F:\Projects\Rimworld\active\mapgen_ai\dev\Source\MapGen\TextRegionPrompt.cs(46,271): error CS1003: 구문 오류입니다. ']'이(가) 필요합니다. [F:\Projects\Rimworld\active\mapgen_ai\dev\Source\MapGenAI.csproj]
F:\Projects\Rimworld\active\mapgen_ai\dev\Source\MapGen\TextRegionPrompt.cs(46,286): error CS1528: ; 또는 =가 필요합니다. 선언에서는 생성자 인수를 지정할 수 없습니다. [F:\Projects\Rimworld\active\mapgen_ai\dev\Source\MapGenAI.csproj]
F:\Projects\Rimworld\active\mapgen_ai\dev\Source\MapGen\TextRegionPrompt.cs(46,286): error CS1003: 구문 오류입니다. '['이(가) 필요합니다. [F:\Projects\Rimworld\active\mapgen_ai\dev\Source\MapGenAI.csproj]
F:\Projects\Rimworld\active\mapgen_ai\dev\Source\MapGen\TextRegionPrompt.cs(46,293): error CS1003: 구문 오류입니다. ','이(가) 필요합니다. [F:\Projects\Rimworld\active\mapgen_ai\dev\Source\MapGenAI.csproj]
F:\Projects\Rimworld\active\mapgen_ai\dev\Source\MapGen\TextRegionPrompt.cs(46,302): error CS1003: 구문 오류입니다. ','이(가) 필요합니다. [F:\Projects\Rimworld\active\mapgen_ai\dev\Source\MapGenAI.csproj]
F:\Projects\Rimworld\active\mapgen_ai\dev\Source\MapGen\TextRegionPrompt.cs(46,305): error CS1003: 구문 오류입니다. ','이(가) 필요합니다. [F:\Projects\Rimworld\active\mapgen_ai\dev\Source\MapGenAI.csproj]
F:\Projects\Rimworld\active\mapgen_ai\dev\Source\MapGen\TextRegionPrompt.cs(46,309): error CS1003: 구문 오류입니다. ','이(가) 필요합니다. [F:\Projects\Rimworld\active\mapgen_ai\dev\Source\MapGenAI.csproj]
F:\Projects\Rimworld\active\mapgen_ai\dev\Source\MapGen\TextRegionPrompt.cs(46,319): error CS1003: 구문 오류입니다. ','이(가) 필요합니다. [F:\Projects\Rimworld\active\mapgen_ai\dev\Source\MapGenAI.csproj]
F:\Projects\Rimworld\active\mapgen_ai\dev\Source\MapGen\TextRegionPrompt.cs(46,325): error CS1003: 구문 오류입니다. ']'이(가) 필요합니다. [F:\Projects\Rimworld\active\mapgen_ai\dev\Source\MapGenAI.csproj]
F:\Projects\Rimworld\active\mapgen_ai\dev\Source\MapGen\TextRegionPrompt.cs(46,326): error CS1003: 구문 오류입니다. ','이(가) 필요합니다. [F:\Projects\Rimworld\active\mapgen_ai\dev\Source\MapGenAI.csproj]
F:\Projects\Rimworld\active\mapgen_ai\dev\Source\MapGen\TextRegionPrompt.cs(46,333): error CS1002: ;이 필요합니다. [F:\Projects\Rimworld\active\mapgen_ai\dev\Source\MapGenAI.csproj]
F:\Projects\Rimworld\active\mapgen_ai\dev\Source\MapGen\TextRegionPrompt.cs(46,333): error CS1022: 형식이나 네임스페이스 정의 또는 파일 끝(EOF)이 필요합니다. [F:\Projects\Rimworld\active\mapgen_ai\dev\Source\MapGenAI.csproj]
F:\Projects\Rimworld\active\mapgen_ai\dev\Source\MapGen\TextRegionPrompt.cs(46,366): error CS1002: ;이 필요합니다. [F:\Projects\Rimworld\active\mapgen_ai\dev\Source\MapGenAI.csproj]
F:\Projects\Rimworld\active\mapgen_ai\dev\Source\MapGen\TextRegionPrompt.cs(46,376): error CS1001: 식별자가 필요합니다. [F:\Projects\Rimworld\active\mapgen_ai\dev\Source\MapGenAI.csproj]
F:\Projects\Rimworld\active\mapgen_ai\dev\Source\MapGen\TextRegionPrompt.cs(46,376): error CS1003: 구문 오류입니다. ','이(가) 필요합니다. [F:\Projects\Rimworld\active\mapgen_ai\dev\Source\MapGenAI.csproj]
F:\Projects\Rimworld\active\mapgen_ai\dev\Source\MapGen\TextRegionPrompt.cs(46,409): error CS1044: for 문, using 문, fixed 문, 선언문 등에는 둘 이상의 형식을 사용할 수 없습니다. [F:\Projects\Rimworld\active\mapgen_ai\dev\Source\MapGenAI.csproj]
F:\Projects\Rimworld\active\mapgen_ai\dev\Source\MapGen\TextRegionPrompt.cs(46,413): error CS1003: 구문 오류입니다. ','이(가) 필요합니다. [F:\Projects\Rimworld\active\mapgen_ai\dev\Source\MapGenAI.csproj]
F:\Projects\Rimworld\active\mapgen_ai\dev\Source\MapGen\TextRegionPrompt.cs(46,485): error CS1044: for 문, using 문, fixed 문, 선언문 등에는 둘 이상의 형식을 사용할 수 없습니다. [F:\Projects\Rimworld\active\mapgen_ai\dev\Source\MapGenAI.csproj]
F:\Projects\Rimworld\active\mapgen_ai\dev\Source\MapGen\TextRegionPrompt.cs(46,491): error CS1003: 구문 오류입니다. ','이(가) 필요합니다. [F:\Projects\Rimworld\active\mapgen_ai\dev\Source\MapGenAI.csproj]
F:\Projects\Rimworld\active\mapgen_ai\dev\Source\MapGen\TextRegionPrompt.cs(47,46): error CS1002: ;이 필요합니다. [F:\Projects\Rimworld\active\mapgen_ai\dev\Source\MapGenAI.csproj]
F:\Projects\Rimworld\active\mapgen_ai\dev\Source\MapGen\TextRegionPrompt.cs(47,46): error CS1022: 형식이나 네임스페이스 정의 또는 파일 끝(EOF)이 필요합니다. [F:\Projects\Rimworld\active\mapgen_ai\dev\Source\MapGenAI.csproj]
F:\Projects\Rimworld\active\mapgen_ai\dev\Source\MapGen\TextRegionPrompt.cs(47,50): error CS1002: ;이 필요합니다. [F:\Projects\Rimworld\active\mapgen_ai\dev\Source\MapGenAI.csproj]
F:\Projects\Rimworld\active\mapgen_ai\dev\Source\MapGen\TextRegionPrompt.cs(47,56): error CS1002: ;이 필요합니다. [F:\Projects\Rimworld\active\mapgen_ai\dev\Source\MapGenAI.csproj]
F:\Projects\Rimworld\active\mapgen_ai\dev\Source\MapGen\TextRegionPrompt.cs(47,58): error CS1002: ;이 필요합니다. [F:\Projects\Rimworld\active\mapgen_ai\dev\Source\MapGenAI.csproj]
F:\Projects\Rimworld\active\mapgen_ai\dev\Source\MapGen\TextRegionPrompt.cs(47,58): error CS1513: }가 필요합니다. [F:\Projects\Rimworld\active\mapgen_ai\dev\Source\MapGenAI.csproj]
F:\Projects\Rimworld\active\mapgen_ai\dev\Source\MapGen\TextRegionPrompt.cs(47,61): error CS1002: ;이 필요합니다. [F:\Projects\Rimworld\active\mapgen_ai\dev\Source\MapGenAI.csproj]
F:\Projects\Rimworld\active\mapgen_ai\dev\Source\MapGen\TextRegionPrompt.cs(47,72): error CS1002: ;이 필요합니다. [F:\Projects\Rimworld\active\mapgen_ai\dev\Source\MapGenAI.csproj]
F:\Projects\Rimworld\active\mapgen_ai\dev\Source\MapGen\TextRegionPrompt.cs(47,74): error CS1002: ;이 필요합니다. [F:\Projects\Rimworld\active\mapgen_ai\dev\Source\MapGenAI.csproj]
F:\Projects\Rimworld\active\mapgen_ai\dev\Source\MapGen\TextRegionPrompt.cs(47,74): error CS1513: }가 필요합니다. [F:\Projects\Rimworld\active\mapgen_ai\dev\Source\MapGenAI.csproj]
F:\Projects\Rimworld\active\mapgen_ai\dev\Source\MapGen\TextRegionPrompt.cs(47,77): error CS1002: ;이 필요합니다. [F:\Projects\Rimworld\active\mapgen_ai\dev\Source\MapGenAI.csproj]
F:\Projects\Rimworld\active\mapgen_ai\dev\Source\MapGen\TextRegionPrompt.cs(47,89): error CS1002: ;이 필요합니다. [F:\Projects\Rimworld\active\mapgen_ai\dev\Source\MapGenAI.csproj]
F:\Projects\Rimworld\active\mapgen_ai\dev\Source\MapGen\TextRegionPrompt.cs(47,91): error CS1002: ;이 필요합니다. [F:\Projects\Rimworld\active\mapgen_ai\dev\Source\MapGenAI.csproj]
F:\Projects\Rimworld\active\mapgen_ai\dev\Source\MapGen\TextRegionPrompt.cs(47,91): error CS1513: }가 필요합니다. [F:\Projects\Rimworld\active\mapgen_ai\dev\Source\MapGenAI.csproj]
F:\Projects\Rimworld\active\mapgen_ai\dev\Source\MapGen\TextRegionPrompt.cs(47,93): error CS1002: ;이 필요합니다. [F:\Projects\Rimworld\active\mapgen_ai\dev\Source\MapGenAI.csproj]
F:\Projects\Rimworld\active\mapgen_ai\dev\Source\MapGen\TextRegionPrompt.cs(47,93): error CS1513: }가 필요합니다. [F:\Projects\Rimworld\active\mapgen_ai\dev\Source\MapGenAI.csproj]
F:\Projects\Rimworld\active\mapgen_ai\dev\Source\MapGen\TextRegionPrompt.cs(47,96): error CS1002: ;이 필요합니다. [F:\Projects\Rimworld\active\mapgen_ai\dev\Source\MapGenAI.csproj]
F:\Projects\Rimworld\active\mapgen_ai\dev\Source\MapGen\TextRegionPrompt.cs(47,108): error CS1002: ;이 필요합니다. [F:\Projects\Rimworld\active\mapgen_ai\dev\Source\MapGenAI.csproj]
F:\Projects\Rimworld\active\mapgen_ai\dev\Source\MapGen\TextRegionPrompt.cs(47,110): error CS1002: ;이 필요합니다. [F:\Projects\Rimworld\active\mapgen_ai\dev\Source\MapGenAI.csproj]
F:\Projects\Rimworld\active\mapgen_ai\dev\Source\MapGen\TextRegionPrompt.cs(47,110): error CS1513: }가 필요합니다. [F:\Projects\Rimworld\active\mapgen_ai\dev\Source\MapGenAI.csproj]
F:\Projects\Rimworld\active\mapgen_ai\dev\Source\MapGen\TextRegionPrompt.cs(47,112): error CS1002: ;이 필요합니다. [F:\Projects\Rimworld\active\mapgen_ai\dev\Source\MapGenAI.csproj]
F:\Projects\Rimworld\active\mapgen_ai\dev\Source\MapGen\TextRegionPrompt.cs(47,113): error CS1022: 형식이나 네임스페이스 정의 또는 파일 끝(EOF)이 필요합니다. [F:\Projects\Rimworld\active\mapgen_ai\dev\Source\MapGenAI.csproj]
F:\Projects\Rimworld\active\mapgen_ai\dev\Source\MapGen\TextRegionPrompt.cs(47,126): error CS1003: 구문 오류입니다. ','이(가) 필요합니다. [F:\Projects\Rimworld\active\mapgen_ai\dev\Source\MapGenAI.csproj]
F:\Projects\Rimworld\active\mapgen_ai\dev\Source\MapGen\TextRegionPrompt.cs(47,213): error CS1003: 구문 오류입니다. '='이(가) 필요합니다. [F:\Projects\Rimworld\active\mapgen_ai\dev\Source\MapGenAI.csproj]
F:\Projects\Rimworld\active\mapgen_ai\dev\Source\MapGen\TextRegionPrompt.cs(47,236): error CS1003: 구문 오류입니다. ','이(가) 필요합니다. [F:\Projects\Rimworld\active\mapgen_ai\dev\Source\MapGenAI.csproj]
F:\Projects\Rimworld\active\mapgen_ai\dev\Source\MapGen\TextRegionPrompt.cs(47,287): error CS1003: 구문 오류입니다. ','이(가) 필요합니다. [F:\Projects\Rimworld\active\mapgen_ai\dev\Source\MapGenAI.csproj]
F:\Projects\Rimworld\active\mapgen_ai\dev\Source\MapGen\TextRegionPrompt.cs(47,350): error CS1003: 구문 오류입니다. ','이(가) 필요합니다. [F:\Projects\Rimworld\active\mapgen_ai\dev\Source\MapGenAI.csproj]
F:\Projects\Rimworld\active\mapgen_ai\dev\Source\MapGen\TextRegionPrompt.cs(47,388): error CS1002: ;이 필요합니다. [F:\Projects\Rimworld\active\mapgen_ai\dev\Source\MapGenAI.csproj]
F:\Projects\Rimworld\active\mapgen_ai\dev\Source\MapGen\TextRegionPrompt.cs(47,388): error CS1022: 형식이나 네임스페이스 정의 또는 파일 끝(EOF)이 필요합니다. [F:\Projects\Rimworld\active\mapgen_ai\dev\Source\MapGenAI.csproj]
F:\Projects\Rimworld\active\mapgen_ai\dev\Source\MapGen\TextRegionPrompt.cs(47,394): error CS1002: ;이 필요합니다. [F:\Projects\Rimworld\active\mapgen_ai\dev\Source\MapGenAI.csproj]
F:\Projects\Rimworld\active\mapgen_ai\dev\Source\MapGen\TextRegionPrompt.cs(47,403): error CS1003: 구문 오류입니다. ','이(가) 필요합니다. [F:\Projects\Rimworld\active\mapgen_ai\dev\Source\MapGenAI.csproj]
F:\Projects\Rimworld\active\mapgen_ai\dev\Source\MapGen\TextRegionPrompt.cs(47,404): error CS1002: ;이 필요합니다. [F:\Projects\Rimworld\active\mapgen_ai\dev\Source\MapGenAI.csproj]
F:\Projects\Rimworld\active\mapgen_ai\dev\Source\MapGen\TextRegionPrompt.cs(48,12): error CS1002: ;이 필요합니다. [F:\Projects\Rimworld\active\mapgen_ai\dev\Source\MapGenAI.csproj]
F:\Projects\Rimworld\active\mapgen_ai\dev\Source\MapGen\TextRegionPrompt.cs(48,32): error CS1002: ;이 필요합니다. [F:\Projects\Rimworld\active\mapgen_ai\dev\Source\MapGenAI.csproj]
F:\Projects\Rimworld\active\mapgen_ai\dev\Source\MapGen\TextRegionPrompt.cs(48,66): error CS1002: ;이 필요합니다. [F:\Projects\Rimworld\active\mapgen_ai\dev\Source\MapGenAI.csproj]
F:\Projects\Rimworld\active\mapgen_ai\dev\Source\MapGen\TextRegionPrompt.cs(48,80): error CS1003: 구문 오류입니다. '='이(가) 필요합니다. [F:\Projects\Rimworld\active\mapgen_ai\dev\Source\MapGenAI.csproj]
F:\Projects\Rimworld\active\mapgen_ai\dev\Source\MapGen\TextRegionPrompt.cs(48,116): error CS1003: 구문 오류입니다. ','이(가) 필요합니다. [F:\Projects\Rimworld\active\mapgen_ai\dev\Source\MapGenAI.csproj]
F:\Projects\Rimworld\active\mapgen_ai\dev\Source\MapGen\TextRegionPrompt.cs(48,265): error CS1003: 구문 오류입니다. '='이(가) 필요합니다. [F:\Projects\Rimworld\active\mapgen_ai\dev\Source\MapGenAI.csproj]
F:\Projects\Rimworld\active\mapgen_ai\dev\Source\MapGen\TextRegionPrompt.cs(48,275): error CS1003: 구문 오류입니다. ','이(가) 필요합니다. [F:\Projects\Rimworld\active\mapgen_ai\dev\Source\MapGenAI.csproj]
F:\Projects\Rimworld\active\mapgen_ai\dev\Source\MapGen\TextRegionPrompt.cs(49,7): error CS1056: 예기치 않은 '\' 문자입니다. [F:\Projects\Rimworld\active\mapgen_ai\dev\Source\MapGenAI.csproj]
F:\Projects\Rimworld\active\mapgen_ai\dev\Source\MapGen\TextRegionPrompt.cs(49,70): error CS1002: ;이 필요합니다. [F:\Projects\Rimworld\active\mapgen_ai\dev\Source\MapGenAI.csproj]
F:\Projects\Rimworld\active\mapgen_ai\dev\Source\MapGen\TextRegionPrompt.cs(49,70): error CS1022: 형식이나 네임스페이스 정의 또는 파일 끝(EOF)이 필요합니다. [F:\Projects\Rimworld\active\mapgen_ai\dev\Source\MapGenAI.csproj]
F:\Projects\Rimworld\active\mapgen_ai\dev\Source\MapGen\TextRegionPrompt.cs(49,71): error CS1056: 예기치 않은 '\' 문자입니다. [F:\Projects\Rimworld\active\mapgen_ai\dev\Source\MapGenAI.csproj]
F:\Projects\Rimworld\active\mapgen_ai\dev\Source\MapGen\TextRegionPrompt.cs(49,73): error CS1001: 식별자가 필요합니다. [F:\Projects\Rimworld\active\mapgen_ai\dev\Source\MapGenAI.csproj]
F:\Projects\Rimworld\active\mapgen_ai\dev\Source\MapGen\TextRegionPrompt.cs(49,73): error CS1010: 상수에 줄 바꿈 문자가 있습니다. [F:\Projects\Rimworld\active\mapgen_ai\dev\Source\MapGenAI.csproj]
F:\Projects\Rimworld\active\mapgen_ai\dev\Source\MapGen\TextRegionPrompt.cs(49,104): error CS1002: ;이 필요합니다. [F:\Projects\Rimworld\active\mapgen_ai\dev\Source\MapGenAI.csproj]
F:\Projects\Rimworld\active\mapgen_ai\dev\Source\MapGen\TextRegionPrompt.cs(50,5): error CS1022: 형식이나 네임스페이스 정의 또는 파일 끝(EOF)이 필요합니다. [F:\Projects\Rimworld\active\mapgen_ai\dev\Source\MapGenAI.csproj]
F:\Projects\Rimworld\active\mapgen_ai\dev\Source\MapGen\TextRegionPrompt.cs(51,1): error CS1022: 형식이나 네임스페이스 정의 또는 파일 끝(EOF)이 필요합니다. [F:\Projects\Rimworld\active\mapgen_ai\dev\Source\MapGenAI.csproj]
    경고 0개
    오류 1001개

경과 시간: 00:00:00.51
